num_training_step_calls_per_iteration,num_env_steps_sampled_lifetime,done,training_iteration,trial_id,date,timestamp,time_this_iter_s,time_total_s,pid,hostname,node_ip,time_since_restore,iterations_since_restore,timers/training_iteration,timers/restore_env_runners,timers/training_step,timers/env_runner_sampling_timer,timers/learner_update_timer,timers/synch_weights,env_runners/episode_len_min,env_runners/env_reset_timer,env_runners/episode_return_min,env_runners/env_step_timer,env_runners/episode_len_max,env_runners/num_episodes,env_runners/episode_len_mean,env_runners/env_to_module_sum_episodes_length_out,env_runners/rlmodule_inference_timer,env_runners/episode_return_max,env_runners/episode_duration_sec_mean,env_runners/num_env_steps_sampled,env_runners/episode_return_mean,env_runners/sample,env_runners/num_env_steps_sampled_lifetime,env_runners/num_episodes_lifetime,env_runners/weights_seq_no,env_runners/env_to_module_sum_episodes_length_in,env_runners/num_env_steps_sampled_lifetime_throughput,fault_tolerance/num_healthy_workers,fault_tolerance/num_remote_worker_restarts,env_runner_group/actor_manager_num_outstanding_async_reqs,perf/cpu_util_percent,perf/ram_util_percent,env_runners/env_to_module_connector/connector_pipeline_timer,env_runners/num_module_steps_sampled/default_policy,env_runners/num_agent_steps_sampled_lifetime/default_agent,env_runners/agent_episode_return_mean/default_agent,env_runners/num_module_steps_sampled_lifetime/default_policy,env_runners/module_to_env_connector/connector_pipeline_timer,env_runners/num_agent_steps_sampled/default_agent,env_runners/module_episode_return_mean/default_policy,learners/__all_modules__/num_env_steps_trained,learners/__all_modules__/num_module_steps_trained,learners/__all_modules__/num_non_trainable_parameters,learners/__all_modules__/num_module_steps_trained_lifetime,learners/__all_modules__/learner_connector_sum_episodes_length_out,learners/__all_modules__/num_env_steps_trained_lifetime,learners/__all_modules__/learner_connector_sum_episodes_length_in,learners/__all_modules__/num_trainable_parameters,learners/__all_modules__/num_env_steps_trained_lifetime_throughput,learners/__all_modules__/num_module_steps_trained_throughput,learners/__all_modules__/num_module_steps_trained_lifetime_throughput,learners/default_policy/gradients_default_optimizer_global_norm,learners/default_policy/curr_entropy_coeff,learners/default_policy/total_loss,learners/default_policy/vf_loss_unclipped,learners/default_policy/vf_explained_var,learners/default_policy/module_train_batch_size_mean,learners/default_policy/curr_kl_coeff,learners/default_policy/default_optimizer_learning_rate,learners/default_policy/mean_kl_loss,learners/default_policy/num_module_steps_trained,learners/default_policy/vf_loss,learners/default_policy/diff_num_grad_updates_vs_sampler_policy,learners/default_policy/weights_seq_no,learners/default_policy/num_module_steps_trained_lifetime,learners/default_policy/policy_loss,learners/default_policy/num_trainable_parameters,learners/default_policy/entropy,learners/default_policy/num_module_steps_trained_lifetime_throughput,learners/__all_modules__/learner_connector/connector_pipeline_timer,env_runners/env_to_module_connector/timers/connectors/numpy_to_tensor,env_runners/env_to_module_connector/timers/connectors/add_time_dim_to_batch_and_zero_pad,env_runners/env_to_module_connector/timers/connectors/add_observations_from_episodes_to_batch,env_runners/env_to_module_connector/timers/connectors/batch_individual_items,env_runners/env_to_module_connector/timers/connectors/add_states_from_episodes_to_batch,env_runners/module_to_env_connector/timers/connectors/get_actions,env_runners/module_to_env_connector/timers/connectors/un_batch_to_individual_items,env_runners/module_to_env_connector/timers/connectors/listify_data_for_vector_env,env_runners/module_to_env_connector/timers/connectors/remove_single_ts_time_rank_from_batch,env_runners/module_to_env_connector/timers/connectors/normalize_and_clip_actions,env_runners/module_to_env_connector/timers/connectors/tensor_to_numpy,learners/__all_modules__/learner_connector/timers/connectors/add_observations_from_episodes_to_batch,learners/__all_modules__/learner_connector/timers/connectors/add_columns_from_episodes_to_train_batch,learners/__all_modules__/learner_connector/timers/connectors/add_one_ts_to_episodes_and_truncate,learners/__all_modules__/learner_connector/timers/connectors/batch_individual_items,learners/__all_modules__/learner_connector/timers/connectors/add_states_from_episodes_to_batch,learners/__all_modules__/learner_connector/timers/connectors/numpy_to_tensor,learners/__all_modules__/learner_connector/timers/connectors/add_time_dim_to_batch_and_zero_pad,learners/__all_modules__/learner_connector/timers/connectors/general_advantage_estimation
1,4000,False,1,09227_00000,2025-12-04_15-23-54,1764842034,38.99894571304321,38.99894571304321,11988,LAPTOP-HQRQ0VAR,127.0.0.1,38.99894571304321,1,38.98308670000006,4.310000031182426e-05,38.98195820000001,18.64494859999968,20.327808000000005,0.007391799999822979,2276,0.0029085000001032313,4936.855850219708,0.0006345859916046295,2276,1,2276.0,1625.0000673090874,0.0006933475608881108,4936.855850219708,10.43393930000002,4000,4936.855850219708,18.55545209999991,4000,1,0.0,1625.0000673090874,213.93445835475282,1,0,0,67.48392857142856,87.51607142857142,0.0006411557098575349,4000,4000,4936.855850219708,4000,0.0018680362933631873,4000,4936.855850219708,3753876,120064,0,120064,4002,3753876,4000,138244,188260.15767353447,6024.144652691066,6023.486866515598,1.144747,0.0,9.694844,285088.34,-0.0002219677,128.0,0.30000001192092896,5e-05,0.026413877,120064,9.924754,1.0,1.0,120064,-0.23519258,138244,1.0611172,6024.74070244394,0.6173673999996936,0.00014733933228280765,1.1349098346783199e-05,2.7713565651981882e-05,7.164234605176827e-05,6.921338652101572e-06,0.0007455739391495036,7.573621094103274e-05,0.0001399714187260736,8.133410791727737e-06,0.0001184218438027077,0.00021205156372312273,0.00011750000021493179,0.25940970000010566,0.007935399999951187,0.2858627000000524,0.0001337000003331923,0.0010982999997395382,8.819999993647798e-05,0.06106520000003002
1,8000,False,2,09227_00000,2025-12-04_15-24-33,1764842073,38.65761423110962,77.65655994415283,11988,LAPTOP-HQRQ0VAR,127.0.0.1,77.65655994415283,2,38.979694460000054,4.2967000308635764e-05,38.97856573200001,18.648016353999683,20.321350592,0.007390439999826412,2276,0.0029085000001032313,4936.855850219708,0.0005236107699359286,2276,2,2276.0,1073.0172761232443,0.0005154096334381356,6075.504051208509,10.483341066666677,4000,5661.8729298909575,18.55854950699991,8000,3,1.0,1073.0172761232443,213.65226274267033,1,0,0,65.71428571428571,88.33035714285714,0.0007142165307730202,4000,8000,5661.8729298909575,8000,0.0018739955168441535,4000,5661.8729298909575,3758817,120192,0,240256,4002.01,7512693,4000.0,138244,188790.50740718364,6041.034371062986,6040.402446312621,2.2513757,0.0,10.121501,291551.4,0.0010478497,128.0,0.30000001192092896,5e-05,0.0119867055,120192,10.0,1.0,2.0,240256,0.11790434,138244,1.0407653,6041.594302712268,0.6162957809996943,0.0001529663728622722,1.1073262770772102e-05,3.439061000295081e-05,7.371842210162884e-05,7.90685218905841e-06,0.0007393110538164302,7.683557670158878e-05,0.0001310745344774494,7.869447395019873e-06,0.00011761788116275017,0.00021153771779470644,0.00011834800021460978,0.2590071750001061,0.00794136699995306,0.28537719200005085,0.00013262500033306424,0.001091880999742898,8.822299993425986e-05,0.060888243000031254
1,12000,False,3,09227_00000,2025-12-04_15-25-13,1764842113,39.596805572509766,117.2533655166626,11988,LAPTOP-HQRQ0VAR,127.0.0.1,117.2533655166626,3,38.98578243640005,4.2855330307702396e-05,38.98465292068001,18.649512838459685,20.32594891308,0.0073828055998302255,2276,0.0029085000001032313,4936.855850219708,0.0005490806689035089,2276,2,2276.0,525.4342367371406,0.0005298935389739866,16699.28245544436,10.454195959999925,4000,8861.440335083014,18.55977340392991,12000,5,2.0,525.4342367371406,213.12135390937448,1,0,0,64.33508771929826,89.20350877192983,0.0007414709764777182,4000,12000,8861.440335083014,12000,0.0020004463449166806,4000,8861.440335083014,3758817,120192,0,360448,4002.0199000000002,11271510,4000.0,138244,189768.78030694005,6072.061380565378,6071.4701328352385,3.518572,0.0,9.962293,744966.2,0.0020724535,128.0,0.30000001192092896,5e-05,0.009852847,120192,9.921913,1.0,3.0,360448,0.037424676,138244,1.0161786,6072.619741795998,0.6154214201896961,0.00015139499826162433,1.2721730373706355e-05,3.125611834588809e-05,8.340583909525643e-05,8.695537893860238e-06,0.0007897603202587731,8.205363020037825e-05,0.00014228319756643272,8.860589534565384e-06,0.00012209040015708766,0.00022274078045716713,0.00011936652021304326,0.25881513925010463,0.007965682329955733,0.28486891308005285,0.0001315187503269044,0.001086058189745336,8.794176993646942e-05,0.06069894757003217
1,16000,False,4,09227_00000,2025-12-04_15-25-51,1764842151,37.541051149368286,154.79441666603088,11988,LAPTOP-HQRQ0VAR,127.0.0.1,154.79441666603088,4,38.97127246303605,4.278677700371646e-05,38.97014303147321,18.63657377207509,20.3244386439492,0.00733320854383407,2276,0.0029085000001032313,2741.449005126902,0.0005293538952692263,2276,2,2276.0,1107.1289171758626,0.0005197129895767275,16699.28245544436,10.259196514285643,4000,7586.662124633788,18.546613746890614,16000,7,3.0,1107.1289171758626,212.36980070698408,1,0,0,64.57735849056603,90.09433962264147,0.0007268721615760894,4000,16000,7586.662124633788,16000,0.0018989522546496557,4000,7586.662124633788,3758817,120192,0,480640,4002.0297010000004,15030327,4000.0,138244,200955.63816007148,6429.555797640516,6428.969382441312,3.4620056,0.0,10.00621,294830.47,0.0013025403,128.0,0.30000001192092896,5e-05,0.009014147,120192,10.0,1.0,4.0,480640,0.0035051182,138244,1.0198236,6430.04884307454,0.6145830969877993,0.00014939423503388828,1.1270020459002116e-05,2.9814947075720768e-05,7.858012443923632e-05,8.828308220513225e-06,0.0007414323376778823,7.938737238615119e-05,0.0001315292315952535,7.967355534828192e-06,0.00011890403208332974,0.00020958490463164148,0.00011929785500977777,0.25874762785760147,0.007971528506656419,0.284302740949251,0.00013043956282440377,0.0010789906078486518,8.763535223463485e-05,0.060502170094333445
1,20000,False,5,09227_00000,2025-12-04_15-26-06,1764842166,15.28088116645813,170.075297832489,11988,LAPTOP-HQRQ0VAR,127.0.0.1,170.075297832489,5,38.73430589540569,4.2507909235917905e-05,38.73318250615848,18.517695294354333,20.20641153750971,0.007288413458398599,2276,0.0029085000001032313,2741.449005126902,0.0001957473764739253,2276,1,2276.0,1693.0000329685322,0.00018363496086056964,16699.28245544436,9.477735462499936,4000,7573.17862606048,18.428175748421705,20000,8,4.0,1693.0000329685322,211.52965534537853,1,0,0,61.16818181818181,90.73181818181818,0.0002664459797560039,4000,20000,7573.17862606048,20000,0.0006929709549986458,4000,7573.17862606048,3753876,120064,0,600704,4002.0294039900004,18784203,4000.0,138244,215069.5755976847,6880.740574618862,6880.250728022815,3.9025376,0.0,9.97377,233805.4,0.0012483597,128.0,0.15000000596046448,5e-05,0.0047944877,120064,9.935019,1.0,5.0,600704,0.037313707,138244,1.0226008,6881.151287743538,0.6139825730179189,5.305174735823731e-05,4.333201232364436e-06,1.1289757054186279e-05,2.8130842239038996e-05,3.187062793716531e-06,0.00026827752562117336,2.9058068689676748e-05,4.849526016838323e-05,2.7369828797299726e-06,4.4689737343530795e-05,7.766067696354432e-05,0.00011893387646020177,0.2572529825790263,0.007934438221590808,0.2854905485397572,0.00012924116719384573,0.0010806647017714385,8.716099871286516e-05,0.060253312393389914
1,24000,False,6,09227_00000,2025-12-04_15-26-21,1764842181,14.172106504440308,184.24740433692932,11988,LAPTOP-HQRQ0VAR,127.0.0.1,184.24740433692932,6,38.48864437345163,4.2265830140936646e-05,38.4875274910969,18.39472245641079,20.083791819134614,0.007237077323814325,2276,0.0029085000001032313,2741.449005126902,0.00018237092355989778,2276,2,2276.0,1141.0087224708382,0.00017163173961572478,16699.28245544436,8.291194799999948,4000,8062.04676437377,18.305683531937486,24000,10,5.0,1141.0087224708382,210.91500101918828,1,0,0,56.67,90.60499999999999,0.00026167225065623244,4000,24000,8062.04676437377,24000,0.0006746627693450325,4000,8062.04676437377,3758817,120192,0,720896,4002.0391099501007,22543020,4000.0,138244,227651.11962620815,7282.799048986418,7282.360582080242,3.772939,0.0,9.93145,660427.25,-0.0010129213,128.0,0.15000000596046448,5e-05,0.013757316,120192,9.923223,1.0,6.0,720896,0.00616307,138244,1.0504953,7283.226979801261,0.6096443192877391,5.106597181311994e-05,3.919000933430906e-06,1.1522423830948394e-05,2.8859190927445884e-05,2.843978756461904e-06,0.00026127616295213704,2.7082257085051007e-05,4.783814484376357e-05,2.8151686154756835e-06,4.167118759520801e-05,7.405730458618769e-05,0.00011836653769334724,0.2555567887532327,0.007887121839375438,0.2833948420543588,0.00012802875552170529,0.0010715610547518118,8.660338872926384e-05,0.05977793626945773
1,28000,False,7,09227_00000,2025-12-04_15-26-35,1764842195,14.133021593093872,198.3804259300232,11988,LAPTOP-HQRQ0VAR,127.0.0.1,198.3804259300232,7,38.24502662971711,4.201117184092211e-05,38.24391603818593,18.274602530846682,19.960353602943268,0.007194761550578176,2276,0.0029085000001032313,2741.449005126902,0.00016429050526352328,2276,2,2276.0,591.2387835561159,0.0001645651225830833,16699.28245544436,7.50909109999994,4000,8197.213586171458,18.186028204618115,28000,12,6.0,591.2387835561159,210.52602275086147,1,0,0,60.43809523809523,90.46190476190475,0.00023301454195053705,4000,28000,8197.213586171458,28000,0.0006038748707411348,4000,8197.213586171458,3758817,120192,0,841088,4002.0487188506,26301837,4000.0,138244,240895.153881118,7706.53675682427,7706.005436780336,5.8184237,0.0,9.908237,473033.7,-0.0050007105,128.0,0.15000000596046448,5e-05,0.015308395,120192,9.953059,1.0,7.0,841088,-0.0471189,138244,1.0570707,7707.045730202051,0.6065049040948625,4.6501469836598664e-05,3.376349742750429e-06,9.57514396483763e-06,2.4497990895787463e-05,2.8564691016284024e-06,0.00023144017679505244,2.5331566632066218e-05,4.3098843699216976e-05,2.5730790033113542e-06,3.7999793116891586e-05,6.878093425288922e-05,0.00011779587231384291,0.25438294486570295,0.007839827620981425,0.28177752563381575,0.00012683546796956547,0.0010646984442071851,8.604735484232539e-05,0.059496362906760844
1,32000,False,8,09227_00000,2025-12-04_15-26-50,1764842210,14.39897894859314,212.77940487861633,11988,LAPTOP-HQRQ0VAR,127.0.0.1,212.77940487861633,8,38.00649017141994,4.1789060120421366e-05,38.00538548180407,18.156436358538215,19.840038435913836,0.007155256935072451,2276,0.0029085000001032313,2741.449005126902,0.0001949203661216505,2276,2,2276.0,611.6252299006246,0.0011472856804679895,16699.28245544436,6.931671192857103,4000,7979.5059830801765,18.068293298571938,32000,14,7.0,611.6252299006246,210.34761490726217,1,0,0,55.125,91.11999999999999,0.00027352034658519096,4000,32000,7979.5059830801765,32000,0.0007227087917757416,4000,7979.5059830801765,3758817,120192,0,961280,4002.058231662094,30060654,4000.0,138244,253868.2904197482,8121.092762633027,8120.575059045238,7.6279817,0.0,9.98285,381791.66,-0.0033336878,128.0,0.22500000894069672,5e-05,0.020773059,120192,9.933004,1.0,8.0,961280,0.04672979,138244,1.0261687,8121.819172344404,0.6027704470539123,5.3866891849366767e-05,3.938327126359626e-06,1.1731459624052145e-05,2.9168243669094534e-05,3.0742576437367168e-06,0.00027379113909304064,3.024317627315357e-05,5.19281235623551e-05,2.9670233247291844e-06,4.582814217864753e-05,8.271823120438392e-05,0.00011749191358827047,0.25305599041704596,0.00782765134477199,0.27985175837747833,0.00012569311328977908,0.001058680459765136,8.584588129598999e-05,0.05904397927769478
1,36000,False,9,09227_00000,2025-12-04_15-27-04,1764842224,14.281468629837036,227.06087350845337,11988,LAPTOP-HQRQ0VAR,127.0.0.1,227.06087350845337,9,37.76917750470574,4.149716951912641e-05,37.76807862198602,18.038607915952834,19.720615353554695,0.007109148365719787,2276,0.0029085000001032313,2741.449005126902,0.0001816928283405681,2276,1,2276.0,1761.0000161329497,0.00017868413867394572,16699.28245544436,6.718193133333291,4000,7897.032477823886,17.95064859658622,36000,15,8.0,1761.0000161329497,210.35613064536483,1,0,0,60.404761904761905,84.4952380952381,0.0002596188599033187,4000,36000,7897.032477823886,36000,0.0006798606388279529,4000,7897.032477823886,3753876,120064,0,1081344,4002.057649345473,33814530,4000.0,138244,266749.9607854632,8533.370634862062,8532.762431875934,8.456346,0.0,9.752855,282874.06,-0.005070567,128.0,0.22500000894069672,5e-05,0.010228811,120064,9.922656,1.0,9.0,1081344,-0.17210163,138244,0.98941785,8534.137440398576,0.5992104735833701,5.0649538509909945e-05,3.967545689307882e-06,1.1019173921537815e-05,2.627835942970064e-05,2.8471630560354833e-06,0.0002561030597497796,2.810245513470046e-05,5.0229890312900426e-05,2.6673317640014233e-06,4.35118177361572e-05,7.57223671240676e-05,0.00011692699445425826,0.2516418905128739,0.007794875831323874,0.2780601767937069,0.00012453418215731596,0.001050065655167508,8.52874224845464e-05,0.05874427448491651
1,40000,False,10,09227_00000,2025-12-04_15-27-18,1764842238,14.25808835029602,241.3189618587494,11988,LAPTOP-HQRQ0VAR,127.0.0.1,241.3189618587494,10,37.53406504265868,4.125519782247518e-05,37.532972162766164,17.920920625793308,19.60325885401915,0.007058479882063436,2276,0.0029085000001032313,2741.449005126902,0.0001723675761746535,2276,2,2276.0,1209.0044038524416,0.000161772767512069,16699.28245544436,6.3422709705881815,4000,7733.888777788942,17.833471300620356,40000,17,9.0,1209.0044038524416,210.53691864598196,1,0,0,53.80500000000001,81.78999999999999,0.000250078110771527,4000,40000,7733.888777788942,40000,0.000633945613190717,4000,7733.888777788942,3758817,120192,0,1201536,4002.067072852018,37573347,4000.0,138244,278398.31995454704,8905.178795882983,8904.691930303867,6.861681,0.0,9.857178,327469.6,-0.005870819,128.0,0.22500000894069672,5e-05,0.00816377,120192,9.939635,1.0,10.0,1201536,-0.08429404,138244,0.96502125,8905.733675850883,0.5952413928475365,4.755145835373377e-05,3.712466436859041e-06,1.0136299589908395e-05,2.4984872302519723e-05,2.7420451343848628e-06,0.00024076560700069004,2.690830125973698e-05,4.638624614878439e-05,2.525431194041749e-06,4.0902174606406945e-05,6.962593714700908e-05,0.00011636272450989351,0.2501914596077454,0.00774784407300977,0.2760246000257709,0.00012339584033649583,0.0010427839986160048,8.48105482623896e-05,0.05832877774006773
1,44000,False,11,09227_00000,2025-12-04_15-27-33,1764842253,14.455636501312256,255.77459836006165,11988,LAPTOP-HQRQ0VAR,127.0.0.1,255.77459836006165,11,37.3032364582321,4.0956645843735234e-05,37.3021499711385,17.806213071535375,19.487101153478957,0.007112940083247122,2276,0.0029085000001032313,2741.449005126902,0.00017474637702964726,2276,2,2276.0,658.130330225527,0.00017320580280879162,16699.28245544436,6.0446002210525975,4000,7746.8476490221465,17.71923667361415,44000,19,10.0,658.130330225527,210.8613867956883,1,0,0,56.03333333333334,83.9761904761905,0.00024932550710465525,4000,44000,7746.8476490221465,44000,0.0006546857152345391,4000,7746.8476490221465,3758817,120192,0,1321728,4002.076402123498,41332164,4000.0,138244,289128.5442288847,9247.691608491721,9247.336212822265,7.32661,0.0,9.8624735,505922.5,-0.003509283,128.0,0.22500000894069672,5e-05,0.009680521,120192,9.922168,1.0,11.0,1321728,-0.06187269,138244,0.9376152,9248.16424351012,0.5915267389190594,4.85116466284605e-05,3.8096213173407665e-06,1.044517172545162e-05,2.538935064958304e-05,2.747478014100735e-06,0.00024940851232739346,2.726432477579201e-05,4.753472380417626e-05,2.863634512772484e-06,4.0603621196318686e-05,7.290718533349027e-05,0.00011593909726519999,0.24875055701166807,0.007709614632280964,0.27417390802551306,0.00012226088193208513,0.001035461158630532,8.424744278075144e-05,0.05796383996266715
1,48000,False,12,09227_00000,2025-12-04_15-27-47,1764842267,14.03629755973816,269.8108959197998,11988,LAPTOP-HQRQ0VAR,127.0.0.1,269.8108959197998,12,37.070509632649774,4.066507938340834e-05,37.06942941342711,17.689945145820023,19.370706877944166,0.007065716682411365,2276,0.0029085000001032313,2741.449005126902,0.00016534385445520798,2276,2,2276.0,395.12016991685255,0.0001587852407839679,16699.28245544436,5.797272880952365,4000,7941.762755984346,17.60344480887801,48000,21,11.0,395.12016991685255,211.32692839060098,1,0,0,54.92999999999999,84.41000000000003,0.0002359078728102376,4000,48000,7941.762755984346,48000,0.0006115184598828423,4000,7941.762755984346,3758817,120192,0,1441920,4002.085638102263,45090981,4000.0,138244,299663.369696179,9584.504335254585,9584.120684235571,13.769064,0.0,9.73518,665842.4,-0.0039782524,128.0,0.22500000894069672,5e-05,0.0060227364,120192,9.92228,1.0,12.0,1441920,-0.18845521,138244,0.9469902,9584.902169103207,0.5876385025298712,4.668160831783128e-05,3.4454602277655993e-06,1.0143679273857897e-05,2.5293957892762336e-05,2.6531959476885066e-06,0.0002325501530398096,2.5451019676116e-05,4.431506205275561e-05,2.5330283982561525e-06,3.935762367232226e-05,6.803568752928785e-05,0.000115786706288755,0.2473584124415538,0.007678960485956178,0.2721614289452607,0.0001211342731116124,0.0010267845470429459,8.379296835605704e-05,0.057532089563037264
1,52000,False,13,09227_00000,2025-12-04_15-28-01,1764842281,14.244236946105957,284.05513286590576,11988,LAPTOP-HQRQ0VAR,127.0.0.1,284.05513286590576,13,36.84229525232328,4.037742859075174e-05,36.84122143529284,17.57648067236182,19.25589398316472,0.007145599515586888,2276,0.0029085000001032313,2741.449005126902,0.0001589422957790169,2276,1,2276.0,1829.0000078865964,0.00015277424994283143,16699.28245544436,5.698772313636317,4000,7947.381049763066,17.490358475789225,52000,22,12.0,1829.0000078865964,211.9180013346025,1,0,0,53.34285714285714,83.97619047619045,0.00022857636702911462,4000,52000,7947.381049763066,52000,0.0005883239712039083,4000,7947.381049763066,3753876,120064,0,1561984,4002.0847817212407,48844857,4000.0,138244,310789.46709315275,9940.479302894644,9940.104493622888,7.4852386,0.0,9.824834,460331.44,-0.0017691851,128.0,0.22500000894069672,5e-05,0.012085751,120064,9.921877,1.0,13.0,1561984,-0.099761546,138244,0.94775265,9940.83007085296,0.5836557485045705,4.6571305362554014e-05,3.635798623037843e-06,9.465092946300797e-06,2.309025520690056e-05,2.4522969228583432e-06,0.00022514745170176795,2.4279243322429136e-05,4.15541229785143e-05,2.3048826905604244e-06,3.801629050187088e-05,6.623355211485571e-05,0.00011513483922709103,0.2458440133171398,0.007632185881098712,0.27020818265580715,0.00012000593038040041,0.0010184987015713777,8.32450386751749e-05,0.057085715667409775
1,56000,False,14,09227_00000,2025-12-04_15-28-16,1764842296,14.186014652252197,298.24114751815796,11988,LAPTOP-HQRQ0VAR,127.0.0.1,298.24114751815796,14,36.61574842680005,4.013265430592072e-05,36.614680072939905,17.461881775638204,19.14401341433307,0.007095263520432266,2276,0.0029085000001032313,2741.449005126902,0.00016505044246077388,2276,2,2276.0,1277.002223442954,0.00015468308476820994,16699.28245544436,5.510703199999948,4000,7716.130762100212,17.376276885031334,56000,24,13.0,1277.002223442954,212.62887050899744,1,0,0,53.720000000000006,83.86500000000001,0.00023056285256938056,4000,56000,7716.130762100212,56000,0.0006042181365011737,4000,7716.130762100212,3758817,120192,0,1682176,4002.0939339040283,52603674,4000.0,138244,321039.755120521,10267.910969632523,10267.565769021568,5.83767,0.0,9.896574,338877.28,-0.0005737543,128.0,0.22500000894069672,5e-05,0.015646284,120192,9.923568,1.0,14.0,1682176,-0.030513708,138244,0.98351425,10268.116219181293,0.5818663630195207,4.498321693451127e-05,3.9771699785438205e-06,1.0079747520460946e-05,2.4830176657086e-05,2.998605258923933e-06,0.00023328981242199643,2.4959492500179598e-05,4.4279546493915124e-05,2.3473942959955533e-06,3.8056896048815546e-05,6.745684242491531e-05,0.00011466549083468986,0.24443926418397027,0.007587148022284683,0.27021974182924935,0.00011888987107502008,0.0010103817145590828,8.270258829110158e-05,0.05675555451073188
1,60000,False,15,09227_00000,2025-12-04_15-28-29,1764842309,13.6863694190979,311.92751693725586,11988,LAPTOP-HQRQ0VAR,127.0.0.1,311.92751693725586,15,36.38640928853205,3.984132776372066e-05,36.38534759621051,17.347323889881824,19.029299870189742,0.007045883885227024,2276,0.0029085000001032313,2741.449005126902,0.00015488199709107387,2276,2,2276.0,725.5706877805361,0.0001483277095202801,16699.28245544436,5.346645584615351,4000,7832.063212468066,17.262185869181025,60000,26,14.0,725.5706877805361,213.44486487781256,1,0,0,54.2,84.07999999999997,0.00022223542056079018,4000,60000,7832.063212468066,60000,0.0005792858566010474,4000,7832.063212468066,3758817,120192,0,1802368,4002.102994564988,56362491,4000.0,138244,332729.1196185617,10641.375370853326,10641.11004163756,5.5942636,0.0,10.226264,361787.16,-0.0006504059,128.0,0.22500000894069672,5e-05,0.011738854,120192,10.0,1.0,15.0,1802368,0.22362208,138244,0.9696604,10641.51106208915,0.5780837163893258,4.438413635171594e-05,3.411302930879765e-06,9.37021927784098e-06,2.3022547465117206e-05,2.3452948626710085e-06,0.00022219438233685428,2.425800546461104e-05,4.154258918545943e-05,2.373759676438357e-06,3.6880575674455465e-05,6.370382110255349e-05,0.000114129835926733,0.24308061354213079,0.007542775542063368,0.26824859941095797,0.00011778297236565446,0.001002529897417356,8.218756241013132e-05,0.05636814996562413
1,64000,False,16,09227_00000,2025-12-04_15-28-44,1764842324,14.22952151298523,326.1570384502411,11988,LAPTOP-HQRQ0VAR,127.0.0.1,326.1570384502411,16,36.16473762764673,3.960491448726605e-05,36.16368032524841,17.236303184983004,18.918706868487845,0.007000867046371227,2276,0.0029085000001032313,2741.449005126902,0.0002167085622950546,2276,2,2276.0,319.47757984302194,0.0002028994799434611,16699.28245544436,5.207777749999975,4000,8332.760098866047,17.15151576148921,64000,28,15.0,319.47757984302194,214.36151847944797,1,0,0,56.794999999999995,85.05499999999999,0.000289711789661632,4000,64000,8332.760098866047,64000,0.000766002114317341,4000,8332.760098866047,3758817,120192,0,1922560,4002.1119646193383,60121308,4000.0,138244,340939.51885146735,10903.890378211057,10903.611950463659,11.144011,0.0,9.783171,1455093.5,-0.0021233559,128.0,0.22500000894069672,5e-05,0.011612516,120192,9.922142,1.0,16.0,1922560,-0.14158453,138244,0.9060743,10904.02052901221,0.5747717492254304,5.783319787044841e-05,4.796317823316176e-06,1.2690612678615826e-05,3.047039421085717e-05,3.528108132825013e-06,0.00029782393791500175,3.141650964974733e-05,5.3865416392269684e-05,3.4041721788961825e-06,4.8391338744394756e-05,8.45176983886148e-05,0.00011406653756769984,0.242033516406711,0.007526129786639161,0.26639139241684895,0.00011670614264253872,0.0009947365984402756,8.17176867833223e-05,0.05599620946596661
1,68000,False,17,09227_00000,2025-12-04_15-28-58,1764842338,14.324059009552002,340.4810974597931,11988,LAPTOP-HQRQ0VAR,127.0.0.1,340.4810974597931,17,35.946278284370266,3.9336865343889214e-05,35.94522711699592,17.124932525133175,18.81168428580297,0.006952125375909414,2276,0.0029085000001032313,2741.449005126902,0.00018274319795426354,2276,1,2276.0,1897.000003851216,0.0001749235186567663,16699.28245544436,5.14692618620686,4000,8279.778991699211,17.04060477187432,68000,29,16.0,1897.000003851216,215.35730037266265,1,0,0,53.457142857142856,86.27619047619046,0.00026189351624944984,4000,68000,8279.778991699211,68000,0.0006800758214914303,4000,8279.778991699211,3753876,120064,0,2042624,4002.110844973145,63875184,4000.0,138244,348934.5486775323,11159.68023170719,11159.42644349441,8.832367,0.0,9.949709,305778.34,-0.0016804934,128.0,0.22500000894069672,5e-05,0.010392556,120064,9.848943,1.0,17.0,2042624,0.098427504,138244,0.94147897,11159.81625114016,0.5726429687331771,5.11819237596326e-05,3.870693467321138e-06,1.1048069935147102e-05,2.808718472631948e-05,2.9508296268490737e-06,0.0002624737843397493,2.7551356891190382e-05,4.860924376288148e-05,2.731192045011838e-06,4.24768461977067e-05,7.66658711600053e-05,0.00011356587219495447,0.24062111424264465,0.007496052488773288,0.2660884564926774,0.00011562108121749792,0.0009864882324553351,8.12085099142567e-05,0.055633623371303384
1,72000,False,18,09227_00000,2025-12-04_15-29-13,1764842353,14.69845175743103,355.1795492172241,11988,LAPTOP-HQRQ0VAR,127.0.0.1,355.1795492172241,18,35.73370490452657,3.915749668740891e-05,35.732659214825965,17.016633847881845,18.70746928794494,0.006907137122151022,2276,0.0029085000001032313,2741.449005126902,0.000172110579340298,2276,2,2276.0,1345.0011225849717,0.00016261899183547525,16699.28245544436,5.0379452322580205,4000,8283.661967369813,16.932751956155577,72000,31,17.0,1345.0011225849717,216.40183101308693,1,0,0,56.333333333333336,86.04285714285716,0.00024996570950580225,4000,72000,8283.661967369813,72000,0.0006428023192727344,4000,8283.661967369813,3758817,120192,0,2162816,4002.119736523414,67634001,4000.0,138244,356276.1825996947,11394.441282794987,11394.136174371799,13.348485,0.0,10.020894,462365.22,-0.0017758608,128.0,0.22500000894069672,5e-05,0.014312206,120192,10.0,1.0,18.0,2162816,0.017673938,138244,0.89941734,11394.544695436616,0.5690478260458474,4.7060780757426084e-05,3.6206458541136e-06,1.037373078138109e-05,2.594100328839866e-05,2.6919408000392983e-06,0.00024244392906797892,2.6882173840669068e-05,4.704867894705395e-05,2.720849503534606e-06,4.117665698733686e-05,7.228321555732157e-05,0.00011352421347228921,0.23912012710021646,0.007463856963883881,0.26434892792774956,0.00011454587040818797,0.000978550350133761,8.067842481599377e-05,0.05533091613758926
1,76000,False,19,09227_00000,2025-12-04_15-29-27,1764842367,14.047385215759277,369.2269344329834,11988,LAPTOP-HQRQ0VAR,127.0.0.1,369.2269344329834,19,35.516791852481305,3.8907921719494185e-05,35.515751333677706,16.907888432403027,18.59936632406549,0.006858558750931318,2276,0.0029085000001032313,2741.449005126902,0.00017925660040926195,2276,2,2276.0,793.2881322072941,0.00017081848909840906,16699.28245544436,4.944062318181792,4000,8439.202104973063,16.824430322594026,76000,33,18.0,793.2881322072941,217.48645163763334,1,0,0,54.955000000000005,83.6,0.0002507781270040233,4000,76000,8439.202104973063,76000,0.0006545495088879743,4000,8439.202104973063,3758817,120192,0,2283008,4002.12853915818,71392818,4000.0,138244,363481.13834358193,11625.914408403325,11624.798466231,8.10382,0.0,9.88527,914901.8,-0.0025373697,128.0,0.22500000894069672,5e-05,0.01745368,120192,10.0,1.0,19.0,2283008,-0.11865688,138244,0.919843,11626.189074117377,0.5655803307853858,5.1985096658877555e-05,3.5676220916342067e-06,1.0755644823557581e-05,2.607195949909398e-05,3.0977799684591435e-06,0.0002523034655968536,2.722324909647146e-05,4.6028447931743896e-05,2.612635306081859e-06,4.1414493217054655e-05,7.263132913751861e-05,0.00011327897133872988,0.2379067108292187,0.007436825394246377,0.26258539564846944,0.00011348941170422244,0.0009706818466320172,8.017964056660146e-05,0.05488700797621307
1,80000,False,20,09227_00000,2025-12-04_15-29-42,1764842382,14.401713132858276,383.6286475658417,11988,LAPTOP-HQRQ0VAR,127.0.0.1,383.6286475658417,20,35.30556389095649,3.872684250359308e-05,35.30452692934093,16.802343305079,18.493726185824833,0.006826493163425297,2276,0.0029085000001032313,2741.449005126902,0.00016346125384480016,2276,2,2276.0,314.9544630861685,0.00015428829638455095,16699.28245544436,4.863524742857109,4000,8634.95200369698,16.719328167368083,80000,35,19.0,314.9544630861685,218.61793527763086,1,0,0,58.77619047619047,85.02380952380952,0.0002316809810006533,4000,80000,8634.95200369698,80000,0.0005954951567661458,4000,8634.95200369698,3758817,120192,0,2403200,4002.1372537665984,75151635,4000.0,138244,371908.0620565811,11895.579178774387,11894.257423067424,9.493085,0.0,9.903004,1115124.4,-0.0011804104,128.0,0.22500000894069672,5e-05,0.014992626,120192,10.0,1.0,20.0,2403200,-0.10036875,138244,0.92372155,11895.93221569273,0.5645472084775327,4.671144054528737e-05,3.4227151459336917e-06,9.824676126432903e-06,2.429707948778451e-05,2.909953867200572e-06,0.00022809770441104652,2.4602306089832177e-05,4.3293501467776274e-05,2.364559061175711e-06,3.748797749740882e-05,6.675375395989929e-05,0.00011273018162477762,0.2365601187209283,0.007394504140303607,0.2631498866919829,0.00011292351758608469,0.0009656440281656187,7.986384416448326e-05,0.0546917518964515
1,84000,False,21,09227_00000,2025-12-04_15-29-56,1764842396,14.305515766143799,397.9341633319855,11988,LAPTOP-HQRQ0VAR,127.0.0.1,397.9341633319855,21,35.095554622046926,3.845057407793584e-05,35.09452359004752,16.69564227602821,18.390459379966583,0.006799741231792076,2276,0.0029085000001032313,2741.449005126902,0.0001787203933899814,2276,1,2276.0,1965.0000018784776,0.00017343532817456207,16699.28245544436,4.822852733333308,4000,8483.05039405822,16.6131127036944,84000,36,20.0,1965.0000018784776,219.79198400963242,1,0,0,54.455,84.42999999999999,0.0002544966244848075,4000,84000,8483.05039405822,84000,0.0006704275429112175,4000,8483.05039405822,3753876,120064,0,2523264,4002.1358812289322,78905511,4000.0,138244,375904.48856229725,12024.024150241625,12022.51189278618,13.191779,0.0,9.711622,516480.28,-0.00093591213,128.0,0.22500000894069672,5e-05,0.008611105,120064,9.734457,1.0,21.0,2523264,-0.024772782,138244,0.9153238,12024.75277808024,0.561084953392759,5.3282169554159066e-05,3.6025899334303497e-06,1.0745419003496937e-05,2.6624561449478348e-05,2.7106614557481535e-06,0.00026206108900548284,2.8114530363810482e-05,4.712934749320612e-05,2.651801054348107e-06,4.330188012195664e-05,7.366019342750438e-05,0.00011225687980892502,0.2353589885337163,0.007350762098901736,0.2613475938250616,0.0001120322824125788,0.0009583345878836075,7.960320572216222e-05,0.05429445137748429
1,88000,False,22,09227_00000,2025-12-04_15-30-10,1764842410,14.130822658538818,412.0649859905243,11988,LAPTOP-HQRQ0VAR,127.0.0.1,412.0649859905243,22,34.885851543826455,3.817606833801563e-05,34.88482602114705,16.589327133267926,18.287133466166914,0.006753981819475535,2276,0.0029085000001032313,2741.449005126902,0.00016880289434066607,2276,2,2276.0,1413.00056677731,0.00015950751714760689,23868.084449768096,4.747070039473652,4000,9021.747436724207,16.507248325657454,88000,38,21.0,1413.00056677731,220.99937159853954,1,0,0,58.000000000000014,83.8,0.0002355545815885837,4000,88000,9021.747436724207,88000,0.0006153813374428924,4000,9021.747436724207,3758817,120192,0,2643456,4002.144522416643,82664328,4000.0,138244,380514.4953338719,12171.291991760942,12169.848534344328,12.969702,0.0,10.00467,1196657.5,-0.00030195713,128.0,0.22500000894069672,5e-05,0.0065009478,120192,10.0,1.0,22.0,2643456,0.0032071471,138244,0.9276251,12172.031988721646,0.557727444858832,4.708003915947944e-05,3.697728162308937e-06,1.0275125217806143e-05,2.525777896642131e-05,2.5980448651391594e-06,0.00023750646219953685,2.54258200657821e-05,4.3459418249843544e-05,2.638695418882726e-06,3.899012298190047e-05,6.718515443518418e-05,0.00011180131101017493,0.23414848564837953,0.0073078424779123435,0.259628591886808,0.00011101895958920604,0.0009512292420060185,7.914517366476936e-05,0.05392827586370914
1,92000,False,23,09227_00000,2025-12-04_15-30-26,1764842426,16.07979464530945,428.14478063583374,11988,LAPTOP-HQRQ0VAR,127.0.0.1,428.14478063583374,23,34.69784252538819,3.7918307652958155e-05,34.69682229593558,16.48614464793525,18.202362264505243,0.006712910001277165,2276,0.0029085000001032313,2741.449005126902,0.00020509574614655093,2276,2,2276.0,861.1454738855671,0.00019034337586024442,23868.084449768096,4.682699287499963,4000,9114.083402061457,16.404498677400877,92000,40,22.0,861.1454738855671,222.22922707160097,1,0,0,65.51304347826087,84.76956521739132,0.0002811608848283236,4000,92000,9114.083402061457,92000,0.000733358030700359,4000,9114.083402061457,3758817,120192,0,2763648,4002.1530771924768,86423145,4000.0,138244,384711.9882040867,12305.195344097852,12303.888671434146,10.075588,0.0,9.756745,840649.56,0.001552999,128.0,0.22500000894069672,5e-05,0.01035425,120192,9.925139,1.0,23.0,2763648,-0.1707242,138244,0.8847282,12305.936181070596,0.556238177410244,5.7544414290681374e-05,4.267793000944665e-06,1.2041716420284354e-05,2.843812733972728e-05,3.0862323546921916e-06,0.00028302020463788594,3.0007259622697926e-05,5.2413962265303526e-05,2.9323861521718175e-06,4.6432807579434585e-05,8.332955081509282e-05,0.0001114872979012265,0.23306568979189687,0.007281428053134549,0.2595465559679392,0.00010999276999173765,0.0009445699495822794,7.865372192963797e-05,0.05364750310507079
1,96000,False,24,09227_00000,2025-12-04_15-30-41,1764842441,14.765356302261353,442.9101369380951,11988,LAPTOP-HQRQ0VAR,127.0.0.1,442.9101369380951,24,34.498482775134306,3.775312457793464e-05,34.49746683497623,16.3914826834559,18.097725806860193,0.006666629901266666,2276,0.0029085000001032313,2741.449005126902,0.00015896811639691324,2276,2,2276.0,346.3385648249024,0.0001481083259999491,23868.084449768096,4.645146230952345,4000,9166.327884129108,16.31030977362687,96000,42,23.0,346.3385648249024,223.3733082650679,1,0,0,58.142857142857146,84.49047619047619,0.00022027643623054072,4000,96000,9166.327884129108,96000,0.0005777585621433746,4000,9166.327884129108,3758817,120192,0,2883840,4002.161546420552,90181962,4000.0,138244,392789.8293758769,12563.168265386776,12561.972090185214,14.320136,0.0,9.870673,766470.7,-0.00055646896,128.0,0.22500000894069672,5e-05,0.010384866,120192,9.921907,1.0,24.0,2883840,-0.053570278,138244,0.9315717,12563.815979031428,0.5527901176361437,4.3916599251759045e-05,3.4059794169297355e-06,9.32035375453194e-06,2.28613404966895e-05,2.4384091760608712e-06,0.00022021539187190356,2.4214703423043882e-05,4.1530277169521333e-05,2.3876760179114114e-06,3.68267599264093e-05,6.416326118429402e-05,0.00011097542492080549,0.2316951938939806,0.007239831772606922,0.2578285384082609,0.00010897384229468531,0.0009403612500867632,7.818418470942756e-05,0.05334548607401999
1,100000,False,25,09227_00000,2025-12-04_15-30-57,1764842457,15.599215269088745,458.50935220718384,11988,LAPTOP-HQRQ0VAR,127.0.0.1,458.50935220718384,25,34.30941455738296,3.760059333101879e-05,34.30840238162647,16.28909751862134,18.011083090791594,0.006635362602257052,2276,0.0029085000001032313,2741.449005126902,0.00016517704695059377,2276,1,2276.0,2033.0000009151213,0.0001580370971120836,23868.084449768096,4.61614763953485,4000,9230.062935940048,16.208397216890603,100000,43,24.0,2033.0000009151213,224.56147575657047,1,0,0,63.699999999999996,85.28636363636366,0.00023432560483700035,4000,100000,9230.062935940048,100000,0.0006090443515876074,4000,9230.062935940048,3753876,120064,0,3003904,4002.159930956346,93935838,4000.0,138244,391685.447958148,12527.861629228662,12526.72763239555,8.734517,0.0,9.948962,403116.0,0.0011041164,128.0,0.22500000894069672,5e-05,0.0133014815,120064,9.930196,1.0,25.0,3003904,0.01577355,138244,0.8913905,12528.357413367032,0.5492833624597842,4.5896672595874065e-05,3.3912406740195654e-06,9.840101865951176e-06,2.39745007707257e-05,2.5719350713227875e-06,0.00022969695657649628,2.56397289960402e-05,4.4167495318447295e-05,2.8576728519968083e-06,3.9147778892560065e-05,6.989452094820225e-05,0.00011036067067091611,0.23038652695503886,0.007197507454882003,0.2559745670241774,0.00010798810387238537,0.0009330076375841304,7.776234286142437e-05,0.05306220821328241
1,104000,False,26,09227_00000,2025-12-04_15-31-14,1764842474,16.691961526870728,475.20131373405457,11988,LAPTOP-HQRQ0VAR,127.0.0.1,475.20131373405457,26,34.133275308809125,3.7407587399633995e-05,34.1322665328102,16.198088163435127,17.926002809883673,0.006596742976234718,2276,0.0029085000001032313,2741.449005126902,0.0001875875351953013,2276,2,2276.0,1481.0002861578653,0.00018067786930713647,23868.084449768096,4.578081562222188,4000,9252.925833299418,16.1177253867217,104000,45,25.0,1481.0002861578653,225.6689872254029,1,0,0,60.400000000000006,86.26666666666667,0.0002713771429436846,4000,104000,9252.925833299418,104000,0.0006984690726924922,4000,9252.925833299418,3758817,120192,0,3124096,4002.168331646783,97694655,4000.0,138244,394555.87138480326,12619.587201889157,12618.456549332808,11.635146,0.0,9.776493,591690.06,-0.0004581213,128.0,0.22500000894069672,5e-05,0.009235072,120192,9.845467,1.0,26.0,3124096,-0.071051,138244,0.9238347,12620.10214897128,0.5489807748351837,5.620695258057908e-05,3.894420120875643e-06,1.1028512655148425e-05,2.771011218291347e-05,3.123615766284579e-06,0.0002666566965539954,2.9778588586228362e-05,5.000243661803402e-05,2.9238851411719556e-06,4.436655027466721e-05,7.957215986357312e-05,0.00010991406396470824,0.2293063096854886,0.007159698380333551,0.2569897703539346,0.00010700822283568278,0.0009286375612094086,7.732671943581202e-05,0.05287632913115015
1,108000,False,27,09227_00000,2025-12-04_15-31-30,1764842490,15.771275997161865,490.97258973121643,11988,LAPTOP-HQRQ0VAR,127.0.0.1,490.97258973121643,27,33.949654728721036,3.721651152301557e-05,33.9486494604821,16.105468233800774,17.835056603784835,0.0065548785464730214,2276,0.0029085000001032313,2741.449005126902,0.0001957610817135963,2276,2,2276.0,929.0734477120089,0.00019012810239057838,23868.084449768096,4.548968161702092,4000,9458.206779642302,16.02549158085448,108000,47,26.0,929.0734477120089,226.70781345086584,1,0,0,57.89999999999999,86.69130434782609,0.00028331286569833645,4000,108000,9458.206779642302,108000,0.0007150637409164197,4000,9458.206779642302,3758817,120192,0,3244288,4002.1766483303154,101453472,4000.0,138244,397799.10779570084,12723.332319589426,12722.238967177178,8.771951,0.0,9.746388,1159659.0,-0.0007660389,128.0,0.22500000894069672,5e-05,0.011079606,120192,9.921935,1.0,27.0,3244288,-0.17803952,138244,0.8930482,12723.837428985473,0.5465077640868321,5.644780308740831e-05,4.438771008970263e-06,1.1684701013292067e-05,3.005376890013602e-05,3.066692274567376e-06,0.0002757210738400948,2.9069767678180213e-05,5.053015383958327e-05,3.329671069683757e-06,4.6666169968390345e-05,7.979703718059928e-05,0.00011027992332534142,0.228342407588637,0.0071493403965316935,0.25570616565039356,0.00010602514060585575,0.0009236061855962351,7.697145224108066e-05,0.05267387783983606
1,112000,False,28,09227_00000,2025-12-04_15-31-46,1764842506,16.032099962234497,507.0046896934509,11988,LAPTOP-HQRQ0VAR,127.0.0.1,507.0046896934509,28,33.770477173433825,3.6979346408013005e-05,33.76947645787728,16.016675093462762,17.744717632746987,0.006521409761009152,2276,0.0029085000001032313,2741.449005126902,0.0002080359838388942,2276,2,2276.0,395.8517144875897,0.0001966692185139412,23868.084449768096,4.5254191142856754,4000,9374.095219826208,15.937013887045937,112000,49,27.0,395.8517144875897,227.69643660168424,1,0,0,59.21739130434783,87.31739130434784,0.0002820819333195992,4000,112000,9374.095219826208,112000,0.0007284050655430298,4000,9374.095219826208,3758817,120192,0,3364480,4002.1848818470125,105212289,4000.0,138244,400932.5298661565,12823.688815856925,12822.5151396016,13.818261,0.0,9.87938,573553.7,0.0011098385,128.0,0.22500000894069672,5e-05,0.015117557,120192,9.890465,1.0,28.0,3364480,-0.0144856125,138244,0.8918877,12824.307167498713,0.543469969445961,5.692029734196e-05,4.132371928326049e-06,1.3433405525727717e-05,2.9238164861498524e-05,3.0130044700567297e-06,0.0002788549694612213,3.0504390294945432e-05,5.4312548141100886e-05,2.9954976831681014e-06,4.56593800729054e-05,8.261151845646552e-05,0.00010998912409049265,0.22725300851275043,0.007138362992569567,0.2541109079938883,0.0001050548891984331,0.0009198011237398621,7.652473771796804e-05,0.05234594106143759
1,116000,False,29,09227_00000,2025-12-04_15-32-02,1764842522,16.255070686340332,523.2597603797913,11988,LAPTOP-HQRQ0VAR,127.0.0.1,523.2597603797913,29,33.59527031469948,3.674855294278613e-05,33.59427458829851,15.928199797528134,17.65804091741952,0.0064811406633991766,2276,0.0029085000001032313,2741.449005126902,0.00019914915665267762,2276,1,2276.0,2101.000000445221,0.0001949857446966659,23868.084449768096,4.516578777999967,4000,9478.369212799069,15.848837325175477,116000,50,28.0,2101.000000445221,228.64093299421864,1,0,0,60.62608695652173,86.1130434782609,0.0002783632875077366,4000,116000,9478.369212799069,116000,0.0007354926002553607,4000,9478.369212799069,3753876,120064,0,3484544,4002.1830330285425,108966165,4000.0,138244,403026.2780981982,12890.482261604737,12889.392208923484,12.796036,0.0,9.9041605,1027645.6,-0.0016844273,128.0,0.22500000894069672,5e-05,0.0100155445,120064,9.922369,1.0,29.0,3484544,-0.020462647,138244,0.8740094,12891.00318796987,0.5403569047515043,5.4103465692909955e-05,3.999258911501248e-06,1.1721391781124603e-05,2.930463751768204e-05,3.0747896008736185e-06,0.00028262512907425253,3.076264566714514e-05,5.3812038957839205e-05,2.936767021393525e-06,4.590338217568677e-05,8.237778324398755e-05,0.00010961823284808823,0.22624378342762513,0.007117981362644025,0.25237058891395237,0.00010409434030963214,0.0009125841125028052,7.60964903375501e-05,0.05202031665082224
1,120000,False,30,09227_00000,2025-12-04_15-32-19,1764842539,16.217721939086914,539.4774823188782,11988,LAPTOP-HQRQ0VAR,127.0.0.1,539.4774823188782,30,33.421523663552485,3.651906741369197e-05,33.42053235441552,15.841972269552855,17.570577730245322,0.006439248256763367,2276,0.0029085000001032313,2741.449005126902,0.00020906289155815118,2276,2,2276.0,1549.000144477068,0.00020802416896025498,23868.084449768096,4.4965287846153545,4000,9538.177622428302,15.762870902923726,120000,52,29.0,1549.000144477068,229.52772408313666,1,0,0,58.82916666666667,84.45833333333333,0.00028267354837340397,4000,120000,9538.177622428302,120000,0.0007569700251544968,4000,9538.177622428302,3758817,120192,0,3604736,4002.1912026982573,112724982,4000.0,138244,405624.75155843154,12972.855884382461,12972.427016687334,7.96514,0.0,9.931892,775967.3,-0.0015403032,128.0,0.22500000894069672,5e-05,0.011693206,120192,10.0,1.0,30.0,3604736,-0.07073868,138244,0.87060535,12973.215013892,0.5380799387039854,5.9179763566888195e-05,4.393100018033939e-06,1.218774840183823e-05,3.108223725903093e-05,3.0986861974203366e-06,0.00029396857986498955,3.092095691329485e-05,5.2674169662078424e-05,3.0086137541873154e-06,4.8102002426105765e-05,8.35765934162095e-05,0.00010977705052155469,0.2252240735933463,0.007105984549016068,0.25135282802481634,0.00010320439690581351,0.0009068662713800867,7.571252543538282e-05,0.05180577448431162
1,124000,False,31,09227_00000,2025-12-04_15-32-36,1764842556,17.092265844345093,556.5697481632233,11988,LAPTOP-HQRQ0VAR,127.0.0.1,556.5697481632233,31,33.258142622916964,3.627887673639729e-05,33.25715554387137,15.762426306857323,17.486785513942866,0.006406517774196967,2276,0.0029085000001032313,2741.449005126902,0.00024584997673015246,2276,2,2276.0,997.0370827133568,0.0002314914645067245,23868.084449768096,4.483927255555534,4000,9731.806598239471,15.683572743894485,124000,54,30.0,997.0370827133568,230.34526058019375,1,0,0,62.395833333333336,84.83333333333333,0.0003354198084006337,4000,124000,9731.806598239471,124000,0.0008844571238853105,4000,9731.806598239471,3758817,120192,0,3724928,4002.199290671275,116483799,4000.0,138244,406359.01991178415,12996.340858093561,12995.779965658601,12.116611,0.0,9.790946,1085141.0,-0.0013399124,128.0,0.22500000894069672,5e-05,0.012497285,120192,9.858654,1.0,31.0,3724928,-0.07051962,138244,0.86628157,12997.126692112464,0.5357330463169446,6.901957322879513e-05,5.689897785955371e-06,1.4194240307431672e-05,3.546785014288895e-05,3.790611820513788e-06,0.00034517503752295737,3.731979225670195e-05,6.309691546150526e-05,3.543037390540013e-06,5.4950632146491126e-05,9.846046388811972e-05,0.00011120228001463034,0.22429413885741015,0.007095416703523701,0.2501375567445713,0.00010228235293761453,0.0009018876086639175,7.530540017673472e-05,0.0516254467394696
1,128000,False,32,09227_00000,2025-12-04_15-32-53,1764842573,17.30933165550232,573.8790798187256,11988,LAPTOP-HQRQ0VAR,127.0.0.1,573.8790798187256,32,33.09859753468779,3.606508796672445e-05,33.09761532643266,15.68810620478875,17.401613660803434,0.006367115596454234,2276,0.0029085000001032313,2741.449005126902,0.0002690622612726773,2276,2,2276.0,454.51796462419384,0.00024936555519451074,23868.084449768096,4.491711196428549,4000,9826.674610819131,15.60948517045554,128000,56,31.0,454.51796462419384,231.0739719507949,1,0,0,64.98,85.81199999999998,0.0003508799879896495,4000,128000,9826.674610819131,128000,0.0009108522218799655,4000,9826.674610819131,3758817,120192,0,3845120,4002.207297764562,120242616,4000.0,138244,410462.81086501764,13127.03132219673,13126.61620111501,12.223765,0.0,9.805603,1118204.9,-0.0011538267,128.0,0.22500000894069672,5e-05,0.012655963,120192,9.8473625,1.0,32.0,3845120,-0.044607066,138244,0.8366079,13127.698232065824,0.5329782988537778,7.335813767427196e-05,5.698966567362788e-06,1.4903640442251396e-05,3.746665786915546e-05,3.9205384289252734e-06,0.00035938666668374684,3.6966344307148654e-05,6.680570197921111e-05,3.571661822047062e-06,5.838242861548902e-05,0.00010355197338259173,0.00011092625721373757,0.2233923524688361,0.007070139536491262,0.24861637217712432,0.00010136252940581828,0.0008955427325793948,7.492234617289635e-05,0.0513339612720762
1,132000,False,33,09227_00000,2025-12-04_15-33-08,1764842588,14.580607414245605,588.4596872329712,11988,LAPTOP-HQRQ0VAR,127.0.0.1,588.4596872329712,33,32.91335339334091,3.588043709025082e-05,32.912375839168334,15.593557910740865,17.310961023195397,0.0063359634404909215,2276,0.0029085000001032313,2741.449005126902,0.00019518462960322274,2276,1,2276.0,2169.0000002162983,0.0001853644744388526,23868.084449768096,4.480240543859629,4000,9873.177413806576,15.515325129750986,132000,57,32.0,2169.0000002162983,231.8061700986763,1,0,0,53.41428571428572,86.8047619047619,0.00028505445422947383,4000,132000,9873.177413806576,132000,0.000722422162631711,4000,9873.177413806576,3753876,120064,0,3965184,4002.2052247869165,123996492,4000.0,138244,415974.4248419537,13303.345120435877,13302.857205497743,12.135828,0.0,9.914725,1432457.4,-0.00068593025,128.0,0.22500000894069672,5e-05,0.015543971,120064,9.935563,1.0,33.0,3965184,-0.024335198,138244,0.80016655,13303.90091008846,0.5322992628652405,5.650123525711344e-05,3.9503871105780334e-06,1.16602637642224e-05,3.041450664106756e-05,3.039205758281609e-06,0.00027480819835612837,3.0115457954479804e-05,5.1085631784567495e-05,2.840063213620015e-06,4.7004158869044004e-05,8.083684528724985e-05,0.00011041899464167191,0.22224557894415076,0.007043932141125198,0.24927309745535373,0.0001004549041094461,0.000890183305254981,7.478112271145131e-05,0.051184287659358355
1,136000,False,34,09227_00000,2025-12-04_15-33-23,1764842603,14.681350231170654,603.1410374641418,11988,LAPTOP-HQRQ0VAR,127.0.0.1,603.1410374641418,34,32.7309832084075,3.5647632719257575e-05,32.73001092177665,15.499776049633455,17.22242790096344,0.006295456806086407,2276,0.0029085000001032313,2741.449005126902,0.00021195306242934256,2276,2,2276.0,1617.0000729444318,0.00019734207218645696,23868.084449768096,4.447152008474559,4000,9954.113193059367,15.421850254453476,136000,59,33.0,1617.0000729444318,232.56973581501666,1,0,0,56.17142857142858,86.42380952380952,0.00027600617723984777,4000,136000,9954.113193059367,136000,0.0007334228013270875,4000,9954.113193059367,3758817,120192,0,4085376,4002.2131725390473,127755309,4000.0,138244,419615.23569970566,13419.519688801634,13419.125465489538,11.148152,0.0,10.00448,522841.03,0.00049597025,128.0,0.22500000894069672,5e-05,0.015670773,120192,9.925259,1.0,34.0,4085376,0.07569674,138244,0.84054685,13419.953796664811,0.5295257162365863,5.654963011952589e-05,4.4183872739314845e-06,1.1913240522941922e-05,2.9407280911100216e-05,2.9740835300862244e-06,0.00028509294747541104,2.9791708637910206e-05,5.1604099058415505e-05,3.0767263995430238e-06,4.7367043535984085e-05,8.086322262458661e-05,0.0001101048046943975,0.2213566091547079,0.007015040819713184,0.24781493248080316,9.961235506953425e-05,0.0008831834722014944,7.456431148492883e-05,0.05080318678276596
1,140000,False,35,09227_00000,2025-12-04_15-33-37,1764842617,14.461116075515747,617.6021535396576,11988,LAPTOP-HQRQ0VAR,127.0.0.1,617.6021535396576,35,32.54823797932343,3.539915639133758e-05,32.54727058755889,15.406671638137123,17.13283823395381,0.006258027238021921,2276,0.0029085000001032313,2741.449005126902,0.00016136950478146375,2276,2,2276.0,1065.0187225386915,0.0001549527829941819,23868.084449768096,4.415424236065556,4000,10135.387331352855,15.32896822390894,140000,61,34.0,1065.0187225386915,233.35516215154112,1,0,0,55.42380952380953,85.93333333333334,0.00023046781922836593,4000,140000,10135.387331352855,140000,0.0005968901915068807,4000,10135.387331352855,3758817,120192,0,4205568,4002.221040813657,131514126,4000.0,138244,418832.2378871332,13394.264819093485,13393.987751314791,12.002993,0.0,10.026397,1196015.4,-0.00064337254,128.0,0.22500000894069672,5e-05,0.014947915,120192,10.0,1.0,35.0,4205568,0.02303367,138244,0.8162174,13394.566633188586,0.5263749330742219,4.473148697533558e-05,3.680700350725211e-06,1.012319612519417e-05,2.4488677133218217e-05,2.4503081841396517e-06,0.00022987993640961177,2.552801731330913e-05,4.193721800069912e-05,2.314500912873215e-06,3.862852815069619e-05,6.640250853137577e-05,0.00010974875664500415,0.220256825063163,0.006977647411515089,0.24600469215599402,9.869623151863694e-05,0.0008764926374794172,7.410066837095918e-05,0.05061717491494155
1,144000,False,36,09227_00000,2025-12-04_15-33-52,1764842632,15.022985696792603,632.6251392364502,11988,LAPTOP-HQRQ0VAR,127.0.0.1,632.6251392364502,36,32.3729202615302,3.52461648254388e-05,32.371956725683305,15.319743469755755,17.044497778614268,0.0062213549656395,2276,0.0029085000001032313,2741.449005126902,0.00015665751868389454,2276,2,2276.0,517.8054860287135,0.00015252823114697596,23868.084449768096,4.392094798412689,4000,10375.260262746657,15.242378242669849,144000,63,35.0,517.8054860287135,234.14160868890863,1,0,0,56.147619047619045,87.0714285714286,0.0002196597450394232,4000,144000,10375.260262746657,144000,0.0005777602935168217,4000,10375.260262746657,3758817,120192,0,4325760,4002.2288304055205,135272943,4000.0,138244,423066.2408148719,13528.87753675108,13528.840624571889,10.004742,0.0,9.880321,1834145.6,0.0012142062,128.0,0.22500000894069672,5e-05,0.012048652,120192,10.0,1.0,36.0,4325760,-0.12239039,138244,0.77985007,13528.836748885544,0.5247844957434804,4.334391422839179e-05,3.2934991035038903e-06,9.342940005205772e-06,2.292450441900191e-05,2.3708777255485754e-06,0.00022076616174510438,2.3652911871656993e-05,4.109751659325919e-05,2.4578919592320667e-06,3.6959201575459046e-05,6.58356759116138e-05,0.00010939126907895952,0.21900740481253003,0.006956879937399325,0.24594186623443517,9.779826920356692e-05,0.0008694717111056768,7.365066168844757e-05,0.05037712616578883
1,148000,False,37,09227_00000,2025-12-04_15-34-07,1764842647,14.376856803894043,647.0019960403442,11988,LAPTOP-HQRQ0VAR,127.0.0.1,647.0019960403442,37,32.19291820291489,3.5011703175294875e-05,32.19195953342648,15.225994467058197,16.958294059828123,0.006184964415979413,2276,0.0029085000001032313,2741.449005126902,0.0001605412010317596,2276,2,2276.0,1194.4169180803963,0.0001518745143076124,23868.084449768096,4.359519779999986,4000,10492.651525174651,15.148987683243153,148000,65,36.0,1194.4169180803963,234.9626610872292,1,0,0,55.34761904761905,87.85714285714285,0.00022317828039131074,4000,148000,10492.651525174651,148000,0.0005800685180987156,4000,10492.651525174651,3758817,120192,0,4445952,4002.2365421014656,139031760,4000.0,138244,419890.7063900073,13427.252917863158,13427.216800212924,10.511009,0.0,9.7894535,1421245.2,0.0004159212,128.0,0.22500000894069672,5e-05,0.017125834,120192,9.843752,1.0,37.0,4445952,-0.058151588,138244,0.77117366,13427.212676969839,0.5219888157860453,4.580412057576752e-05,3.3547464205658117e-06,9.759071866431484e-06,2.2825046718744442e-05,2.57839719575376e-06,0.00022433331982271454,2.3994879467942222e-05,4.18087488988956e-05,2.6285974314410994e-06,3.77400671220835e-05,6.494814770941152e-05,0.00010904635638889367,0.21818528576440535,0.006933650138025775,0.24420711857209348,9.692828651535131e-05,0.0008629549939943507,7.323415507075517e-05,0.05017809190412769
1,152000,False,38,09227_00000,2025-12-04_15-34-22,1764842662,14.746467590332031,661.7484636306763,11988,LAPTOP-HQRQ0VAR,127.0.0.1,661.7484636306763,38,32.018387080885745,3.479258614514386e-05,32.01743246909221,15.140249631387615,16.86955228522984,0.00615181677181923,2276,0.0029085000001032313,2741.449005126902,0.00016661058253547115,2276,1,2276.0,1685.0000358581624,0.0001582722177234153,24142.685256957993,4.35012295606059,4000,10699.47021808046,15.063633616410721,152000,66,37.0,1685.0000358581624,235.77377450303862,1,0,0,56.038095238095224,88.28571428571429,0.00023691327816940572,4000,152000,10699.47021808046,152000,0.0006131782608854729,4000,10699.47021808046,3753876,120064,0,4566016,4002.2341766804507,142785636,4000.0,138244,422395.7220595473,13507.264586626976,13507.309714080227,10.5490055,0.0,9.971701,1781297.2,0.00066435337,128.0,0.22500000894069672,5e-05,0.00919473,120064,10.0,1.0,38.0,4566016,-0.030367572,138244,0.8053427,13507.238177614312,0.518921891628182,5.0191406891978316e-05,3.406322458258575e-06,9.737667713271649e-06,2.4192672855074197e-05,2.900424274802924e-06,0.00023639142334437463,2.5899245736575606e-05,4.3788840714846665e-05,2.662042821806338e-06,3.886342024564533e-05,6.819850467394613e-05,0.00010852889282253486,0.21704872890676336,0.006894137636648435,0.2425576863863737,9.606100364925816e-05,0.0008569174440551389,7.289781352041206e-05,0.049952459985087586
1,156000,False,39,09227_00000,2025-12-04_15-34-36,1764842676,14.055345058441162,675.8038086891174,11988,LAPTOP-HQRQ0VAR,127.0.0.1,675.8038086891174,39,31.838716087076882,3.4605660281808e-05,31.83776479140129,15.049893319073735,16.78028310937754,0.00611542560410456,2276,0.0029085000001032313,2741.449005126902,0.0001706948066089358,2276,2,2276.0,1133.0094527455874,0.0001688088233067651,24142.685256957993,4.325557442647049,4000,10839.459638932169,14.973588928246613,156000,68,38.0,1133.0094527455874,236.61525576423782,1,0,0,55.519999999999996,88.245,0.00024862204452575975,4000,156000,10839.459638932169,156000,0.0006357778442353421,4000,10839.459638932169,3758817,120192,0,4686208,4002.2418349136465,146544453,4000.0,138244,426754.91282272496,13646.731229204444,13646.746756146676,21.40112,0.0,9.74623,1741157.1,-0.00030457973,128.0,0.3375000059604645,5e-05,0.020409714,120192,9.862316,1.0,39.0,4686208,-0.12067764,138244,0.75809705,13646.666111124461,0.5157714637119001,4.964432290024183e-05,3.5543802402184025e-06,1.0219762431824101e-05,2.6246743312744674e-05,2.7907182796167236e-06,0.0002417968517205277,2.7092317851109098e-05,4.562577856311031e-05,2.478787563435631e-06,4.0033362535260304e-05,6.986177699347973e-05,0.0001080376038971299,0.21581649361769656,0.006856598260281567,0.24106338152250795,9.52443936133115e-05,0.0008505662696187647,7.247983538408167e-05,0.0495832153852352
1,160000,False,40,09227_00000,2025-12-04_15-34-52,1764842692,16.331282138824463,692.1350908279419,11988,LAPTOP-HQRQ0VAR,127.0.0.1,692.1350908279419,40,31.68360563420611,3.437960367868695e-05,31.68265869548728,14.962446909882997,16.712663746283763,0.006083057348066097,2276,0.0029085000001032313,2741.449005126902,0.00018056330538278382,2276,2,2276.0,583.4262220846521,0.00017936837259947456,24142.685256957993,4.3019587499999945,4000,10919.269019426614,14.886553339964147,160000,70,39.0,583.4262220846521,237.47974596213965,1,0,0,61.76666666666667,88.60833333333333,0.0002547416892339649,4000,160000,10919.269019426614,160000,0.0006527840744999055,4000,10919.269019426614,3758817,120192,0,4806400,4002.2494165645103,150303270,4000.0,138244,426659.6415871451,13643.155640536757,13643.318746893443,14.884077,0.0,10.015331,834614.2,0.0014059544,128.0,0.3375000059604645,5e-05,0.012750633,120192,9.845666,1.0,40.0,4806400,0.165362,138244,0.79423267,13642.964736652199,0.5152245310747808,5.212727207931202e-05,3.8550900944870715e-06,1.0495677472890975e-05,2.6679895935209187e-05,2.981057097022504e-06,0.000252700210903803,2.732226285925572e-05,4.638137426209272e-05,2.5486181789129864e-06,4.1178649642030496e-05,7.263313579827766e-05,0.0001075462278592863,0.2147383906815205,0.006819858277678207,0.24195289870728598,9.439494967475827e-05,0.000844631606922566,7.215503702923096e-05,0.04927729923138221
1,164000,False,41,09227_00000,2025-12-04_15-35-09,1764842709,16.07652473449707,708.211615562439,11988,LAPTOP-HQRQ0VAR,127.0.0.1,708.211615562439,41,31.52747515086405,3.4190807644350916e-05,31.526531936532404,14.888785458784165,16.630247762820925,0.006043226774582439,2276,0.0029085000001032313,2741.449005126902,0.0002125288813665406,2276,2,2276.0,651.7347969278883,0.0002063445222816681,24142.685256957993,4.296839055555545,4000,10999.778645091583,14.813142725564504,164000,72,40.0,651.7347969278883,238.23043831729652,1,0,0,58.665217391304346,88.66521739130431,0.00028996631985226545,4000,164000,10999.778645091583,164000,0.0007630112402317858,4000,10999.778645091583,3758817,120192,0,4926592,4002.2569223988653,154062087,4000.0,138244,426941.1675749049,13652.099144474656,13652.195150972853,18.581802,0.0,9.85912,1393183.2,-0.0007095337,128.0,0.3375000059604645,5e-05,0.011100209,120192,9.849546,1.0,41.0,4926592,0.0058280453,138244,0.6596613,13651.985387357845,0.512969951764032,5.942127859446402e-05,4.423411985657966e-06,1.2544554238638711e-05,3.266235553271738e-05,3.1581019403564032e-06,0.00029693492681733067,3.0775049258689835e-05,5.477624672321353e-05,3.049272743820513e-06,4.836756870091125e-05,8.595194486209258e-05,0.00010720976557803185,0.21392917077470416,0.006788591694904132,0.24075706072021325,9.355300017707105e-05,0.000841556290855355,7.17534866626782e-05,0.04907057023906788
1,168000,False,42,09227_00000,2025-12-04_15-35-23,1764842723,14.003667831420898,722.2152833938599,11988,LAPTOP-HQRQ0VAR,127.0.0.1,722.2152833938599,42,31.352146007355408,3.3954899565593416e-05,31.35120751816708,14.800886501196324,16.54286545719271,0.006008730506838434,2276,0.0029085000001032313,2741.449005126902,0.00018715157007393216,2276,1,2276.0,1753.0000175489838,0.00018264314675721,24142.685256957993,4.2851787178082095,4000,10980.91124150524,14.72559998430886,168000,73,41.0,1753.0000175489838,238.9929253184252,1,0,0,53.705000000000005,88.51500000000001,0.0002698742279566668,4000,168000,10980.91124150524,168000,0.0006960900670471677,4000,10980.91124150524,3753876,120064,0,5046656,4002.2543531748765,157815963,4000.0,138244,427835.1925209499,13680.601847620897,13680.638486753343,15.213265,0.0,9.922167,589694.6,-0.00092828274,128.0,0.3375000059604645,5e-05,0.008334612,120064,10.0,1.0,42.0,5046656,-0.08064595,138244,0.70995593,13679.959868786278,0.5102037372463925,5.336510911670665e-05,4.1018447308530576e-06,1.1254934172875114e-05,2.827481097205471e-05,2.921231046745561e-06,0.0002674788589142457,2.788115824635869e-05,5.053147635339098e-05,2.68689469847216e-06,4.4732805796724225e-05,7.611791527747759e-05,0.00010666266792263134,0.21290929506695394,0.006756186777954981,0.23929557311301,9.270047017520448e-05,0.0008382507279441318,7.13449517933386e-05,0.04883123953667975
1,172000,False,43,09227_00000,2025-12-04_15-35-37,1764842737,14.548897743225098,736.764181137085,11988,LAPTOP-HQRQ0VAR,127.0.0.1,736.764181137085,43,31.18397717328185,3.374835056857851e-05,31.183041078985408,14.715514818184358,16.460104192620786,0.005982876201771273,2276,0.0029085000001032313,2741.449005126902,0.0001742285230661737,2276,2,2276.0,1201.0047725578575,0.00017499626445540575,24142.685256957993,4.26294243866665,4000,11207.603327433266,14.640608990465772,172000,75,42.0,1201.0047725578575,239.78394034879472,1,0,0,53.561904761904756,88.64285714285715,0.00024014981220542018,4000,172000,11207.603327433266,172000,0.0006443654871489112,4000,11207.603327433266,3758817,120192,0,5166848,4002.261809643128,161574780,4000.0,138244,430874.10572205496,13778.149486456716,13778.072697996176,13.354394,0.0,10.135035,1454881.1,1.0728836e-05,128.0,0.3375000059604645,5e-05,0.011073061,120192,10.0,1.0,43.0,5166848,0.13129705,138244,0.740987,13777.77222085723,0.5094567108739309,4.962688749500251e-05,4.11935478695766e-06,1.0388817596204004e-05,2.4991966123900975e-05,2.7436092612500597e-06,0.00025239543417055746,2.5802133881341602e-05,4.7255665067226e-05,2.432796945552669e-06,4.0964545310724774e-05,7.03415152531299e-05,0.00010618804124463886,0.21176151211628633,0.006719701910174162,0.2400345243818771,9.186646547674191e-05,0.0008319242206631374,7.100050227481464e-05,0.0485459141413108
1,176000,False,44,09227_00000,2025-12-04_15-35-52,1764842752,14.186131238937378,750.9503123760223,11988,LAPTOP-HQRQ0VAR,127.0.0.1,750.9503123760223,44,31.013843219549035,3.352386705931051e-05,31.012909064195554,14.630491699002514,16.37503397869458,0.005947201439751467,2276,0.0029085000001032313,2741.449005126902,0.00018629748120492772,2276,2,2276.0,650.2249652936001,0.00017721979189328578,25206.94245147708,4.242745536363624,4000,11570.769080917555,14.555939207561114,176000,77,43.0,650.2249652936001,240.58432658504853,1,0,0,54.745000000000005,88.48,0.00025942482261609315,4000,176000,11570.769080917555,176000,0.0006644569120868492,4000,11570.769080917555,3758817,120192,0,5287040,4002.2691915466967,165333597,4000.0,138244,431959.4052565958,13812.499020956702,13812.485077989842,14.196345,0.0,9.75292,2848620.2,0.00030463934,128.0,0.3375000059604645,5e-05,0.008954227,120192,9.855005,1.0,44.0,5287040,-0.10510705,138244,0.68138766,13812.091581340754,0.50641722176519,5.209914020937207e-05,3.833838665364302e-06,1.10979743659431e-05,2.677895044805523e-05,3.559170043012548e-06,0.00025499889300821787,2.792144953142836e-05,4.8268556445238214e-05,2.665782706897878e-06,4.357283417767656e-05,7.263736572540802e-05,0.00010593216083493236,0.210731377995123,0.006685158891073878,0.2383931801380596,9.104380082082262e-05,0.0008260239784541503,7.057549724850476e-05,0.04822773099989509
1,180000,False,45,09227_00000,2025-12-04_15-36-06,1764842766,14.475102663040161,765.4254150390625,11988,LAPTOP-HQRQ0VAR,127.0.0.1,765.4254150390625,45,30.848489480353543,3.332462838746454e-05,30.847559478553602,14.546504184012486,16.293712659907634,0.005912599425355963,2276,0.0029085000001032313,2741.449005126902,0.00016453998588828914,2276,2,2276.0,411.41001142449085,0.00015423075277357638,25206.94245147708,4.223213545569614,4000,11705.473452604268,14.472136234485506,180000,79,44.0,411.41001142449085,241.40594706446754,1,0,0,53.69523809523809,88.43333333333335,0.00023239933707779823,4000,180000,11705.473452604268,180000,0.0005962298830116091,4000,11705.473452604268,3758817,120192,0,5407232,4002.27649963123,169092414,4000.0,138244,434462.6174212368,13892.747993680132,13892.806858453283,22.267792,0.0,9.97142,1964721.2,0.0007657409,128.0,0.3375000059604645,5e-05,0.011438524,120192,10.0,1.0,45.0,5407232,-0.032439448,138244,0.69942904,13893.120092141691,0.5044531405475393,4.65392054314825e-05,3.282435892937726e-06,9.599433582022925e-06,2.4216543414603842e-05,2.7343980492977944e-06,0.00022898602908354106,2.4594209031984852e-05,4.3262104854161236e-05,2.3031240297422497e-06,3.727089817985604e-05,6.749674861645557e-05,0.00010576083922616005,0.2100005572151697,0.0068408793021609935,0.23730806433668217,9.028036281326643e-05,0.0008229557386683238,7.030274227617705e-05,0.04793450568989676
1,184000,False,46,09227_00000,2025-12-04_15-36-20,1764842780,14.130728483200073,779.5561435222626,11988,LAPTOP-HQRQ0VAR,127.0.0.1,779.5561435222626,46,30.681283691550007,3.310938210624783e-05,30.680358163768062,14.46315118017236,16.20991182030856,0.005874287431101922,2276,0.0029085000001032313,2741.449005126902,0.00016834924676363238,2276,1,2276.0,1821.0000085798729,0.00015861201976732488,25206.94245147708,4.212506278749987,4000,11751.672486686704,14.38911132514065,184000,80,45.0,1821.0000085798729,242.22979481682387,1,0,0,53.779999999999994,88.48500000000001,0.00023064103752368738,4000,184000,11751.672486686704,184000,0.0006133744118008529,4000,11751.672486686704,3753876,120064,0,5527296,4002.2737346349177,172846290,4000.0,138244,437044.75603177457,13975.27643098647,13975.405370223014,15.335859,0.0,9.941069,825225.9,0.0017162561,128.0,0.16875000298023224,5e-05,0.0048354305,120064,9.922086,1.0,46.0,5527296,0.017351443,138244,0.7554672,13975.527548730688,0.5030338601420625,4.7126298974188426e-05,3.351326742800501e-06,9.880957331135697e-06,2.3951807593289563e-05,2.884147487226003e-06,0.0002343076653713614,2.5216558069477586e-05,4.4409232555476024e-05,2.46658267635463e-06,3.85797469211762e-05,7.02544380167619e-05,0.00010547123083377842,0.20895531864301853,0.006819407509136726,0.2373214876933163,8.946655918525012e-05,0.0008164291812797282,6.987071485693749e-05,0.04758487163299738
1,188000,False,47,09227_00000,2025-12-04_15-36-34,1764842794,13.954546689987183,793.5106902122498,11988,LAPTOP-HQRQ0VAR,127.0.0.1,793.5106902122498,47,30.514063080634507,3.290028828646895e-05,30.51314236113038,14.378862107370638,16.127032120105472,0.005835987556793973,2276,0.0029085000001032313,2741.449005126902,0.0001754127483081992,2276,2,2276.0,1269.0024095971153,0.00017032796932868775,25206.94245147708,4.19359066341462,4000,11812.39129666584,14.305191530889244,188000,82,46.0,1269.0024095971153,243.0790788524267,1,0,0,54.010000000000005,88.915,0.0002500120013502063,4000,188000,11812.39129666584,188000,0.0006509731162543013,4000,11812.39129666584,3758817,120192,0,5647488,4002.280997288569,176605107,4000.0,138244,439773.1568633548,14061.97178630603,14062.28032341986,12.023122,0.0,10.087236,1145283.6,0.0013170838,128.0,0.16875000298023224,5e-05,0.013935169,120192,10.0,1.0,47.0,5647488,0.08488628,138244,0.7333317,14061.991089908914,0.4999901225406406,4.85376401710905e-05,3.6469896765907676e-06,1.1140848073656838e-05,2.6365302913723024e-05,2.7060005022558297e-06,0.0002449305232110421,2.6797982529335995e-05,4.7874177778512305e-05,2.549648729420736e-06,4.207410429814442e-05,7.31610663148276e-05,0.00010503151852445635,0.20789808245658756,0.006782152434043756,0.2356888808163841,8.865489359330175e-05,0.0008150268894650926,6.94340077070245e-05,0.04727952991666995
1,192000,False,48,09227_00000,2025-12-04_15-36-49,1764842809,14.248918294906616,807.7596085071564,11988,LAPTOP-HQRQ0VAR,127.0.0.1,807.7596085071564,48,30.35137829282816,3.268828540319517e-05,30.350462654519077,14.297071280296931,16.046189238904415,0.005798393681223854,2276,0.0029085000001032313,2741.449005126902,0.0001754550515844025,2276,2,2276.0,717.6184676909901,0.00016355030445370795,25206.94245147708,4.175503047619026,4000,11993.052923384164,14.22371622658035,192000,84,47.0,717.6184676909901,243.93987689337325,1,0,0,54.152380952380945,88.81428571428572,0.0002536244518467526,4000,192000,11993.052923384164,192000,0.0006648621781131357,4000,11993.052923384164,3758817,120192,0,5767680,4002.2881873156834,180363924,4000.0,138244,442844.7001052375,14160.136252461549,14160.425580630721,6.7434244,0.0,10.004539,1832461.9,0.00081962347,128.0,0.16875000298023224,5e-05,0.015373175,120192,10.0,1.0,48.0,5767680,0.0019444004,138244,0.6948798,14160.247132392402,0.49726718531523667,4.8206489582849764e-05,3.738520151331851e-06,1.0284442096263168e-05,2.5889742573496317e-05,2.8519950958786604e-06,0.00025693482197436217,2.7684032720395862e-05,4.7124335087381025e-05,3.852633571679327e-06,4.160665650392149e-05,7.389581263109422e-05,0.00010472720333982943,0.20714806063201935,0.006760267909703186,0.2340601650082225,8.784234465695452e-05,0.0008090206205704854,6.90346676297779e-05,0.046972857617502306
1,196000,False,49,09227_00000,2025-12-04_15-37-04,1764842824,14.62736964225769,822.3869781494141,11988,LAPTOP-HQRQ0VAR,127.0.0.1,822.3869781494141,49,30.194143621899876,3.249040254917859e-05,30.193231893973884,14.21694705749396,15.96911891051537,0.005768791744412036,2276,0.0029085000001032313,2741.449005126902,0.0001638254039388549,2276,2,2276.0,323.7411780610607,0.00016334294122576773,25206.94245147708,4.160055852325566,4000,12092.715159305304,14.143945580314545,196000,86,48.0,323.7411780610607,244.79970272427533,1,0,0,56.30952380952381,87.58571428571427,0.00023842822748956554,4000,196000,12092.715159305304,196000,0.0006182176225145333,4000,12092.715159305304,3758817,120192,0,5887872,4002.2953054425266,184122741,4000.0,138244,448249.1411729911,14333.094456075596,14333.304001069497,6.357394,0.0,10.065071,1381204.4,0.00081557035,128.0,0.25312501192092896,5e-05,0.020873828,120192,10.0,1.0,49.0,5887872,0.06154764,138244,0.6374657,14333.135566496843,0.49599821946208544,4.677507976209459e-05,3.3909577707141527e-06,1.0323546645818817e-05,2.4507298749515893e-05,2.669831780055189e-06,0.00023554519877311188,2.536323288369473e-05,4.4612533050251047e-05,2.4093005220932917e-06,3.9553848805056914e-05,6.884347728868784e-05,0.00010427493130777108,0.2060997040256976,0.00672597223060494,0.2342007873581431,8.704992121039522e-05,0.0008027484143654202,6.865732094939295e-05,0.046662273041326564
1,200000,True,50,09227_00000,2025-12-04_15-37-18,1764842838,13.948478937149048,836.3354570865631,11988,LAPTOP-HQRQ0VAR,127.0.0.1,836.3354570865631,50,30.031610245680877,3.229449852370217e-05,30.030702553034146,14.13587983291902,15.887702198410217,0.00573199182696702,2276,0.0029085000001032313,2741.449005126902,0.00016479193288384118,2276,1,2276.0,1889.000004190305,0.00015453092684626,25206.94245147708,4.151767389655158,4000,12113.045953684838,14.063128760511402,200000,87,49.0,1889.000004190305,245.65108233401565,1,0,0,53.43000000000001,85.70500000000001,0.00023265041867222348,4000,200000,12113.045953684838,200000,0.0006028792195272928,4000,12113.045953684838,3753876,120064,0,6007936,4002.2923523881013,187876617,4000.0,138244,450612.79406628886,14408.754212633097,14409.035716706596,30.599733,0.0,9.882323,1375756.0,0.0012490749,128.0,0.25312501192092896,5e-05,0.008125699,120064,10.0,1.0,50.0,6007936,-0.119733475,138244,0.6383207,14408.657550240954,0.4929988562674659,4.5330515793580164e-05,3.3580385550010466e-06,9.749940729133883e-06,2.4090241209892075e-05,2.5679600799428933e-06,0.00023108883148460538,2.5613144137106012e-05,4.3906375820231404e-05,2.344533127735016e-06,3.828942343029188e-05,6.633139607953425e-05,0.00010374718199168781,0.20513791198544107,0.0066897925082977285,0.2325017784845586,8.626842199840762e-05,0.000796747930222219,6.839974774143068e-05,0.04637544331091081
