num_training_step_calls_per_iteration,num_env_steps_sampled_lifetime,done,training_iteration,trial_id,date,timestamp,time_this_iter_s,time_total_s,pid,hostname,node_ip,time_since_restore,iterations_since_restore,timers/training_iteration,timers/restore_env_runners,timers/training_step,timers/env_runner_sampling_timer,timers/learner_update_timer,timers/synch_weights,env_runners/episode_return_mean,env_runners/num_env_steps_sampled_lifetime,env_runners/num_episodes_lifetime,env_runners/num_episodes,env_runners/env_reset_timer,env_runners/sample,env_runners/episode_len_min,env_runners/episode_len_max,env_runners/weights_seq_no,env_runners/env_to_module_sum_episodes_length_in,env_runners/episode_len_mean,env_runners/episode_return_min,env_runners/rlmodule_inference_timer,env_runners/episode_return_max,env_runners/num_env_steps_sampled,env_runners/episode_duration_sec_mean,env_runners/env_to_module_sum_episodes_length_out,env_runners/env_step_timer,env_runners/num_env_steps_sampled_lifetime_throughput,fault_tolerance/num_healthy_workers,fault_tolerance/num_remote_worker_restarts,env_runner_group/actor_manager_num_outstanding_async_reqs,perf/cpu_util_percent,perf/ram_util_percent,env_runners/env_to_module_connector/connector_pipeline_timer,env_runners/module_to_env_connector/connector_pipeline_timer,env_runners/num_agent_steps_sampled/default_agent,env_runners/agent_episode_return_mean/default_agent,env_runners/num_module_steps_sampled/default_policy,env_runners/num_module_steps_sampled_lifetime/default_policy,env_runners/num_agent_steps_sampled_lifetime/default_agent,env_runners/module_episode_return_mean/default_policy,learners/__all_modules__/num_env_steps_trained,learners/__all_modules__/num_trainable_parameters,learners/__all_modules__/learner_connector_sum_episodes_length_in,learners/__all_modules__/num_non_trainable_parameters,learners/__all_modules__/learner_connector_sum_episodes_length_out,learners/__all_modules__/num_module_steps_trained,learners/__all_modules__/num_env_steps_trained_lifetime,learners/__all_modules__/num_module_steps_trained_lifetime,learners/__all_modules__/num_env_steps_trained_lifetime_throughput,learners/__all_modules__/num_module_steps_trained_throughput,learners/__all_modules__/num_module_steps_trained_lifetime_throughput,learners/default_policy/diff_num_grad_updates_vs_sampler_policy,learners/default_policy/weights_seq_no,learners/default_policy/mean_kl_loss,learners/default_policy/curr_kl_coeff,learners/default_policy/module_train_batch_size_mean,learners/default_policy/curr_entropy_coeff,learners/default_policy/default_optimizer_learning_rate,learners/default_policy/total_loss,learners/default_policy/num_module_steps_trained,learners/default_policy/vf_loss,learners/default_policy/gradients_default_optimizer_global_norm,learners/default_policy/vf_explained_var,learners/default_policy/vf_loss_unclipped,learners/default_policy/policy_loss,learners/default_policy/num_module_steps_trained_lifetime,learners/default_policy/num_trainable_parameters,learners/default_policy/entropy,learners/default_policy/num_module_steps_trained_lifetime_throughput,learners/__all_modules__/learner_connector/connector_pipeline_timer,env_runners/env_to_module_connector/timers/connectors/batch_individual_items,env_runners/env_to_module_connector/timers/connectors/add_time_dim_to_batch_and_zero_pad,env_runners/env_to_module_connector/timers/connectors/add_states_from_episodes_to_batch,env_runners/env_to_module_connector/timers/connectors/numpy_to_tensor,env_runners/env_to_module_connector/timers/connectors/add_observations_from_episodes_to_batch,env_runners/module_to_env_connector/timers/connectors/get_actions,env_runners/module_to_env_connector/timers/connectors/remove_single_ts_time_rank_from_batch,env_runners/module_to_env_connector/timers/connectors/normalize_and_clip_actions,env_runners/module_to_env_connector/timers/connectors/tensor_to_numpy,env_runners/module_to_env_connector/timers/connectors/listify_data_for_vector_env,env_runners/module_to_env_connector/timers/connectors/un_batch_to_individual_items,learners/__all_modules__/learner_connector/timers/connectors/general_advantage_estimation,learners/__all_modules__/learner_connector/timers/connectors/add_one_ts_to_episodes_and_truncate,learners/__all_modules__/learner_connector/timers/connectors/add_columns_from_episodes_to_train_batch,learners/__all_modules__/learner_connector/timers/connectors/add_observations_from_episodes_to_batch,learners/__all_modules__/learner_connector/timers/connectors/batch_individual_items,learners/__all_modules__/learner_connector/timers/connectors/add_time_dim_to_batch_and_zero_pad,learners/__all_modules__/learner_connector/timers/connectors/add_states_from_episodes_to_batch,learners/__all_modules__/learner_connector/timers/connectors/numpy_to_tensor
1,4000,False,1,aaf50_00000,2025-12-04_15-49-26,1764843566,14.15023922920227,14.15023922920227,22332,LAPTOP-HQRQ0VAR,127.0.0.1,14.15023922920227,1,14.146327700000256,1.5900000107649248e-05,14.145980100000088,6.043824399999721,8.099071900000126,0.0025385999997524777,5214.488174438471,4000,1,1,0.001881800000774092,6.001929400000336,2276,2276,0.0,1625.0000673090874,2276.0,5214.488174438471,0.0001631081568181037,5214.488174438471,4000,3.2884551999995892,1625.0000673090874,0.00017466368795286704,658.9188137233787,1,0,0,55.43333333333333,84.27142857142856,0.00024870052124640484,0.0006394705678897828,4000,5214.488174438471,4000,4000,4000,5214.488174438471,3753876,138244,4000,0,4002,120064,3753876,120064,505052.7048529189,16164.423519121574,16161.136885041618,1.0,1.0,0.01687132,0.20000000298023224,128.0,0.0,5e-05,9.909696,120064,10.0,2.1511638,0.00035983324,297930.2,-0.09367887,120064,138244,1.0504829,16167.67120885914,0.27954609999960667,2.638501072704698e-05,3.951603185654166e-06,2.8356097800625596e-06,4.704088215371115e-05,1.0314271417410058e-05,0.0002390346528241244,2.596744059981816e-06,3.989869201432722e-05,7.365747316165857e-05,4.5899618336976506e-05,2.6447877305322586e-05,0.07389919999968697,0.003943499999877531,0.10030819999974483,0.00011339999946358148,0.08976410000013857,3.319999996165279e-05,9.999999747378752e-06,0.010713399999985995
1,8000,False,2,aaf50_00000,2025-12-04_15-49-40,1764843580,13.702769041061401,27.853008270263672,22332,LAPTOP-HQRQ0VAR,127.0.0.1,27.853008270263672,2,14.14182584400025,1.5905000109341926e-05,14.141476417000085,6.04657282599972,8.091813913000124,0.002542882999750873,6533.8294194539385,8000,3,2,0.001881800000774092,6.004679373000336,2276,2276,1.0,1073.0172761232443,2276.0,4850.1504592895435,0.00014986177864314418,9536.849624633804,4000,3.4339656666664573,1073.0172761232443,0.00015800475145737387,657.9593759889362,1,0,0,56.34736842105263,84.95263157894736,0.00022511207497430272,0.0005777745091486643,4000,6533.8294194539385,4000,8000,8000,6533.8294194539385,3758817,138244,4000.0,0,4002.01,120192,7512693,240256,502289.59816141543,16076.220002385053,16072.749989350885,1.0,2.0,0.006164736,0.20000000298023224,128.0,0.0,5e-05,10.0739565,120192,9.922034,1.5531621,-0.00064718723,494928.56,0.15068942,240256,138244,1.0657278,16079.654532063072,0.27927830799961156,2.3371740361813974e-05,3.6476494293492957e-06,2.7009150845487036e-06,4.459302718690273e-05,9.347161466433957e-06,0.000219055512046915,2.360732260286471e-06,3.624395369605996e-05,6.433509969948996e-05,4.1317863921982615e-05,2.4017765976400723e-05,0.07334217999969041,0.003932368999876416,0.10072605499974997,0.00011281399946710735,0.08975441600014164,3.347099996062752e-05,1.0106999752679258e-05,0.010607981999992262
1,12000,False,3,aaf50_00000,2025-12-04_15-49-53,1764843593,13.469409465789795,41.32241773605347,22332,LAPTOP-HQRQ0VAR,127.0.0.1,41.32241773605347,3,14.135055607560247,1.593595010890567e-05,14.134704405830082,6.044381761739723,8.087232026870122,0.002542505169746619,8659.395742797844,12000,5,2,0.001881800000774092,6.002499580270327,2276,2276,2.0,525.4342367371406,2276.0,4850.1504592895435,0.00016816877970202824,15783.518493652307,4000,3.3503845600000206,525.4342367371406,0.00017886351162853224,656.1988186632839,1,0,0,54.69500000000001,84.91999999999999,0.00025361922864610423,0.000655889703291432,4000,8659.395742797844,4000,12000,12000,8659.395742797844,3758817,138244,4000.0,0,4002.0199000000002,120192,11271510,360448,503894.50727895217,16126.759075607091,16123.575294426848,1.0,3.0,0.0078419885,0.20000000298023224,128.0,0.0,5e-05,10.015212,120192,9.921275,1.5451536,-9.8347664e-05,865059.75,0.092366904,360448,138244,1.0697497,16129.852824238478,0.27866226891961393,2.6789156257488286e-05,4.0697033074069295e-06,2.9214056695466135e-06,4.78377405380813e-05,1.058839296069471e-05,0.0002458777465238372,2.773796195613e-06,4.131775455002982e-05,7.24718049518099e-05,4.9478114798250146e-05,2.7432123261051764e-05,0.07275857419969634,0.003924094309876909,0.10095026144975935,0.00011234585947759116,0.08961351784014004,3.344328996126933e-05,1.0109929755799387e-05,0.010504142179986685
1,16000,False,4,aaf50_00000,2025-12-04_15-50-07,1764843607,13.430100440979004,54.75251817703247,22332,LAPTOP-HQRQ0VAR,127.0.0.1,54.75251817703247,4,14.127859910484645,1.596859060551287e-05,14.127503408771775,6.0429976691223235,8.08137966760142,0.002571217118055602,9529.024610246923,16000,7,2,0.001881800000774092,6.001143910467623,2276,2276,3.0,1107.1289171758626,2276.0,4850.1504592895435,0.00015917328118543887,15783.518493652307,4000,3.33894901428578,1107.1289171758626,0.00016652477424645482,653.7024607132322,1,0,0,55.05263157894737,85.09473684210526,0.0002390470393446414,0.000612351205880496,4000,9529.024610246923,4000,16000,16000,9529.024610246923,3758817,138244,4000.0,0,4002.0297010000004,120192,15030327,480640,504180.7205927165,16135.866234170782,16132.542901278492,1.0,4.0,0.00825995,0.20000000298023224,128.0,0.0,5e-05,9.961725,120192,9.92192,3.1497366,0.00020700693,860184.1,0.038153768,480640,138244,1.0503718,16139.006678572048,0.27832547923041834,2.6011310882010573e-05,3.7105203333976517e-06,2.7134024101376867e-06,4.523421324676321e-05,9.925206166821475e-06,0.00023218678776842965,2.5531408499277433e-06,3.8549003460101766e-05,6.724879354081104e-05,4.4308286645434836e-05,2.51871514296147e-05,0.0722102854577036,0.003937467366774678,0.1013348608352565,0.00011222640087891614,0.0895306266617395,3.351185705620537e-05,1.0146830454027623e-05,0.010401676758183952
1,20000,False,5,aaf50_00000,2025-12-04_15-50-21,1764843621,13.559108972549438,68.31162714958191,22332,LAPTOP-HQRQ0VAR,127.0.0.1,68.31162714958191,5,14.122205140379794,1.595990469418797e-05,14.12184780668406,6.0409466834311,8.077779246925404,0.0025667999468809667,9698.088490486134,20000,8,1,0.001881800000774092,5.999186607362947,2276,2276,4.0,1693.0000329685322,2276.0,4850.1504592895435,0.00016248196755730838,15783.518493652307,4000,3.3202230250000184,1693.0000329685322,0.00017766450334315607,650.558028106636,1,0,0,54.660000000000004,85.46999999999998,0.0002494786747275465,0.0006539359705241376,4000,9698.088490486134,4000,20000,20000,9698.088490486134,3753876,138244,4000.0,0,4002.0294039900004,120064,18784203,600704,505351.56345850456,16172.352841153213,16169.31184338686,1.0,5.0,0.0097824,0.20000000298023224,128.0,0.0,5e-05,10.043419,120064,10.0,3.5618534,0.00028806925,558089.7,0.041462645,600704,138244,1.0265083,16175.242339584545,0.27961551843811394,2.642464418876427e-05,4.023654503545329e-06,2.865861371704247e-06,4.80209179022743e-05,1.0706660920810133e-05,0.00024833895125207697,2.704535048687714e-06,4.1188116586237415e-05,7.217094656554022e-05,4.771251600773536e-05,2.731145082420564e-05,0.07189709360313064,0.003927321693099415,0.10146220222690594,0.00011159413687230046,0.09111415739512085,3.346473848673517e-05,1.0127362146324459e-05,0.01030595799060458
1,24000,False,6,aaf50_00000,2025-12-04_15-50-34,1764843634,13.336129665374756,81.64775681495667,22332,LAPTOP-HQRQ0VAR,127.0.0.1,81.64775681495667,6,14.114242325975999,1.5946305649378585e-05,14.113882100617225,6.040340237596787,8.070412447456148,0.0025710479474062025,8907.033669280998,24000,10,2,0.001881800000774092,5.998623221289314,2276,2276,5.0,1141.0087224708382,2276.0,4268.751403808603,0.00015436627277058427,15783.518493652307,4000,3.328156200000103,1141.0087224708382,0.000161837618988874,646.8190840933524,1,0,0,54.578947368421055,85.25263157894737,0.00023349217665944613,0.0006014548575598414,4000,8907.033669280998,4000,24000,24000,8907.033669280998,3758817,138244,4000.0,0,4002.0391099501007,120192,22543020,720896,506070.3393543152,16194.548423423303,16191.6760106075,1.0,6.0,0.011207177,0.20000000298023224,128.0,0.0,5e-05,9.830324,120192,9.897527,4.3279443,-8.9764595e-05,349752.2,-0.06944403,720896,138244,1.0368826,16197.310308187773,0.2795798652537338,2.486204250398961e-05,3.651913712552774e-06,2.6994759693496905e-06,4.4982973960522e-05,9.747671934928969e-06,0.00022599142376794547,2.6926508406946585e-06,3.823574203116294e-05,6.717023200179264e-05,4.360760363986171e-05,2.4986895914728758e-05,0.07144451366710398,0.003919087476164292,0.10151244120464127,0.00011110819549857624,0.0915923918211761,3.343209110042322e-05,1.011408852191055e-05,0.010205530410703713
1,28000,False,7,aaf50_00000,2025-12-04_15-50-47,1764843647,13.332950353622437,94.9807071685791,22332,LAPTOP-HQRQ0VAR,127.0.0.1,94.9807071685791,7,14.10629595071624,1.5971842591849283e-05,14.105933813611047,6.038798184220818,8.064004901981589,0.0025707874679349605,9701.80443636576,28000,12,2,0.001881800000774092,5.997153955076419,2276,2276,6.0,591.2387835561159,2276.0,4268.751403808603,0.00015703441282801194,16131.230438232411,4000,3.3193908666667085,591.2387835561159,0.00016713501645426894,642.5778222306838,1,0,0,54.64736842105262,85.49473684210524,0.00024085990258090447,0.0006180118519792946,4000,9701.80443636576,4000,28000,28000,9701.80443636576,3758817,138244,4000.0,0,4002.0487188506,120192,26301837,841088,507555.7176797088,16241.744081143837,16238.90018888935,1.0,7.0,0.009304359,0.20000000298023224,128.0,0.0,5e-05,10.050165,120192,10.0,3.5070677,-0.00033390522,638583.2,0.048304513,841088,138244,1.0333967,16244.523535671417,0.2785816506012018,2.5309820451409598e-05,3.928552405941903e-06,2.7957098073241704e-06,4.60874167960486e-05,1.0199155486787398e-05,0.00023272198293092185,2.5309339516241627e-06,3.88773216018949e-05,6.938517767138444e-05,4.461462326161409e-05,2.5752786614181442e-05,0.07083232453043306,0.003911238601395596,0.10141896279259191,0.00011061411354874023,0.09141169190296436,3.347877018925286e-05,1.0109947629511645e-05,0.010105177106596246
1,32000,False,8,aaf50_00000,2025-12-04_15-51-01,1764843661,13.659782648086548,108.64048981666565,22332,LAPTOP-HQRQ0VAR,127.0.0.1,108.64048981666565,8,14.101866408209078,1.601512416553195e-05,14.101503489474936,6.0388087053786155,8.059570303961769,0.0025652715932573816,9900.94090652466,32000,14,2,0.001881800000774092,5.997192107525658,2276,2276,7.0,611.6252299006246,2276.0,4268.751403808603,0.0010796994236201693,16131.230438232411,4000,3.3146190500001467,611.6252299006246,0.0001660488949739304,637.8804745411679,1,0,0,56.145,86.205,0.00022874902643370198,0.0005888412014460395,4000,9900.94090652466,4000,32000,32000,9900.94090652466,3758817,138244,4000.0,0,4002.058231662094,120192,30060654,961280,508330.06131147774,16266.147144314806,16263.49983719439,1.0,8.0,0.00798163,0.20000000298023224,128.0,0.0,5e-05,10.012596,120192,9.921875,4.2126107,0.00063985586,735454.06,0.08912427,961280,138244,1.0293272,16268.74542845972,0.27802162809518616,2.4085147350955938e-05,3.933767701360553e-06,2.7445688528910736e-06,4.5562308917420224e-05,9.809330307257947e-06,0.00022530350238849175,2.473349710377839e-06,3.761242838770221e-05,6.570987061112763e-05,4.217055010091068e-05,2.4336322122939385e-05,0.07033480328513016,0.003903215215385343,0.10141088416466296,0.00011101397241195166,0.09146220398393477,3.3478982491630445e-05,1.0114848150902541e-05,0.010009215335534486
1,36000,False,9,aaf50_00000,2025-12-04_15-51-14,1764843674,13.160384178161621,121.80087399482727,22332,LAPTOP-HQRQ0VAR,127.0.0.1,121.80087399482727,9,14.092430212126985,1.596897291881396e-05,14.092066698580188,6.037058560324825,8.051890422922156,0.0025589788773214034,9510.589704386393,36000,15,1,0.001881800000774092,5.995487472450401,2276,2276,8.0,1761.0000161329497,2276.0,4045.6728744506436,0.0001546374816532164,16131.230438232411,4000,3.3196913866667574,1761.0000161329497,0.00016264666613457682,632.7825903684678,1,0,0,54.16111111111111,86.72222222222223,0.00022955947847440645,0.0005941553328655967,4000,9510.589704386393,4000,36000,36000,9510.589704386393,3753876,138244,4000.0,0,4002.057649345473,120064,33814530,1081344,511801.88491413783,16376.928595525189,16374.461640274405,1.0,9.0,0.017556457,0.20000000298023224,128.0,0.0,5e-05,9.882324,120064,9.951598,6.216625,-0.0002770424,309651.53,-0.07278453,1081344,138244,1.0413703,16379.359548232103,0.2770742778142295,2.4426065375137923e-05,3.6626449613503314e-06,2.611403782074071e-06,4.482522333709844e-05,9.67235715196543e-06,0.00022417237885150152,2.4806879096682636e-06,3.773326817932075e-05,6.608055431606801e-05,4.323707302788033e-05,2.4518249083894466e-05,0.06973862625227852,0.003893617063229708,0.10140371632301233,0.00011038283268810071,0.09123035094409998,3.3443192660615954e-05,1.009969966940376e-05,0.009910849182179557
1,40000,False,10,aaf50_00000,2025-12-04_15-51-28,1764843688,13.037153720855713,134.83802771568298,22332,LAPTOP-HQRQ0VAR,127.0.0.1,134.83802771568298,10,14.08182144200571,1.5954283184143822e-05,14.08145511459439,6.035327369721577,8.043005375692932,0.002561668088546482,9414.934759252203,40000,17,2,0.001881800000774092,5.993829441725904,2276,2276,9.0,1209.0044038524416,2276.0,4045.6728744506436,0.00015834638308741812,16131.230438232411,4000,3.3209448705883915,1209.0044038524416,0.00016558642297018227,627.3543357583168,1,0,0,53.921052631578945,87.07368421052632,0.00023770830288561928,0.0006194610181825462,4000,9414.934759252203,4000,40000,40000,9414.934759252203,3758817,138244,4000.0,0,4002.067072852018,120192,37573347,1201536,514432.985230664,16460.038189617866,16457.852350087305,1.0,10.0,0.011459603,0.20000000298023224,128.0,0.0,5e-05,9.787907,120192,9.921929,4.531823,0.0012007356,570069.06,-0.13631399,1201536,138244,1.024828,16462.179046373705,0.2761676940360842,2.497510412111883e-05,3.738195177460884e-06,2.6900816072043664e-06,4.5148889884493915e-05,1.008155190484599e-05,0.0002333880356686977,2.5300648916511044e-06,3.9404666758753926e-05,6.861470859943763e-05,4.425492411734605e-05,2.669221940312187e-05,0.06919250998975238,0.0038855318925987595,0.10127083515978713,0.00010992900436298922,0.09111123343465977,3.340676073848701e-05,1.0079702671027288e-05,0.009813901690359922
1,44000,False,11,aaf50_00000,2025-12-04_15-51-41,1764843701,13.197508573532104,148.0355362892151,22332,LAPTOP-HQRQ0VAR,127.0.0.1,148.0355362892151,11,14.072989661585652,1.595574035041797e-05,14.07262163844845,6.033579700024364,8.035918895936003,0.0025606834076561252,9459.511009216301,44000,19,2,0.001881800000774092,5.992159831308649,2276,2276,10.0,658.130330225527,2276.0,4045.6728744506436,0.00014662154213701962,16131.230438232411,4000,3.306742873684351,658.130330225527,0.00015478118719134816,621.6481855242105,1,0,0,54.4,87.28421052631579,0.00021898806653181704,0.0005695106083239196,4000,9459.511009216301,4000,44000,44000,9459.511009216301,3758817,138244,4000.0,0,4002.076402123498,120192,41332164,1321728,515274.89272241166,16486.426488554105,16484.350589083275,1.0,11.0,0.014501076,0.20000000298023224,128.0,0.0,5e-05,9.887887,120192,9.899827,10.849813,-0.0015678406,498370.12,-0.01484121,1321728,138244,1.024298,16488.471401030434,0.2752200760957218,2.3120061709939495e-05,3.580737871325695e-06,2.5354452453851484e-06,4.258584413085635e-05,9.340076230892802e-06,0.00021581387409612334,2.3457648483289177e-06,3.627329079640171e-05,6.337781301418407e-05,4.1151648616700666e-05,2.3296554916875683e-05,0.0686203598898577,0.0038772845736700728,0.10118266280819152,0.00010943671432112371,0.09093244910031686,3.3378693123735725e-05,1.006490564432726e-05,0.009717474673450181
1,48000,False,12,aaf50_00000,2025-12-04_15-51-54,1764843714,13.473657131195068,161.50919342041016,22332,LAPTOP-HQRQ0VAR,127.0.0.1,161.50919342041016,12,14.066947579969801,1.5938182954968103e-05,14.06657748806397,6.034018798024116,8.029429405976641,0.0025646785735837247,9612.009768168125,48000,21,2,0.001881800000774092,5.992606415995563,2276,2276,11.0,395.12016991685255,2276.0,4045.6728744506436,0.00016043134997515362,16131.230438232411,4000,3.311091528571567,395.12016991685255,0.00016827993108547385,615.6844573789007,1,0,0,53.305263157894736,87.36315789473684,0.00024246339733254824,0.0006303472454563343,4000,9612.009768168125,4000,48000,48000,9612.009768168125,3758817,138244,4000.0,0,4002.085638102263,120192,45090981,1441920,517900.7594833154,16569.674977866907,16567.767688971853,1.0,12.0,0.016409755,0.20000000298023224,128.0,0.0,5e-05,9.804134,120192,10.0,6.178698,-0.0019385815,832977.5,-0.19914669,1441920,138244,0.9898915,16571.56801534163,0.27463122933476847,2.5861441926125396e-05,3.812743211954486e-06,2.764516479180317e-06,4.599958578413719e-05,1.0096843444579061e-05,0.00024066809707627923,2.8874617200081344e-06,3.944249418843927e-05,6.961015721736968e-05,4.512882954495865e-05,2.6718523475738082e-05,0.06816443829096137,0.00387149472793434,0.10115755318011484,0.00010949534718079946,0.09092673960931114,3.332790619189755e-05,1.0069256587050453e-05,0.009622288926708725
1,52000,False,13,aaf50_00000,2025-12-04_15-52-08,1764843728,13.462060928344727,174.97125434875488,22332,LAPTOP-HQRQ0VAR,127.0.0.1,174.97125434875488,13,14.060821874170104,1.5894801126489793e-05,14.060451157183332,6.033284165043882,8.024044203916873,0.002558640787848743,9304.892799377434,52000,22,1,0.001881800000774092,5.991906061835608,2276,2276,12.0,1829.0000078865964,2276.0,2855.436454772953,0.00015021257576301492,16131.230438232411,4000,3.313852777272876,1829.0000078865964,0.00015738440756638052,609.5065723929519,1,0,0,55.959999999999994,85.07499999999999,0.000225701457811828,0.0005795575945018703,4000,9304.892799377434,4000,52000,52000,9304.892799377434,3753876,138244,4000.0,0,4002.0847817212407,120064,48844857,1561984,517732.0319887345,16564.308903502715,16562.22326726609,1.0,13.0,0.013025875,0.20000000298023224,128.0,0.0,5e-05,9.809303,120064,9.8440075,7.0826063,0.0012203455,449646.16,-0.03730959,1561984,138244,0.984598,16566.21024153169,0.2742142030414245,2.375077615770033e-05,3.6134002671027318e-06,2.599843091379651e-06,4.429287438494946e-05,9.420151620760038e-06,0.00022104865864399362,2.3953867100713712e-06,3.6566410041622755e-05,6.45772880806906e-05,4.159192594989678e-05,2.353132448705591e-05,0.06775434990805873,0.0038629247806556263,0.10125379164831093,0.0001088753937060869,0.09092971121321734,3.332362713403646e-05,1.0069564026268229e-05,0.009527932037443976
1,56000,False,14,aaf50_00000,2025-12-04_15-52-22,1764843742,13.404261112213135,188.37551546096802,22332,LAPTOP-HQRQ0VAR,127.0.0.1,188.37551546096802,14,14.054188399428401,1.5844853108469548e-05,14.053816886611495,6.030628854393442,8.020063843877711,0.0025580783799671026,9848.727540651953,56000,24,2,0.001881800000774092,5.98925936021725,2276,2276,13.0,1277.002223442954,2276.0,2855.436454772953,0.00015423498045815965,16909.058189392155,4000,3.306505516666789,1277.002223442954,0.00016179628927296482,603.1559898798157,1,0,0,55.22631578947368,84.1263157894737,0.00023078928408585693,0.000597435583544016,4000,9848.727540651953,4000,56000,56000,9848.727540651953,3758817,138244,4000.0,0,4002.0939339040283,120192,52603674,1682176,518772.377336552,16597.17273961845,16595.165596998988,1.0,14.0,0.013209299,0.20000000298023224,128.0,0.0,5e-05,10.000199,120192,10.0,5.813051,-0.0033608675,1188863.9,-0.0024416111,1682176,138244,0.96741927,16598.966291107554,0.2751430580110096,2.4144931206903726e-05,3.6693205172219776e-06,2.6259027566377493e-06,4.527553042368824e-05,1.0063704213441948e-05,0.00022662002998847234,2.4953929162846742e-06,3.78110038327696e-05,6.631418410426965e-05,4.308458191456976e-05,2.438512462106453e-05,0.06723951740898082,0.003862663532844969,0.101152731731826,0.00010850063976699598,0.09256797410108789,3.3442390857462175e-05,1.0161868391316297e-05,0.009435860717067803
1,60000,False,15,aaf50_00000,2025-12-04_15-52-35,1764843755,13.051416635513306,201.42693209648132,22332,LAPTOP-HQRQ0VAR,127.0.0.1,201.42693209648132,15,14.044110333434116,1.5851404578673573e-05,14.043736701745384,6.027573896849506,8.013030171438933,0.00256448459616955,10038.0856076754,60000,26,2,0.001881800000774092,5.986193771615073,2276,2276,14.0,725.5706877805361,2276.0,2855.436454772953,0.00016382321015322735,16909.058189392155,4000,3.2994033576924267,725.5706877805361,0.00018020184129358667,596.6592009714838,1,0,0,53.27368421052631,84.44736842105263,0.0002543967866330386,0.0006642521578026327,4000,10038.0856076754,4000,60000,60000,10038.0856076754,3758817,138244,4000.0,0,4002.102994564988,120192,56362491,1802368,521869.51183128625,16696.105456337813,16694.079151902108,1.0,15.0,0.0137493815,0.20000000298023224,128.0,0.0,5e-05,10.048481,120192,10.0,11.16808,-0.0010823011,754683.4,0.04573088,1802368,138244,0.93057394,16697.910417622843,0.2744722604308954,2.6682449766206347e-05,4.058063768887683e-06,2.877895250588728e-06,4.843011204907575e-05,1.0613939267957592e-05,0.0002496130085558694,2.7181270235502e-06,4.32159643477992e-05,7.313558713575569e-05,4.791110565813851e-05,2.7396839774894328e-05,0.0667050522348827,0.0038667538975131473,0.10129281841449897,0.00010803363337299531,0.09237943636008424,3.347796694681652e-05,1.0164249708050054e-05,0.009345797109895946
1,64000,False,16,aaf50_00000,2025-12-04_15-52-48,1764843768,13.218942165374756,214.64587426185608,22332,LAPTOP-HQRQ0VAR,127.0.0.1,214.64587426185608,16,14.035800416099772,1.586989052550506e-05,14.035424693727924,6.024870976881008,8.007418513724543,0.0025649797502077954,10126.402619498112,64000,28,2,0.001881800000774092,5.9834941928989265,2276,2276,15.0,319.47757984302194,2276.0,2855.436454772953,0.0001384770060421899,16909.058189392155,4000,3.2939058678572826,319.47757984302194,0.00014905043676688074,590.0621042544266,1,0,0,53.73157894736842,84.56315789473685,0.00021748587489990478,0.0005644831585892395,4000,10126.402619498112,4000,64000,64000,10126.402619498112,3758817,138244,4000.0,0,4002.1119646193383,120192,60121308,1922560,519318.38123509387,16614.360923242795,16611.964728273404,1.0,16.0,0.016574286,0.20000000298023224,128.0,0.0,5e-05,10.073356,120192,10.0,9.4069195,-0.0014029741,581434.0,0.07004042,1922560,138244,0.91497856,16616.124357960914,0.27409064982658915,2.275521403699621e-05,4.262872206670594e-06,2.492110653129466e-06,4.057139682007925e-05,8.914149958849057e-06,0.0002126969574128489,2.3482538876239246e-06,3.6268019064284e-05,6.231859109523714e-05,4.012951022104742e-05,2.328901229330326e-05,0.06631745771253225,0.0038664363585332777,0.10123046823035575,0.00010776129703449687,0.09253928399647753,3.3432187276959756e-05,1.0149607209499345e-05,0.009255571138796102
1,68000,False,17,aaf50_00000,2025-12-04_15-53-02,1764843782,13.436081409454346,228.08195567131042,22332,LAPTOP-HQRQ0VAR,127.0.0.1,228.08195567131042,17,14.029715701938775,1.5823191618148246e-05,14.029337967790646,6.0224277461121964,8.003760144587297,0.002575478952703467,10160.407476754019,68000,29,1,0.001881800000774092,5.981120474969936,2276,2276,16.0,1897.000003851216,2276.0,2855.436454772953,0.00015265696537749996,16909.058189392155,4000,3.2919416172414993,1897.000003851216,0.0001580483934057217,583.3822216642508,1,0,0,55.06315789473685,85.16315789473684,0.0002250900951807536,0.0005761501359944294,4000,10160.407476754019,4000,68000,68000,10160.407476754019,3753876,138244,4000.0,0,4002.110844973145,120064,63875184,2042624,515749.8909751925,16500.237855136045,16497.85032408034,1.0,17.0,0.015234202,0.20000000298023224,128.0,0.0,5e-05,10.072538,120064,9.934186,11.457289,-0.00080633163,491729.88,0.13530557,2042624,138244,0.90359133,16502.02489793556,0.2750778123283221,2.4069456979215566e-05,3.5092927441888684e-06,2.562614583477276e-06,4.3942448476811725e-05,9.251626840404665e-06,0.00021814414783592176,2.611063769822201e-06,3.6116178490980864e-05,6.489720808143327e-05,4.160460253350336e-05,2.3603829661121072e-05,0.06597801213540848,0.0038716329949425943,0.10111500254805857,0.00010731968405936293,0.09406535415651035,3.341286540168956e-05,1.0136111143548635e-05,0.009168090427407264
1,72000,False,18,aaf50_00000,2025-12-04_15-53-15,1764843795,13.144720077514648,241.22667574882507,22332,LAPTOP-HQRQ0VAR,127.0.0.1,241.22667574882507,18,14.02078865791939,1.5768959702613683e-05,14.020409791112735,6.019714359651076,7.997533814141418,0.0025845821631755085,10409.306245865355,72000,31,2,0.001881800000774092,5.978360652220236,2276,2276,17.0,1345.0011225849717,2276.0,2855.436454772953,0.00014569054997345658,16909.058189392155,4000,3.2848694419355757,1345.0011225849717,0.00015653042356110193,576.6365194715027,1,0,0,53.03157894736842,85.2157894736842,0.0002259553251173247,0.0005730612527079571,4000,10409.306245865355,4000,72000,72000,10409.306245865355,3758817,138244,4000.0,0,4002.119736523414,120192,67634001,2162816,516766.4909417432,16532.729031707764,16530.313548965794,1.0,18.0,0.013511477,0.20000000298023224,128.0,0.0,5e-05,9.929384,120192,10.0,9.8826685,-0.0027202368,834186.75,-0.07331861,2162816,138244,0.869166,16534.582308094043,0.27475988820503766,2.4146265087540503e-05,3.5301992648516645e-06,2.521170664573428e-06,4.327381289842896e-05,9.221175274008898e-06,0.00021545999844425881,2.337034974648699e-06,3.6373996627716944e-05,6.420625362302078e-05,4.166687978193003e-05,2.3832330905779718e-05,0.06559713601405144,0.0038692646649964406,0.10116445752258037,0.00010690848721186832,0.09417164161494941,3.3398736746864736e-05,1.013775003424052e-05,0.009079699523128296
1,76000,False,19,aaf50_00000,2025-12-04_15-53-28,1764843808,13.039333581924438,254.2660093307495,22332,LAPTOP-HQRQ0VAR,127.0.0.1,254.2660093307495,19,14.01102128934019,1.5744270108776045e-05,14.01064149420161,6.016330966054565,7.991155083000003,0.002578880341543826,10420.192202712546,76000,33,2,0.001881800000774092,5.975054666698028,2276,2276,18.0,793.2881322072941,2276.0,2855.436454772953,0.00014596103543135623,16909.058189392155,4000,3.2787735757576613,793.2881322072941,0.00015199831941145432,569.8650217035307,1,0,0,53.49999999999999,85.42631578947369,0.00021783906444085467,0.0005634270735055511,4000,10420.192202712546,4000,76000,76000,10420.192202712546,3758817,138244,4000.0,0,4002.12853915818,120192,71392818,2283008,517694.7130081578,16562.166142063063,16559.735497086665,1.0,19.0,0.013557276,0.20000000298023224,128.0,0.0,5e-05,10.148574,120192,10.0,8.66957,-0.0033299923,499303.0,0.14586285,2283008,138244,0.83611816,16563.9111560103,0.2739273683229876,2.3119816209545765e-05,3.4122782291717758e-06,2.4907020562303802e-06,4.156384593929321e-05,9.184842972728392e-06,0.0002145770689483584,2.2839566668419294e-06,3.54700912768882e-05,6.214702034817806e-05,4.097464562735961e-05,2.3045531165664364e-05,0.0651059746539166,0.003861366018350356,0.1010488219473619,0.0001064914023476532,0.0940460921988026,3.3358749380700175e-05,1.0116372533696134e-05,0.008990932527893025
1,80000,False,20,aaf50_00000,2025-12-04_15-53-41,1764843821,13.417905569076538,267.68391489982605,22332,LAPTOP-HQRQ0VAR,127.0.0.1,267.68391489982605,20,14.005059151446781,1.5687827403681618e-05,14.004678894259602,6.014010008394027,7.987519126170001,0.0025739025381232524,10600.013817269457,80000,35,2,0.001881800000774092,5.972749024031052,2276,2276,19.0,314.9544630861685,2276.0,2855.436454772953,0.00017053064004681555,16909.058189392155,4000,3.2747195657143364,314.9544630861685,0.00018425812521131156,563.0843556578288,1,0,0,53.88947368421052,86.03684210526315,0.0002682157842462149,0.0006876155841128583,4000,10600.013817269457,4000,80000,80000,10600.013817269457,3758817,138244,4000.0,0,4002.1372537665984,120192,75151635,2403200,520140.3857682185,16639.69010769579,16637.42540692196,1.0,20.0,0.012140376,0.20000000298023224,128.0,0.0,5e-05,9.916206,120192,9.942874,7.4633756,-0.0039741993,928272.4,-0.029095756,2403200,138244,0.850276,16641.244376656345,0.2755966506397562,2.835025971106408e-05,4.246435180861028e-06,3.159405391119992e-06,5.1557368739845686e-05,1.1066102489982242e-05,0.0002631326927902333,2.7644585031172047e-06,4.296190230240461e-05,7.607300187618484e-05,5.019969768074497e-05,2.7706224910277013e-05,0.06485042190737124,0.0038544113581725275,0.10101346472788388,0.0001060454883263655,0.0961015572768087,3.330416189221417e-05,1.0110208813235229e-05,0.008904450202615561
1,84000,False,21,aaf50_00000,2025-12-04_15-53-55,1764843835,13.030426025390625,280.7143409252167,22332,LAPTOP-HQRQ0VAR,127.0.0.1,280.7143409252167,21,13.995180905932314,1.5644949133677077e-05,13.994800023317003,6.0110584643100875,7.980592163908304,0.0025723775127375016,10862.845929039844,84000,36,1,0.001881800000774092,5.969846589790739,2276,2276,20.0,1965.0000018784776,2276.0,2855.436454772953,0.00015132929383223934,20061.969841003403,4000,3.273017261111161,1965.0000018784776,0.00016424593684960032,556.3001342237965,1,0,0,52.97368421052631,85.99473684210527,0.00022886275513554,0.0006026623982496676,4000,10862.845929039844,4000,84000,84000,10862.845929039844,3753876,138244,4000.0,0,4002.1358812289322,120064,78905511,2523264,520839.6049171383,16661.875042350373,16659.70785126076,1.0,21.0,0.013343262,0.20000000298023224,128.0,0.0,5e-05,9.726873,120064,9.767248,12.869181,-0.0019415617,1017559.5,-0.043042444,2523264,138244,0.9085648,16663.383057673982,0.2748684421333624,2.449086105824806e-05,3.7877056124318515e-06,2.6112456470310033e-06,4.4573096561221795e-05,9.892711255054163e-06,0.00023038546087801346,2.5912643991723142e-06,3.833718625024431e-05,6.63437647824713e-05,4.356954904855262e-05,2.4399504760607672e-05,0.06443916768829766,0.003845997244586354,0.10090812508060178,0.00010554503344168798,0.09598902970404206,3.326812027015476e-05,1.0094106726593575e-05,0.008817394700582452
1,88000,False,22,aaf50_00000,2025-12-04_15-54-08,1764843848,13.445393562316895,294.15973448753357,22332,LAPTOP-HQRQ0VAR,127.0.0.1,294.15973448753357,22,13.989623490872992,1.5604499643411678e-05,13.989241706083833,6.009827074666986,7.976263248269222,0.002572491737602417,11139.29988198531,88000,38,2,0.001881800000774092,5.9687029418928335,2276,2276,21.0,1413.00056677731,2276.0,2855.436454772953,0.00017191565459743384,20061.969841003403,4000,3.271963915789528,1413.00056677731,0.00018268178938397222,549.5376331204706,1,0,0,53.52105263157895,85.99473684210527,0.0002632949555482268,0.0006811107902159169,4000,11139.29988198531,4000,88000,88000,11139.29988198531,3758817,138244,4000.0,0,4002.144522416643,120192,82664328,2643456,523049.93227071187,16732.279243239518,16730.199522238523,1.0,22.0,0.0137791,0.20000000298023224,128.0,0.0,5e-05,10.144134,120192,10.0,7.6964664,-0.004134178,839366.5,0.14137742,2643456,138244,0.8238994,16733.772490291612,0.27420945971203176,2.7851626261490862e-05,4.107016786204199e-06,3.01353246726742e-06,4.970289389333843e-05,1.0929179374987814e-05,0.0002555657832641883,2.9525558615503023e-06,4.3061936355332144e-05,7.576057308181394e-05,4.963285373199378e-05,2.8102558162479896e-05,0.06396072401141817,0.00383813727214054,0.10092347082978877,0.000105121583099309,0.09588885340699999,3.3420439067934004e-05,1.0184165658504351e-05,0.008731232753581097
1,92000,False,23,aaf50_00000,2025-12-04_15-54-22,1764843862,13.339980125427246,307.4997146129608,22332,LAPTOP-HQRQ0VAR,127.0.0.1,307.4997146129608,23,13.983193519964262,1.55844546457247e-05,13.982809996022999,6.007907114920318,7.97175128878653,0.002571352820225938,11192.276825332636,92000,40,2,0.001881800000774092,5.966852891473899,2276,2276,22.0,861.1454738855671,2276.0,2855.436454772953,0.00016659099581451965,20061.969841003403,4000,3.270827362500063,861.1454738855671,0.00017763181763716658,542.8026088037634,1,0,0,53.98421052631578,86.05789473684213,0.0002528870058039782,0.0006568123567923788,4000,11192.276825332636,4000,92000,92000,11192.276825332636,3758817,138244,4000.0,0,4002.1530771924768,120192,86423145,2763648,524349.5167654399,16773.764558269417,16771.72906159319,1.0,23.0,0.02252068,0.30000001192092896,128.0,0.0,5e-05,9.966137,120192,9.922227,14.403137,-0.004953265,584293.3,0.039404973,2763648,138244,0.86002755,16775.352660510813,0.27538422311491373,2.6691013134329977e-05,3.936675878578646e-06,2.9027182164247106e-06,4.8660486708811476e-05,1.082031887846348e-05,0.0002469048758172847,2.7628448202678034e-06,4.1056004773731426e-05,7.349823868070913e-05,4.684732006943878e-05,2.7126387563735263e-05,0.06359277877129955,0.0038309058994143845,0.1008388551214976,0.00010466236726500226,0.09760952487292684,3.338923467432961e-05,1.0188323999605321e-05,0.008646872426049656
1,96000,False,24,aaf50_00000,2025-12-04_15-54-35,1764843875,13.37480354309082,320.87451815605164,22332,LAPTOP-HQRQ0VAR,127.0.0.1,320.87451815605164,24,13.977039790764614,1.5572610104360854e-05,13.97665500506277,6.00771671677112,7.965792346898663,0.0025664472920229843,11031.126506623763,96000,42,2,0.001881800000774092,5.966697801559163,2276,2276,23.0,346.3385648249024,2276.0,2855.436454772953,0.00014695522171492454,20061.969841003403,4000,3.274514904761981,346.3385648249024,0.00015484130502113112,536.1013725536665,1,0,0,53.363157894736844,85.8157894736842,0.0002206018176182561,0.0005761159799889986,4000,11031.126506623763,4000,96000,96000,11031.126506623763,3758817,138244,4000.0,0,4002.161546420552,120192,90181962,2883840,524870.9718734883,16790.377322509776,16788.334273102744,1.0,24.0,0.0114989765,0.30000001192092896,128.0,0.0,5e-05,10.10801,120192,10.0,8.572986,-0.0054112673,277024.97,0.10456137,2883840,138244,0.8893187,16792.106004108573,0.27475706988376153,2.329358794119804e-05,3.486019793046246e-06,2.52795098258324e-06,4.2990618087287054e-05,9.278030161224958e-06,0.00021834905184474527,2.3609327550188906e-06,3.644377268664413e-05,6.491953068161475e-05,4.130857192775605e-05,2.3529205698308072e-05,0.06311678398359101,0.0038227558404183336,0.1009049405702799,0.0001042187435909435,0.09748590662419612,3.336734232952708e-05,1.0186440757083055e-05,0.008564570701786484
1,100000,False,25,aaf50_00000,2025-12-04_15-54-49,1764843889,13.365999698638916,334.24051785469055,22332,LAPTOP-HQRQ0VAR,127.0.0.1,334.24051785469055,25,13.970799027856971,1.5523884008617752e-05,13.970413916012143,6.00735396860341,7.95991709742968,0.0025640358191021404,11044.080112723414,100000,43,1,0.001881800000774092,5.966411934543573,2276,2276,24.0,2033.0000009151213,2276.0,2855.436454772953,0.00016854283240969343,20061.969841003403,4000,3.275838851162853,2033.0000009151213,0.0001754825513860113,529.4566808389826,1,0,0,53.874999999999986,85.79999999999998,0.0002542514994985199,0.0006471942247318627,4000,11044.080112723414,4000,100000,100000,11044.080112723414,3753876,138244,4000.0,0,4002.159930956346,120064,93935838,3003904,526181.6348504408,16832.590914373963,16830.662149222822,1.0,25.0,0.010895638,0.30000001192092896,128.0,0.0,5e-05,9.962431,120064,10.0,9.871431,-0.0029209852,642330.0,-0.040837616,3003904,138244,0.8813028,16834.20494336689,0.27381690318492496,2.7851864841300945e-05,3.9055954561509565e-06,2.8654151404933683e-06,4.9996824646558566e-05,1.1210609017968798e-05,0.0002418642440522808,2.6544559806256056e-06,4.088450193069423e-05,7.16658646722751e-05,4.8298175200732154e-05,2.6965717843833543e-05,0.06267977114375432,0.0038291312820198866,0.10076269816457925,0.00010376955615933491,0.09720483655795135,3.3306668902245634e-05,1.0167576344868883e-05,0.008480681994768617
1,104000,False,26,aaf50_00000,2025-12-04_15-55-02,1764843902,13.520161867141724,347.7606797218323,22332,LAPTOP-HQRQ0VAR,127.0.0.1,347.7606797218323,26,13.966284482578406,1.5538645162418023e-05,13.96589716785202,6.006168317917373,7.956584885455379,0.002565275460916013,11194.370908101397,104000,45,2,0.001881800000774092,5.965275588198134,2276,2276,25.0,1481.0002861578653,2276.0,2855.436454772953,0.00016217161948640222,20061.969841003403,4000,3.2753130711111833,1481.0002861578653,0.00017182088898051774,522.8846179984017,1,0,0,56.968421052631584,86.13157894736844,0.00024729356868084064,0.0006319699275821462,4000,11194.370908101397,4000,104000,104000,11194.370908101397,3758817,138244,4000.0,0,4002.168331646783,120192,97694655,3124096,528418.5481911526,16903.628360913608,16901.824416046446,1.0,26.0,0.009225828,0.30000001192092896,128.0,0.0,5e-05,9.874659,120192,10.0,7.027331,-0.0056296587,790902.7,-0.12810956,3124096,138244,0.85509014,16905.096688423426,0.27507643115308006,2.567001120440011e-05,3.971999945781132e-06,2.908502372929795e-06,4.770593800841877e-05,1.0292739425342105e-05,0.0002390627247326394,2.6449303664977167e-06,3.997254022996834e-05,6.993963139213478e-05,4.562543990359374e-05,2.6211078969985702e-05,0.06239031443232079,0.0038290349691970462,0.10079208318293051,0.00010335186059844995,0.09881000919237322,3.3345602217286184e-05,1.0167900575933074e-05,0.008397793174819044
1,108000,False,27,aaf50_00000,2025-12-04_15-55-16,1764843916,13.294179677963257,361.05485939979553,22332,LAPTOP-HQRQ0VAR,127.0.0.1,361.05485939979553,27,13.959536077752626,1.553325871609947e-05,13.959145104173496,6.006521225738198,7.9494811536008205,0.002561760706301664,11130.098096644622,108000,47,2,0.001881800000774092,5.965649407316154,2276,2276,26.0,929.0734477120089,2276.0,2855.436454772953,0.00018077064783740456,20061.969841003403,4000,3.2807966170213594,929.0734477120089,0.0001909550750549075,516.3726227806726,1,0,0,54.578947368421055,86.3578947368421,0.00027043293260412546,0.0006942460707667355,4000,11130.098096644622,4000,108000,108000,11130.098096644622,3758817,138244,4000.0,0,4002.1766483303154,120192,101453472,3244288,529208.9637272914,16928.75416103915,16926.949570537236,1.0,27.0,0.013841273,0.30000001192092896,128.0,0.0,5e-05,9.968454,120192,9.92214,14.523485,-0.0049624443,564003.25,0.04216122,3244288,138244,0.8002156,16930.215990102617,0.2744345248415507,2.861163773442319e-05,4.611653037119181e-06,3.1538047109017192e-06,5.233723779767945e-05,1.1614816250461135e-05,0.00026312228366819946,2.8431499964054772e-06,4.397510364670636e-05,7.79457727686795e-05,4.945512436347766e-05,2.858062641996328e-05,0.06194554028799587,0.0038365576195020725,0.10097219935110291,0.00010308634199234542,0.09850936610044402,3.3334146191344494e-05,1.017622156193794e-05,0.008316116243074935
1,112000,False,28,aaf50_00000,2025-12-04_15-55-29,1764843929,13.521678924560547,374.5765383243561,22332,LAPTOP-HQRQ0VAR,127.0.0.1,374.5765383243561,28,13.95520816697509,1.555992613234432e-05,13.95481464713176,6.005945319480812,7.945728029064812,0.0025590510992394727,11210.883993343426,112000,49,2,0.001881800000774092,5.964731057242992,2276,2276,27.0,395.8517144875897,2276.0,2855.436454772953,0.0001711992889838039,20061.969841003403,4000,3.2808325693878606,395.8517144875897,0.0001797090624356254,509.95870522068026,1,0,0,53.74210526315789,86.28421052631579,0.0002673089989793987,0.0006821370462730401,4000,11210.883993343426,4000,112000,112000,11210.883993343426,3758817,138244,4000.0,0,4002.1848818470125,120192,105212289,3364480,530643.4882472547,16974.235702721766,16972.524308609733,1.0,28.0,0.023867557,0.45000001788139343,128.0,0.0,5e-05,9.833843,120192,10.0,9.303277,-0.0010231733,1166730.6,-0.17331661,3364480,138244,0.7809668,16975.631698375502,0.27395999359313633,2.7564140452520527e-05,4.407172657495077e-06,3.0487935692817615e-06,4.98895663859881e-05,1.1098737820837888e-05,0.00025568731667853327,3.026644817169605e-06,4.3417934947605665e-05,7.580532758276777e-05,4.864417774752179e-05,2.8408108959428875e-05,0.061589525885113246,0.0038553730433089984,0.10121184935759392,0.00010301347856386415,0.09821326943944614,3.325080473221046e-05,1.0152459349077488e-05,0.008237748080651525
1,116000,False,29,aaf50_00000,2025-12-04_15-55-43,1764843943,13.37326431274414,387.9498026371002,22332,LAPTOP-HQRQ0VAR,127.0.0.1,387.9498026371002,29,13.949418546305346,1.5635326865549125e-05,13.949023285660438,6.004778381286002,7.941108331774163,0.0025547875882510986,11297.042424926753,116000,50,1,0.001881800000774092,5.963610243670565,2276,2276,28.0,2101.000000445221,2276.0,2855.436454772953,0.0001719094954387499,20061.969841003403,4000,3.2820043300001087,2101.000000445221,0.00018683748572302658,503.6300393853818,1,0,0,56.565,84.89000000000001,0.00025107260854546676,0.0006547504741310308,4000,11297.042424926753,4000,116000,116000,11297.042424926753,3753876,138244,4000.0,0,4002.1830330285425,120064,108966165,3484544,530244.4457048578,16961.273454935006,16959.711902739367,1.0,29.0,0.008030332,0.45000001788139343,128.0,0.0,5e-05,10.186912,120064,10.0,10.721726,-0.0022691488,1208651.9,0.18329793,3484544,138244,0.8056203,16962.433278004162,0.2731124906572049,2.63867820353348e-05,4.194442718192192e-06,2.9205676851058194e-06,4.954115677079965e-05,1.0762281225357927e-05,0.0002506440428930373,2.7354043982481914e-06,4.200164031867296e-05,7.253841321449715e-05,4.712397049472143e-05,2.6606291195995467e-05,0.061178889626266046,0.003854453312876161,0.10114307086401234,0.00010255234378167746,0.09792987474505263,3.3226296683655985e-05,1.0129934756865186e-05,0.008157292599846296
1,120000,False,30,aaf50_00000,2025-12-04_15-55-56,1764843956,13.311406135559082,401.2612087726593,22332,LAPTOP-HQRQ0VAR,127.0.0.1,401.2612087726593,30,13.943101986842288,1.5591973602406365e-05,13.942705904803832,6.0048522844731425,7.934714436456424,0.002554529712362717,11832.567087173458,120000,52,2,0.001881800000774092,5.963446423233856,2276,2276,29.0,1549.000144477068,2276.0,2855.436454772953,0.00014577959522487114,27553.773048400908,4000,3.281623134615494,1549.000144477068,0.00015523051625468564,497.3958251137572,1,0,0,53.61052631578947,83.39473684210529,0.00022125281561734974,0.0005669678864470261,4000,11832.567087173458,4000,120000,120000,11832.567087173458,3758817,138244,4000.0,0,4002.1912026982573,120192,112724982,3604736,530299.1897168363,16962.868954737725,16961.43368720518,1.0,30.0,0.0066711176,0.45000001788139343,128.0,0.0,5e-05,10.019746,120192,10.0,12.322179,-0.0063586235,1622302.8,0.016743442,3604736,138244,0.75421077,16963.49264995006,0.27288852375064043,2.3226738875853067e-05,3.5283364588574083e-06,2.5350015059286362e-06,4.270998630213422e-05,9.264876441339962e-06,0.00021430822826319821,2.3158495064552473e-06,3.574906099834424e-05,6.367966976623764e-05,4.1013213788169265e-05,2.3266594171487687e-05,0.06075302573000861,0.0038709167797467605,0.10138249015537802,0.00010247782034566606,0.09795658899759864,3.3201033717067505e-05,1.0116635415440817e-05,0.008078342673848146
1,124000,False,31,aaf50_00000,2025-12-04_15-56-10,1764843970,13.38921046257019,414.6504192352295,22332,LAPTOP-HQRQ0VAR,127.0.0.1,414.6504192352295,31,13.937506944973862,1.5562053861744083e-05,13.937109745755796,6.00403627962841,7.929932487091865,0.0025543424152416876,12032.180902834287,124000,54,2,0.001881800000774092,5.962631142001514,2276,2276,30.0,997.0370827133568,2276.0,2855.436454772953,0.00018902820390197933,27553.773048400908,4000,3.283311744444543,997.0370827133568,0.00019242840167721942,491.2744973901522,1,0,0,54.663157894736834,83.40000000000002,0.0002489292718528561,0.0007012554194699144,4000,12032.180902834287,4000,124000,124000,12032.180902834287,3758817,138244,4000.0,0,4002.199290671275,120192,116483799,3724928,529041.2371288188,16922.318823967475,16920.94668667138,1.0,31.0,0.022018164,0.675000011920929,128.0,0.0,5e-05,9.902453,120192,9.921921,18.60899,-0.0052554607,1675584.8,-0.029375095,3724928,138244,0.7476621,16922.890927669803,0.27266338951312874,2.6723644449881014e-05,3.9757543656017894e-06,2.7875333095170315e-06,4.9491227542001765e-05,1.0558517383600014e-05,0.00027764114986057715,2.693604762106e-06,4.122215907930031e-05,8.549014219935683e-05,4.794067843235672e-05,2.767536633906236e-05,0.06035853747270429,0.0038627506119518736,0.10146599025382487,0.00010211304213826932,0.09812941810762181,3.318802338056936e-05,1.0126469069760048e-05,0.008001031247108175
1,128000,False,32,aaf50_00000,2025-12-04_15-56-23,1764843983,13.56466007232666,428.21507930755615,22332,LAPTOP-HQRQ0VAR,127.0.0.1,428.21507930755615,32,13.933655508524124,1.5531433319968876e-05,13.933257272298246,6.004722382832123,7.925392668220947,0.002554334991083006,12170.217184475487,128000,56,2,0.001881800000774092,5.963015763581493,2276,2276,31.0,454.51796462419384,2276.0,2855.436454772953,0.00016468414437751757,27553.773048400908,4000,3.2863320375000904,454.51796462419384,0.00017175420567306764,485.25698516058685,1,0,0,53.88000000000001,83.42500000000003,0.00024270142635163301,0.0006344912895980589,4000,12170.217184475487,4000,128000,128000,12170.217184475487,3758817,138244,4000.0,0,4002.207297764562,120192,120242616,3845120,529637.7061564673,16941.202103030984,16939.84827149249,1.0,32.0,0.006320932,0.675000011920929,128.0,0.0,5e-05,10.247389,120192,10.0,15.048216,-0.0075348616,852736.2,0.2431221,3845120,138244,0.7302342,16941.93126166984,0.2722593606179968,2.5847564162631997e-05,3.7759978987446713e-06,2.7397251958436226e-06,4.687487501216674e-05,1.033224185497308e-05,0.00023938159391492689,2.650168364094557e-06,4.0525245470234e-05,7.058949090456682e-05,4.573939821394563e-05,2.6557829232082482e-05,0.06001823809797667,0.0038545941058323887,0.10141330235129123,0.00010167391171928256,0.09820492392654225,3.314014315377734e-05,1.0106204377380013e-05,0.007924442934636866
1,132000,False,33,aaf50_00000,2025-12-04_15-56-37,1764843997,13.648839712142944,441.8639190196991,22332,LAPTOP-HQRQ0VAR,127.0.0.1,441.8639190196991,33,13.930765598438887,1.5475118985723428e-05,13.93036735657526,6.003318700003803,7.923911866538741,0.002549699641168956,12327.076620001539,132000,57,1,0.001881800000774092,5.961610761945677,2276,2276,32.0,2169.0000002162983,2276.0,2855.436454772953,0.000154670922389479,27553.773048400908,4000,3.286212864912366,2169.0000002162983,0.00016317373191909187,479.3550057726544,1,0,0,53.3578947368421,83.5,0.00023558730140891448,0.0006059360457927218,4000,12327.076620001539,4000,132000,132000,12327.076620001539,3753876,138244,4000.0,0,4002.2052247869165,120064,123996492,3965184,529211.3722304299,16927.410014790126,16926.12891403959,1.0,33.0,0.0059902314,0.675000011920929,128.0,0.0,5e-05,10.019733,120064,10.0,24.682234,-0.007335305,1968767.0,0.015688824,3965184,138244,0.7591791,16928.133392545806,0.27413073401181753,2.4771097184316283e-05,3.7295358209456724e-06,2.69354064901993e-06,4.5163067298428936e-05,1.0074168603316896e-05,0.0002290321488103128,2.5366829720500997e-06,3.837253057541524e-05,6.709852646144823e-05,4.3859745794593144e-05,2.5927718653191563e-05,0.05959568871699988,0.003860193164775728,0.10139888732778107,0.00010137717260027191,0.10058711868728079,3.326374172165924e-05,1.010714233721404e-05,0.00784705350529093
1,136000,False,34,aaf50_00000,2025-12-04_15-56-50,1764844010,13.320592880249023,455.1845118999481,22332,LAPTOP-HQRQ0VAR,127.0.0.1,455.1845118999481,34,13.924641180454499,1.5451367792920653e-05,13.924241838009513,6.00126631300376,7.919838766873352,0.002548176644753354,12720.199115300578,136000,59,2,0.001881800000774092,5.959591012326221,2276,2276,33.0,1617.0000729444318,2276.0,2855.436454772953,0.0001514387043225557,27553.773048400908,4000,3.2864285135593967,1617.0000729444318,0.00015882157402050245,473.56120628962753,1,0,0,54.8842105263158,83.84210526315788,0.00022790761258298465,0.000584348951015397,4000,12720.199115300578,4000,136000,136000,12720.199115300578,3758817,138244,4000.0,0,4002.2131725390473,120192,127755309,4085376,530745.6122965817,16976.771004166883,16975.346122695926,1.0,34.0,0.0052517154,0.675000011920929,128.0,0.0,5e-05,9.851703,120192,10.0,14.458084,-0.007148266,2552407.8,-0.15184197,4085376,138244,0.7220417,16977.562818263705,0.27435286067169323,2.4089932198304327e-05,3.6412501463836483e-06,2.55224315223157e-06,4.442127682837391e-05,9.638107918864827e-06,0.00022108264349205982,2.4209437399056234e-06,3.681072801616384e-05,6.542770392165975e-05,4.204760008508185e-05,2.420558898259e-05,0.059252835829832956,0.003852119233125473,0.1017373264545034,0.00010097040087603358,0.10089916950040634,3.341110430323076e-05,1.021407091513574e-05,0.007770451970235916
1,140000,False,35,aaf50_00000,2025-12-04_15-57-04,1764844024,13.338371753692627,468.52288365364075,22332,LAPTOP-HQRQ0VAR,127.0.0.1,468.52288365364075,35,13.918829440649958,1.5409854120504176e-05,13.91843000762942,5.999329716873724,7.915969691204613,0.002542430878309652,12881.226423294815,140000,61,2,0.001881800000774092,5.9574638902029555,2276,2276,34.0,1065.0187225386915,2276.0,2855.436454772953,0.0001582944087605084,27553.773048400908,4000,3.284308898360741,1065.0187225386915,0.0001662268038044828,467.89397007071085,1,0,0,55.36315789473684,84.08421052631579,0.0002412284247848705,0.000619841429176908,4000,12881.226423294815,4000,140000,140000,12881.226423294815,3758817,138244,4000.0,0,4002.221040813657,120192,131514126,4205568,531466.9386025408,16998.85174933543,16997.739575955446,1.0,35.0,0.0073431004,0.675000011920929,128.0,0.0,5e-05,9.831048,120192,9.924844,11.33898,-0.0029729605,1909563.9,-0.09875276,4205568,138244,0.7084141,16999.404859409173,0.2736754250649794,2.5015323813038934e-05,3.976483729404585e-06,3.285754148467733e-06,4.520961244646278e-05,9.960732813475115e-06,0.00023235025489568183,2.553182983130633e-06,3.917202648592202e-05,6.906380872415313e-05,4.471891031254636e-05,2.5792871151908094e-05,0.05882157147153311,0.003870622040801223,0.10181352618996574,0.00010092069686484948,0.1006360098054046,3.336999326298299e-05,1.0185930205570177e-05,0.007695024450536789
1,144000,False,36,aaf50_00000,2025-12-04_15-57-18,1764844038,13.84367036819458,482.3665540218353,22332,LAPTOP-HQRQ0VAR,127.0.0.1,482.3665540218353,36,13.918176770243454,1.542875557783917e-05,13.917775459553129,5.998530060704989,7.916119956292574,0.002537705569523522,13114.297450232123,144000,63,2,0.001881800000774092,5.956710904300921,2276,2276,35.0,517.8054860287135,2276.0,2855.436454772953,0.00015140227143450554,27553.773048400908,4000,3.2849805365080074,517.8054860287135,0.00015638552427264503,462.3460839250732,1,0,0,53.125,81.86500000000001,0.00021420084670342317,0.0005683443357513445,4000,13114.297450232123,4000,144000,144000,13114.297450232123,3758817,138244,4000.0,0,4002.2288304055205,120192,135272943,4325760,530748.3629193096,16975.697350122886,16974.57909866445,1.0,36.0,0.00506209,0.675000011920929,128.0,0.0,5e-05,9.915801,120192,10.0,8.966897,-0.00837934,1930126.5,-0.08761564,4325760,138244,0.6890487,16976.24623731918,0.2754798148143249,2.2523656304621236e-05,3.5187500353149614e-06,2.457310222218104e-06,4.3505476835096376e-05,9.196208388276093e-06,0.00021843547962298082,2.359029449966446e-06,3.593534225005715e-05,6.300680428091732e-05,4.186216534360528e-05,2.2827054984326943e-05,0.05846470575681234,0.0038779038203948816,0.10168563092806489,0.00010089148989145299,0.1029949607073483,3.332729332700366e-05,1.0174070897602904e-05,0.007619770206030777
1,148000,False,37,aaf50_00000,2025-12-04_15-57-31,1764844051,13.224709749221802,495.59126377105713,22332,LAPTOP-HQRQ0VAR,127.0.0.1,495.59126377105713,37,13.911197285541016,1.5413468016366553e-05,13.910794791957601,5.997617413097934,7.9100528797296485,0.0025359125138287694,13276.50501485971,148000,65,2,0.001881800000774092,5.955830104257907,2276,2276,36.0,1194.4169180803963,2276.0,2855.436454772953,0.00016144859716207716,27553.773048400908,4000,3.284565530769298,1194.4169180803963,0.0001716842967597236,456.90114885305854,1,0,0,53.51578947368422,81.94736842105263,0.00024044285293832522,0.0006361750576372382,4000,13276.50501485971,4000,148000,148000,13276.50501485971,3758817,138244,4000.0,0,4002.2365421014656,120192,139031760,4445952,533322.1301165916,17057.986641970612,17056.89069266587,1.0,37.0,0.00507592,0.675000011920929,128.0,0.0,5e-05,9.790043,120192,9.926321,15.142687,-0.008352399,2177315.0,-0.13970482,4445952,138244,0.75020343,17058.505359420295,0.2748101466661774,2.5390143467782616e-05,3.78169167963897e-06,2.7527499559625614e-06,4.6347674311029135e-05,1.0405858738308855e-05,0.00024191489576841095,2.7651574692466903e-06,4.006710342078835e-05,7.130006313557011e-05,4.518413898129639e-05,2.6542388427085575e-05,0.05802310869924116,0.0038699427821956615,0.10184746461878123,0.0001005115749890177,0.10268989110028186,3.333402039060147e-05,1.0173330193715156e-05,0.007545546503967532
1,152000,False,38,aaf50_00000,2025-12-04_15-57-45,1764844065,13.859968662261963,509.4512324333191,22332,LAPTOP-HQRQ0VAR,127.0.0.1,509.4512324333191,38,13.9106436686856,1.5399333329028214e-05,13.91024031503802,5.996511025966957,7.910605230932355,0.0025354763886913357,13407.475099621393,152000,66,1,0.001881800000774092,5.95477434121533,2276,2276,37.0,1685.0000358581624,2276.0,2855.436454772953,0.00016578689456284601,27553.773048400908,4000,3.284541803030372,1685.0000358581624,0.00017081538530412855,451.5962755617887,1,0,0,58.660000000000004,82.51,0.0002445138933676385,0.0006364617220323726,4000,13407.475099621393,4000,152000,152000,13407.475099621393,3753876,138244,4000.0,0,4002.2341766804507,120064,142785636,4566016,532453.3070147305,17032.47390670304,17029.790909331077,1.0,38.0,0.005661182,0.675000011920929,128.0,0.0,5e-05,9.989989,120064,10.0,10.813421,-0.008864522,1584448.5,-0.0138323195,4566016,138244,0.69282824,17033.685135822932,0.274026380199518,2.6047822515829074e-05,3.914812354222286e-06,2.766395943001515e-06,4.6519593904889555e-05,1.0258894085171829e-05,0.00024290561555711227,2.606053228624455e-06,4.0753799231770366e-05,7.041679839321929e-05,4.7244663573148304e-05,2.6000894564491847e-05,0.05765965861224792,0.0038751223543780854,0.10182816297259357,0.00010010945924681373,0.10235997018928444,3.329368018947999e-05,1.0161596885866433e-05,0.00747195503892406
1,156000,False,39,aaf50_00000,2025-12-04_15-57-59,1764844079,14.253066539764404,523.7042989730835,22332,LAPTOP-HQRQ0VAR,127.0.0.1,523.7042989730835,39,13.914008867998744,1.54223399974511e-05,13.913603891887647,5.996866312707283,7.9136149526230355,0.00253431162480815,13423.127129162056,156000,68,2,0.001881800000774092,5.955110134803182,2276,2276,38.0,1133.0094527455874,2276.0,2855.436454772953,0.00017347453304965963,27553.773048400908,4000,3.2864769308824395,1133.0094527455874,0.0001747965018729659,446.38854286705015,1,0,0,57.2904761904762,84.38571428571429,0.00024798356386366747,0.0006369866508190511,4000,13423.127129162056,4000,156000,156000,13423.127129162056,3758817,138244,4000.0,0,4002.2418349136465,120192,146544453,4686208,532446.9562568078,17031.9035612535,17029.399836633558,1.0,39.0,0.006311995,0.675000011920929,128.0,0.0,5e-05,9.9362545,120192,9.926088,7.6035523,-0.0030277967,715092.3,0.005905542,4686208,138244,0.71698433,17033.03991429489,0.2735348133975274,2.647029804174133e-05,4.055025227434373e-06,2.897858273468814e-06,4.861297814131266e-05,1.0495636056207766e-05,0.00024139935745646216,2.615725727920869e-06,4.065732340922947e-05,7.061210888896559e-05,4.5671468273866715e-05,2.6451950896271105e-05,0.05726128402612044,0.0038740761308294898,0.1018143633428661,9.980736465633245e-05,0.10235527648739093,3.3255743396503765e-05,1.015198091723024e-05,0.007400310488538993
1,160000,False,40,aaf50_00000,2025-12-04_15-58-13,1764844093,13.753012657165527,537.457311630249,22332,LAPTOP-HQRQ0VAR,127.0.0.1,537.457311630249,40,13.912462583318764,1.546211660130689e-05,13.912056244968769,5.998220637580212,7.9107074890968,0.0025376005085632676,13630.946564156666,160000,70,2,0.001881800000774092,5.956540002455152,2276,2276,39.0,583.4262220846521,2276.0,2855.436454772953,0.00015701334821930724,27553.773048400908,4000,3.2893304900000917,583.4262220846521,0.0001628068415239401,441.263891820174,1,0,0,54.50526315789473,84.33684210526316,0.00022814003830285443,0.0006005523738942677,4000,13630.946564156666,4000,160000,160000,13630.946564156666,3758817,138244,4000.0,0,4002.2494165645103,120192,150303270,4806400,535192.8057803945,17120.238920168664,17117.46040064847,1.0,40.0,0.00868167,0.675000011920929,128.0,0.0,5e-05,9.91001,120192,10.0,11.236736,-0.008076906,2627616.5,-0.09584999,4806400,138244,0.6885757,17121.8362621243,0.27525744926354356,2.4168764472844958e-05,3.5871618240722296e-06,2.61201265121044e-06,4.421002153144852e-05,9.745260044101909e-06,0.0002278932286033219,2.527422960439465e-06,3.8064507037532816e-05,6.651961993938892e-05,4.3582373035941753e-05,2.4566934481084532e-05,0.05690859118585878,0.0038664393695208815,0.10187559570943532,9.948529100942663e-05,0.10445089972251717,3.330118596681396e-05,1.019946111484402e-05,0.007328625383659802
1,164000,False,41,aaf50_00000,2025-12-04_15-58-27,1764844107,13.329452514648438,550.7867641448975,22332,LAPTOP-HQRQ0VAR,127.0.0.1,550.7867641448975,41,13.906614688485572,1.5418495434672512e-05,13.906207399519088,5.9967206342044035,7.9063601932058285,0.0025360695034737073,13811.674290763001,164000,72,2,0.001881800000774092,5.955106383430594,2276,2276,40.0,651.7347969278883,2276.0,2855.436454772953,0.00015455092428402105,27553.773048400908,4000,3.289482359722317,651.7347969278883,0.0001596683616104061,436.2715306786758,1,0,0,54.419999999999995,82.91500000000002,0.0002299367369694156,0.0005975804803302573,4000,13811.674290763001,4000,164000,164000,13811.674290763001,3758817,138244,4000.0,0,4002.2569223988653,120192,154062087,4926592,534347.0736841279,17092.456846044457,17089.95253503126,1.0,41.0,0.008380599,0.675000011920929,128.0,0.0,5e-05,9.870156,120192,10.0,9.309312,-0.006334424,1823325.4,-0.13550115,4926592,138244,0.65194625,17093.83953579352,0.27456446977090876,2.4240458381298476e-05,3.618207585961237e-06,2.6193251974055046e-06,4.382725039971522e-05,9.585964892386665e-06,0.00022431010988554497,2.4537248117091523e-06,3.810587601941855e-05,6.680973602465042e-05,4.346280227936107e-05,2.4977163944450505e-05,0.05646963827399349,0.003873310975823483,0.10191630875233348,9.928543809561988e-05,0.10422222172529189,3.33481740993652e-05,1.0200466505822952e-05,0.007257637129822632
1,168000,False,42,aaf50_00000,2025-12-04_15-58-41,1764844121,13.74252963066101,564.5292937755585,22332,LAPTOP-HQRQ0VAR,127.0.0.1,564.5292937755585,42,13.904889944600717,1.5426310486055866e-05,13.904480811523898,5.9955217188623555,7.905834567273768,0.0025341188084332983,13780.641117566245,168000,73,1,0.001881800000774092,5.9539964785962916,2276,2276,41.0,1753.0000175489838,2276.0,2855.436454772953,0.0001584076077039559,27553.773048400908,4000,3.2893081493151564,1753.0000175489838,0.00017042754003594805,431.4184140477954,1,0,0,54.300000000000004,82.98947368421052,0.00024346509009063396,0.0006290029225985718,4000,13780.641117566245,4000,168000,168000,13780.641117566245,3753876,138244,4000.0,0,4002.2543531748765,120064,157815963,5046656,528206.9769117134,16895.568827952105,16893.360288912387,1.0,42.0,0.0103118615,0.675000011920929,128.0,0.0,5e-05,10.132784,120064,9.988362,10.978241,0.009272277,603232.4,0.1374608,5046656,138244,0.62918127,16896.720632578912,0.27376988807319647,2.6035790325840065e-05,3.791866418380047e-06,2.8174104621125537e-06,4.671701855385614e-05,1.0018059871898934e-05,0.00023570131766351046,2.5875417327250187e-06,4.083125745420744e-05,6.940457964931089e-05,4.5785459737272445e-05,2.58675062644857e-05,0.05602860789125306,0.0038693368660653697,0.10193046966481013,9.879158372170297e-05,0.10392600450803985,3.327769236009496e-05,1.0181461845216328e-05,0.0071925337585204314
1,172000,False,43,aaf50_00000,2025-12-04_15-58-55,1764844135,13.966827869415283,578.4961216449738,22332,LAPTOP-HQRQ0VAR,127.0.0.1,578.4961216449738,43,13.905400301154712,1.5424047383540027e-05,13.904989739408657,5.997517238673738,7.904345821601027,0.0025348566203482643,13771.835291442865,172000,75,2,0.001881800000774092,5.956014762810328,2276,2276,42.0,1201.0047725578575,2276.0,2855.436454772953,0.00015679752540880432,27553.773048400908,4000,3.2932501720000924,1201.0047725578575,0.0001690068426491334,426.6657360636833,1,0,0,55.35,86.01999999999998,0.0002451305693463618,0.0006353227213045269,4000,13771.835291442865,4000,172000,172000,13771.835291442865,3758817,138244,4000.0,0,4002.261809643128,120192,161574780,5166848,530325.4360964943,16962.825143931455,16960.888540500502,1.0,43.0,0.0077929487,0.675000011920929,128.0,0.0,5e-05,9.955578,120192,10.0,8.239496,-0.0027456284,824502.8,-0.049683057,5166848,138244,0.6383939,16963.64641068728,0.27559530919246705,2.5693872196984103e-05,3.810244202481989e-06,2.816122801455503e-06,4.60972496142539e-05,1.0257218996127283e-05,0.00023617405855937902,2.764928625473657e-06,4.099231643017109e-05,7.034877300881269e-05,4.57168883614881e-05,2.6419592648451753e-05,0.055815806812342585,0.003861187497405816,0.10193696996816135,9.838966788096007e-05,0.10603473446295711,3.3442915435918804e-05,1.0180647231852446e-05,0.007124212420938406
1,176000,False,44,aaf50_00000,2025-12-04_15-59-08,1764844148,13.302802562713623,591.7989242076874,22332,LAPTOP-HQRQ0VAR,127.0.0.1,591.7989242076874,44,13.899315886143162,1.5385806910776e-05,13.898905115014571,5.995883174286996,7.899901273385012,0.0025293300541395286,13838.352642009779,176000,77,2,0.001881800000774092,5.954462527182228,2276,2276,43.0,650.2249652936001,2276.0,2855.436454772953,0.00015886901445583325,27553.773048400908,4000,3.292440703896188,650.2249652936001,0.00016177907116941357,422.03845026599566,1,0,0,54.54210526315789,86.09473684210528,0.00022080364433072432,0.0005837831109386634,4000,13838.352642009779,4000,176000,176000,13838.352642009779,3758817,138244,4000.0,0,4002.2691915466967,120192,165333597,5287040,532929.0417687142,17045.67171073994,17043.88248105826,1.0,44.0,0.005290933,0.675000011920929,128.0,0.0,5e-05,9.812835,120192,9.818903,21.729359,-0.012198806,1181697.9,-0.009639574,5287040,138244,0.61488366,17046.395280578865,0.2750433861005359,2.3519687720632222e-05,3.56492609955363e-06,2.5407672642951564e-06,4.4139147542656436e-05,9.49903303331969e-06,0.00022342314443714775,2.4342832970528023e-06,3.751724517927419e-05,6.503596834475863e-05,4.189574400139291e-05,2.365289951592993e-05,0.055450178744213964,0.0038685126224361726,0.10192648426848232,9.818277119780131e-05,0.1059200091183268,3.349448627399122e-05,1.0177840758488162e-05,0.007056795296723344
1,180000,False,45,aaf50_00000,2025-12-04_15-59-22,1764844162,13.943538904190063,605.7424631118774,22332,LAPTOP-HQRQ0VAR,127.0.0.1,605.7424631118774,45,13.899707908281728,1.5358948844644512e-05,13.899295896864428,5.999580471544126,7.896595748651159,0.002528482753604853,13837.688262553149,180000,79,2,0.001881800000774092,5.9581633639104,2276,2276,44.0,411.41001142449085,2276.0,2855.436454772953,0.0001542611765191257,27553.773048400908,4000,3.2983143329114957,411.41001142449085,0.00016612638368582232,417.5250817209663,1,0,0,57.395,84.58499999999998,0.00023537935101440444,0.0006126935718446905,4000,13837.688262553149,4000,180000,180000,13837.688262553149,3758817,138244,4000.0,0,4002.27649963123,120192,169092414,5407232,535046.4368498711,17113.01926976959,17111.301788580047,1.0,45.0,0.0057829674,0.675000011920929,128.0,0.0,5e-05,9.949634,120192,10.0,9.710208,-0.008555174,950235.2,-0.05426962,5407232,138244,0.63011694,17113.75042601891,0.27415769423952846,2.5164409486173524e-05,3.6559849544816272e-06,2.6601771074306998e-06,4.4705878510462896e-05,9.831960289338027e-06,0.00022879990213090694,2.549867021039862e-06,4.02212728866544e-05,6.862786974370289e-05,4.5251398990666736e-05,2.5333444771624268e-05,0.05503701895676899,0.003869293496210167,0.10184343742579459,9.784794348293922e-05,0.1055969120271519,3.345354141255539e-05,1.01560623507013e-05,0.006991859343758262
1,184000,False,46,aaf50_00000,2025-12-04_15-59-36,1764844176,13.588369131088257,619.3308322429657,22332,LAPTOP-HQRQ0VAR,127.0.0.1,619.3308322429657,46,13.896541933198911,1.5326359358962115e-05,13.896129065895781,5.998865154828689,7.894143228164651,0.0025282549260622713,13892.696961212152,184000,80,1,0.001881800000774092,5.95750766727129,2276,2276,45.0,1821.0000085798729,2276.0,2855.436454772953,0.00016126170454998327,27553.773048400908,4000,3.298570337500098,1821.0000085798729,0.00017403380142803985,413.14265550718846,1,0,0,53.269999999999996,83.65500000000002,0.000249025044662038,0.0006406813524960879,4000,13892.696961212152,4000,184000,184000,13892.696961212152,3753876,138244,4000.0,0,4002.2737346349177,120064,172846290,5527296,536823.3866650577,17170.735698143755,17169.12288341217,1.0,46.0,0.010522353,0.675000011920929,128.0,0.0,5e-05,9.850133,120064,9.927738,11.94756,-0.0018428564,1137607.5,-0.084708005,5527296,138244,0.57239753,17171.488473697667,0.2753575022971314,2.575733874663316e-05,3.857679572487107e-06,2.7988863926169125e-06,4.7591949797098425e-05,1.0307719735175789e-05,0.0002382686206795705,2.7292124614439434e-06,4.102141892236974e-05,7.121000997747297e-05,4.760201030256583e-05,2.698481146303949e-05,0.05466227376720297,0.003859990561247759,0.10185093005153724,9.734046404203214e-05,0.10724479190687992,3.3413005999733926e-05,1.0144501721282716e-05,0.006923677750323001
1,188000,False,47,aaf50_00000,2025-12-04_15-59-49,1764844189,13.143586158752441,632.4744184017181,22332,LAPTOP-HQRQ0VAR,127.0.0.1,632.4744184017181,47,13.88895636786692,1.528509576327073e-05,13.888542648236818,5.996993906280398,7.888425039883006,0.0025297943768014595,14099.717675557946,188000,82,2,0.001881800000774092,5.955580525598582,2276,2276,46.0,1269.0024095971153,2276.0,2855.436454772953,0.00016246455061231897,28847.74755096443,4000,3.297472845122029,1269.0024095971153,0.00017354443861437822,408.89216143691306,1,0,0,54.47894736842106,83.77894736842106,0.0002482793208380954,0.0006276661288868028,4000,14099.717675557946,4000,188000,188000,14099.717675557946,3758817,138244,4000.0,0,4002.280997288569,120192,176605107,5647488,536937.9839653833,17174.417073299315,17172.818041235565,1.0,47.0,0.005520849,0.675000011920929,128.0,0.0,5e-05,9.982049,120192,10.0,5.546819,-0.0105137825,1994292.2,-0.021678492,5647488,138244,0.62956333,17175.203045159324,0.2751592512741646,2.739036277381742e-05,3.90004914224187e-06,3.0396436382753007e-06,4.707742409333233e-05,1.016504117611786e-05,0.0002419433384604721,2.5274999923597763e-06,3.9424315988067595e-05,6.869931641930441e-05,4.512242405179455e-05,2.633834888289335e-05,0.05443405902953376,0.0038528336556333163,0.10196314275101992,9.697705939893484e-05,0.10722901498781687,3.38248759449017e-05,1.0179056702817026e-05,0.006863755972826379
1,192000,False,48,aaf50_00000,2025-12-04_16-00-02,1764844202,13.284332990646362,645.7587513923645,22332,LAPTOP-HQRQ0VAR,127.0.0.1,645.7587513923645,48,13.882909672188248,1.5244244803536261e-05,13.882495743754452,5.995658609217592,7.883711519484181,0.0025307844330325576,14317.581451960967,192000,84,2,0.001881800000774092,5.9543252923425944,2276,2276,47.0,717.6184676909901,2276.0,2855.436454772953,0.0001529018033952101,28847.74755096443,4000,3.297080344047702,717.6184676909901,0.00015736220185028082,404.7859600071418,1,0,0,53.61578947368421,83.72631578947367,0.00022535725495981116,0.0005826450494087902,4000,14317.581451960967,4000,192000,192000,14317.581451960967,3758817,138244,4000.0,0,4002.2881873156834,120192,180363924,5767680,535055.661654169,17113.757433140814,17112.31124459655,1.0,48.0,0.0042113955,0.3375000059604645,128.0,0.0,5e-05,10.002506,120192,10.0,8.520382,-0.0067687035,2301887.0,-0.00033612922,5767680,138244,0.5603174,17114.451933762466,0.2744143077614183,2.3916417034096834e-05,3.517700455173883e-06,2.583978146225581e-06,4.320062651498613e-05,9.554368975359296e-06,0.00021924442717972877,2.3938838952672696e-06,3.669184107447823e-05,6.508953923008338e-05,4.196776781765031e-05,2.5307899606810517e-05,0.05405400243924065,0.0038474843190697255,0.10201949932351205,9.662028880692211e-05,0.10688237083793947,3.3776627183583636e-05,1.0181266136435777e-05,0.006797258413094987
1,196000,False,49,aaf50_00000,2025-12-04_16-00-16,1764844216,13.362798929214478,659.121550321579,22332,LAPTOP-HQRQ0VAR,127.0.0.1,659.121550321579,49,13.87768075346637,1.5230802358901623e-05,13.877264292316905,5.994615016125419,7.87952323728934,0.0025295455887031954,14517.392439642612,196000,86,2,0.001881800000774092,5.953180415419173,2276,2276,48.0,323.7411780610607,2276.0,2855.436454772953,0.0001605102414844997,28847.74755096443,4000,3.296386800000079,323.7411780610607,0.0001690985224207509,400.8143396424349,1,0,0,53.96315789473685,83.88947368421054,0.00024485378165683914,0.0006255995221846468,4000,14517.392439642612,4000,196000,196000,14517.392439642612,3758817,138244,4000.0,0,4002.2953054425266,120192,184122741,5887872,533992.201104285,17079.21305179334,17077.941770963935,1.0,49.0,0.008306077,0.3375000059604645,128.0,0.0,5e-05,9.955924,120192,10.0,9.66752,-0.01006937,2632127.8,-0.046880197,5887872,138244,0.6172674,17079.897934315777,0.2756912036838125,2.595081235879387e-05,3.898816188295526e-06,2.7902890462688356e-06,4.686504123566101e-05,1.0416535005525904e-05,0.0002357718574727566,2.5877237782184908e-06,3.954046269486157e-05,7.092288990585332e-05,4.474215833863107e-05,2.5602993963270482e-05,0.053669226414849246,0.003892186475884918,0.10211711633027916,9.717108591945662e-05,0.10846862712956416,3.377186090988387e-05,1.0184453474237886e-05,0.006730982828971007
1,200000,True,50,aaf50_00000,2025-12-04_16-00-30,1764844230,13.928279399871826,673.0498297214508,22332,LAPTOP-HQRQ0VAR,127.0.0.1,673.0498297214508,50,13.878196319931703,1.5183494334479074e-05,13.877779316393735,5.993230463964161,7.881419960916447,0.0025306191328226886,14523.428976826279,200000,87,1,0.001881800000774092,5.951848282264984,2276,2276,49.0,1889.000004190305,2276.0,2855.436454772953,0.00015365316621764917,28847.74755096443,4000,3.295414556321922,1889.000004190305,0.00016519346645178787,396.97249083625206,1,0,0,57.45,84.31,0.00022501726627430576,0.0005944397949266426,4000,14523.428976826279,4000,200000,200000,14523.428976826279,3753876,138244,4000.0,0,4002.2923523881013,120064,187876617,6007936,533081.4748163228,17049.98173651511,17048.803495323427,1.0,50.0,0.014618583,0.3375000059604645,128.0,0.0,5e-05,9.970925,120064,9.865284,8.477053,3.415346e-05,1003516.7,0.10070773,6007936,138244,0.63134134,17050.57665880724,0.27493278064697213,2.387530447470396e-05,3.6478078262201573e-06,2.597839766304407e-06,4.37632088579041e-05,9.562683846550187e-06,0.00022729258823923201,2.5965725958925284e-06,3.7429077388118e-05,6.588539944786755e-05,4.282378842623409e-05,2.4364751457353875e-05,0.05330314615070246,0.003882723611123656,0.10209149716697123,9.673437505947974e-05,0.10817971585827449,3.373314229468684e-05,1.0169608938025298e-05,0.006665541000680674
