num_training_step_calls_per_iteration,num_env_steps_sampled_lifetime,done,training_iteration,trial_id,date,timestamp,time_this_iter_s,time_total_s,pid,hostname,node_ip,time_since_restore,iterations_since_restore,timers/training_iteration,timers/restore_env_runners,timers/training_step,timers/env_runner_sampling_timer,timers/learner_update_timer,timers/synch_weights,env_runners/env_to_module_sum_episodes_length_out,env_runners/sample,env_runners/weights_seq_no,env_runners/num_env_steps_sampled,env_runners/episode_return_mean,env_runners/rlmodule_inference_timer,env_runners/num_env_steps_sampled_lifetime,env_runners/num_episodes,env_runners/episode_len_max,env_runners/num_episodes_lifetime,env_runners/episode_return_min,env_runners/episode_return_max,env_runners/episode_duration_sec_mean,env_runners/episode_len_min,env_runners/env_to_module_sum_episodes_length_in,env_runners/env_step_timer,env_runners/env_reset_timer,env_runners/episode_len_mean,env_runners/num_env_steps_sampled_lifetime_throughput,fault_tolerance/num_healthy_workers,fault_tolerance/num_remote_worker_restarts,env_runner_group/actor_manager_num_outstanding_async_reqs,perf/cpu_util_percent,perf/ram_util_percent,env_runners/env_to_module_connector/connector_pipeline_timer,env_runners/num_module_steps_sampled_lifetime/default_policy,env_runners/num_module_steps_sampled/default_policy,env_runners/module_to_env_connector/connector_pipeline_timer,env_runners/module_episode_return_mean/default_policy,env_runners/num_agent_steps_sampled/default_agent,env_runners/agent_episode_return_mean/default_agent,env_runners/num_agent_steps_sampled_lifetime/default_agent,learners/default_policy/policy_loss,learners/default_policy/mean_kl_loss,learners/default_policy/vf_loss,learners/default_policy/vf_loss_unclipped,learners/default_policy/num_module_steps_trained,learners/default_policy/module_train_batch_size_mean,learners/default_policy/weights_seq_no,learners/default_policy/vf_explained_var,learners/default_policy/default_optimizer_learning_rate,learners/default_policy/num_module_steps_trained_lifetime,learners/default_policy/diff_num_grad_updates_vs_sampler_policy,learners/default_policy/curr_kl_coeff,learners/default_policy/total_loss,learners/default_policy/num_trainable_parameters,learners/default_policy/gradients_default_optimizer_global_norm,learners/default_policy/curr_entropy_coeff,learners/default_policy/entropy,learners/default_policy/num_module_steps_trained_lifetime_throughput,learners/__all_modules__/num_trainable_parameters,learners/__all_modules__/learner_connector_sum_episodes_length_out,learners/__all_modules__/num_module_steps_trained,learners/__all_modules__/learner_connector_sum_episodes_length_in,learners/__all_modules__/num_env_steps_trained,learners/__all_modules__/num_non_trainable_parameters,learners/__all_modules__/num_module_steps_trained_lifetime,learners/__all_modules__/num_env_steps_trained_lifetime,learners/__all_modules__/num_env_steps_trained_lifetime_throughput,learners/__all_modules__/num_module_steps_trained_throughput,learners/__all_modules__/num_module_steps_trained_lifetime_throughput,learners/__all_modules__/learner_connector/connector_pipeline_timer,env_runners/env_to_module_connector/timers/connectors/add_observations_from_episodes_to_batch,env_runners/env_to_module_connector/timers/connectors/add_states_from_episodes_to_batch,env_runners/env_to_module_connector/timers/connectors/numpy_to_tensor,env_runners/env_to_module_connector/timers/connectors/add_time_dim_to_batch_and_zero_pad,env_runners/env_to_module_connector/timers/connectors/batch_individual_items,env_runners/module_to_env_connector/timers/connectors/get_actions,env_runners/module_to_env_connector/timers/connectors/listify_data_for_vector_env,env_runners/module_to_env_connector/timers/connectors/tensor_to_numpy,env_runners/module_to_env_connector/timers/connectors/un_batch_to_individual_items,env_runners/module_to_env_connector/timers/connectors/normalize_and_clip_actions,env_runners/module_to_env_connector/timers/connectors/remove_single_ts_time_rank_from_batch,learners/__all_modules__/learner_connector/timers/connectors/add_observations_from_episodes_to_batch,learners/__all_modules__/learner_connector/timers/connectors/add_states_from_episodes_to_batch,learners/__all_modules__/learner_connector/timers/connectors/general_advantage_estimation,learners/__all_modules__/learner_connector/timers/connectors/numpy_to_tensor,learners/__all_modules__/learner_connector/timers/connectors/add_time_dim_to_batch_and_zero_pad,learners/__all_modules__/learner_connector/timers/connectors/add_columns_from_episodes_to_train_batch,learners/__all_modules__/learner_connector/timers/connectors/batch_individual_items,learners/__all_modules__/learner_connector/timers/connectors/add_one_ts_to_episodes_and_truncate
1,4000.0,False,1,8ce83_00000,2025-12-13_20-17-37,1765637257,12.182409763336182,12.182409763336182,29388,LAPTOP-HQRQ0VAR,127.0.0.1,12.182409763336182,1,12.170758899999782,3.599999763537198e-05,12.170180899993284,1.6835434999957215,10.481428899991442,0.003799300000537187,121.62254239747612,1.6077098499954445,0.0,4000.0,-571.8281831593372,0.00020003220508209708,4000.0,12.0,343,12.0,-1962.7220818294845,1412.5266363842675,0.46349068333559745,269,121.62254239747612,9.34944034732305e-05,0.00027689999842550606,295.25,579.7020785625074,4,0,0,26.56111111111111,94.0888888888889,0.0002834110645681436,4000.0,4000.0,0.0007213337126453266,-571.8281831593372,4000.0,-571.8281831593372,4000.0,-0.06293246,8.837135e-05,9.955098,222575.81,120576,128.0,1.0,0.0,5e-05,120576,1.0,0.10000000149011612,9.892183,138756,1.2297813,0.0,1.0972358,13189.282962573276,138756,4016,120576,4000,3783072,0,120576,3783072,413775.2098028375,13189.234923232578,13188.14815754705,0.22746570000890642,2.1404454829514445e-05,3.1207911548016046e-06,5.289405154157777e-05,4.2148672155156096e-06,2.813515119257219e-05,0.0002782098005900994,4.946759072574262e-05,8.321970375667779e-05,2.9925186607102436e-05,4.4900130026930236e-05,2.8510175394387873e-06,0.0003457000129856169,8.400005754083395e-06,0.06139170000096783,0.0007806000066921115,2.7699992642737925e-05,0.09143670000776183,0.06641030000173487,0.006255500004044734
1,8000.0,False,2,8ce83_00000,2025-12-13_20-17-50,1765637270,12.595096588134766,24.777506351470947,29388,LAPTOP-HQRQ0VAR,127.0.0.1,24.777506351470947,2,12.174810392999788,3.58929976937361e-05,12.174229512993334,1.6842495959956432,10.484754469991458,0.003816577000543475,150.284013534744,1.6084858497455206,1.0,4000.0,-440.2647295018078,0.00023794506735072709,8000.0,12.0,343,24.0,-2103.0862629186295,1412.5266363842675,0.47886747500100074,262,150.284013534744,0.0001108385952076485,0.00027689999842550606,298.5,575.0705665566403,4,0,0,43.16666666666667,93.11666666666667,0.0003079664196164329,8000.0,4000.0,0.0008118162105789225,-440.2647295018078,4000.0,-440.2647295018078,8000.0,0.023021728,0.012835897,10.0,153634.5,120576,128.0,2.0,0.0,5e-05,241152,1.0,0.10000000149011612,10.024305,138756,1.2042121,0.0,1.0852829,13260.012922560769,138756,4016.0,120576,4000.0,3783072,0,241152,7566144,415944.68950180867,13259.598050012217,13258.074909785384,0.22759020000885358,1.3979124215045296e-05,3.7577729117477466e-06,6.196965684513861e-05,4.762133687233397e-06,3.208444637033246e-05,0.00032239404005998304,5.768650698352602e-05,9.06739106267484e-05,3.2729167231963565e-05,5.015730014050501e-05,3.2787328532396054e-06,0.00034431001287885013,8.459005621261894e-06,0.06105356300104177,0.0007746820065949577,2.7817992668133228e-05,0.09160517000767868,0.06673369600161096,0.006235365003958577
1,12000.0,False,3,8ce83_00000,2025-12-13_20-18-02,1765637282,11.86484408378601,36.64235043525696,29388,LAPTOP-HQRQ0VAR,127.0.0.1,36.64235043525696,3,12.171588997069927,3.569306776334996e-05,12.17100507686353,1.6841990730357588,10.481568330291593,0.00382292023053742,107.70865923754371,1.608372840248117,2.0,4000.0,20.817835715305463,0.00018600245542228961,12000.0,16.0,343,40.0,-2103.0862629186295,2248.293360814436,0.4610243180008547,239,107.70865923754371,8.723158592919894e-05,0.00027689999842550606,284.64,566.8896104702127,4,0,0,38.317647058823525,92.66470588235295,0.000264925062494817,12000.0,4000.0,0.0006750790231927514,20.817835715305463,4000.0,20.817835715305463,12000.0,0.040067416,0.009514642,10.0,234993.6,120704,128.0,3.0,0.0,5e-05,361856,1.0,0.10000000149011612,10.041019,138756,1.3963645,0.0,1.0937327,13280.933430204079,138756,4016.04,120704,4000.0,3790860,0,361856,11357004,416682.4823436047,13281.139242791156,13280.167720963482,0.2297202790087831,1.1279757230297305e-05,3.3258254478497706e-06,5.029352673923037e-05,3.8471012292706915e-06,2.65203877851402e-05,0.000259457444153886,4.680834235667141e-05,7.446396350571814e-05,2.7539721255632715e-05,4.203485281323112e-05,2.6964620936210077e-06,0.0003430259127460886,8.630415622610598e-06,0.06088127837104548,0.0007715431864009588,2.8311812799074686e-05,0.09162953230767161,0.06903719404160948,0.00621371635391115
1,16000.0,False,4,8ce83_00000,2025-12-13_20-18-14,1765637294,11.728692531585693,48.37104296684265,29388,LAPTOP-HQRQ0VAR,127.0.0.1,48.37104296684265,4,12.167103315099192,3.5503137047664486e-05,12.16651838009491,1.685914428305417,10.47536717098868,0.0038212660282084835,159.5891874399054,1.6100105603456152,3.0,4000.0,-205.77440072153829,0.0002717817371140546,16000.0,13.0,336,53.0,-2613.0129454608423,2248.293360814436,0.46370592300081626,239,159.5891874399054,0.00011920723403099315,0.00027689999842550606,283.65,556.0676350595826,4,0,0,33.67058823529412,91.7529411764706,0.0003306441657401388,16000.0,4000.0,0.0008738675942592187,-205.77440072153829,4000.0,-205.77440072153829,16000.0,0.013285797,0.010371891,10.0,214940.62,120576,128.0,4.0,0.0,5e-05,482432,1.0,0.10000000149011612,10.014323,138756,0.72165513,0.0,1.0934466,13381.731557992705,138756,4016.0496,120576,4000.0,3784014,0,482432,15141018,419852.2536811294,13382.03886728264,13381.257822368712,0.22984442121873414,1.5517160405564205e-05,3.830121966820941e-06,6.876699953859218e-05,5.596997556170982e-06,3.730757865621679e-05,0.0003515666028165074,6.1027343037902714e-05,9.856700456708401e-05,3.3992706199585866e-05,5.538760450587838e-05,3.6439246732445905e-06,0.0003434346536013182,8.643111492623573e-06,0.060489152587400605,0.0007671147545364948,2.8439694599219362e-05,0.09179987498457375,0.06937053810110212,0.006230908190372182
1,20000.0,False,5,8ce83_00000,2025-12-13_20-18-26,1765637306,11.956472158432007,60.32751512527466,29388,LAPTOP-HQRQ0VAR,127.0.0.1,60.32751512527466,5,12.16490151994822,3.5503105760988246e-05,12.164307802293887,1.6864543930223246,10.47260282827871,0.0038210663679385413,165.85893861839796,1.6105295872422134,4.0,4000.0,-364.9637058513397,0.00021525424778363674,20000.0,14.0,337,67.0,-2613.0129454608423,1630.8894977257532,0.4997599720017752,249,165.85893861839796,9.986424666417652e-05,0.00027689999842550606,296.88,543.3302143427115,4,0,0,29.876470588235293,91.17058823529412,0.0002892708411528818,20000.0,4000.0,0.0007411511145817796,-364.9637058513397,4000.0,-364.9637058513397,20000.0,-0.09866497,0.00695463,9.842666,189572.78,120576,128.0,5.0,0.0,5e-05,603008,1.0,0.10000000149011612,9.744696,138756,1.718253,0.0,1.0803132,13446.037598673642,138756,4016.0691039999997,120576,4000.0,3784956,0,603008,18925974,421883.01818692347,13446.352316434673,13445.60578102822,0.23018951200649876,1.3126168614255504e-05,3.323002343682963e-06,5.7148311622144615e-05,4.459298096403544e-06,3.0228966248453095e-05,0.0002921439683723762,5.072141680551042e-05,8.095973391635702e-05,2.9746486590182338e-05,4.662812431376918e-05,3.0676561069529545e-06,0.0003429303069658211,8.676680418321627e-06,0.06005398606139537,0.0007616466070311562,2.8538297659195083e-05,0.09195312623467794,0.07000526472010045,0.006231208108483533
1,24000.0,False,6,8ce83_00000,2025-12-13_20-18-38,1765637318,11.758464813232422,72.08597993850708,29388,LAPTOP-HQRQ0VAR,127.0.0.1,72.08597993850708,6,12.16065305574862,3.536107472455477e-05,12.16005446527088,1.688199889092159,10.46655066499594,0.003862262704271153,149.23379314161278,1.612336562119812,5.0,4000.0,137.70049300593737,0.0002294995148278788,24000.0,13.0,356,80.0,-1820.247995242381,3696.200216277688,0.5136930040006701,273,149.23379314161278,0.00010293945209646397,0.00027689999842550606,301.07,529.1988574882589,4,0,0,34.26470588235294,91.41764705882352,0.0002933702740863488,24000.0,4000.0,0.0007661636565088531,137.70049300593737,4000.0,137.70049300593737,24000.0,0.059679985,0.0014158254,9.895873,204680.2,120576,128.0,6.0,0.0,5e-05,723584,1.0,0.05000000074505806,9.955694,138756,1.3072276,0.0,1.0892116,13455.217865600389,138756,4016.0784129599997,120576,4000.0,3784014,0,723584,22709988,422131.27288445627,13455.141772510471,13454.208999366598,0.2299021468864487,1.4098498685401131e-05,3.430883834534989e-06,5.9931885612256434e-05,4.8147914345819964e-06,3.084720979700754e-05,0.0003072941313040486,5.304989380597356e-05,8.517552313154698e-05,3.050116361586864e-05,4.9002949926311754e-05,3.0619371731339103e-06,0.0003417480038346695,8.698913571003275e-06,0.05967318420079575,0.0007558011409128312,2.849291461833256e-05,0.09197341197236612,0.07010494107289064,0.006215130027436355
1,28000.0,False,7,8ce83_00000,2025-12-13_20-18-50,1765637330,11.668396472930908,83.75437641143799,29388,LAPTOP-HQRQ0VAR,127.0.0.1,83.75437641143799,7,12.155618640191006,3.546146394182956e-05,12.155012266618263,1.6884019422012284,10.461299816346004,0.0038659180772656274,161.95432497792535,1.6121882122486233,6.0,4000.0,195.44773947259407,0.0001972418136376759,28000.0,14.0,356,94.0,-1657.851272136655,3696.200216277688,0.502015781999944,241,161.95432497792535,9.378048166392089e-05,0.00027689999842550606,302.48,514.1473590267218,4,0,0,40.51176470588236,89.41764705882353,0.000276122693526933,28000.0,4000.0,0.000710519976748267,195.44773947259407,4000.0,195.44773947259407,28000.0,0.024778424,0.028413031,9.939797,155852.5,120576,128.0,7.0,0.0,5e-05,844160,1.0,0.07500000298023224,9.965996,138756,1.0814309,0.0,1.0447797,13494.698203807879,138756,4016.0976288303996,120576,4000.0,3784956,0,844160,26494944,423403.7555387989,13494.801132263143,13494.180753693612,0.2292820494175913,1.1844010675084149e-05,3.0960732324869226e-06,5.313762519374539e-05,4.0911062559828115e-06,2.886787128447369e-05,0.0002741659907709617,4.946852929347704e-05,7.848342760052935e-05,2.8853371099323393e-05,4.4399052434010767e-05,2.835731991096417e-06,0.0003407655238566818,8.682924539364814e-06,0.059253794358739544,0.0007501781295403132,2.8422985508554632e-05,0.09183821785266484,0.07006839766204631,0.006195594727153532
1,32000.0,False,8,8ce83_00000,2025-12-13_20-19-01,1765637341,11.758100032806396,95.51247644424438,29388,LAPTOP-HQRQ0VAR,127.0.0.1,95.51247644424438,8,12.151446607788978,3.529784930158797e-05,12.150834404952063,1.6906581127792506,10.454803464182524,0.003907724896565164,145.98471717844035,1.6122728578761014,7.0,4000.0,138.39265189764726,0.00017631951910173727,32000.0,13.0,356,107.0,-1893.4502500937388,2527.4451594976963,0.44997073400212684,237,145.98471717844035,8.311500579158353e-05,0.00027689999842550606,282.9,498.5208372282807,4,0,0,39.641176470588235,89.99999999999999,0.0002450816996898347,32000.0,4000.0,0.0006377012598040483,138.39265189764726,4000.0,138.39265189764726,32000.0,-0.10529728,0.009132218,9.765197,214372.64,120576,128.0,8.0,0.0,5e-05,964736,1.0,0.07500000298023224,9.6605835,138756,1.8093708,0.0,1.0012194,13311.31059799281,138756,4016.1066525420956,120576,4000.0,3784014,0,964736,30278958,417636.6160480927,13311.276127867513,13310.524201126185,0.22925002892334628,1.073019589835765e-05,2.7774515829377968e-06,4.7305475595412325e-05,3.6575575267874796e-06,2.529781605772135e-05,0.00024832009858157244,4.3899671604467326e-05,7.001439030039897e-05,2.584527923669317e-05,3.993450735352328e-05,2.563992932462378e-06,0.00034260586870672846,8.688095266908795e-06,0.05880384741504646,0.0007443833481461264,2.8399755603583724e-05,0.09220550467420081,0.07007517668542468,0.006245919779919907
1,36000.0,False,9,8ce83_00000,2025-12-13_20-19-13,1765637353,12.046447992324829,107.55892443656921,29388,LAPTOP-HQRQ0VAR,127.0.0.1,107.55892443656921,9,12.150318729711053,3.510187083989433e-05,12.149705370902533,1.6903663456515168,10.453969792540589,0.0039034256477170244,129.8101576602883,1.6119400962973232,8.0,4000.0,205.17564162230389,0.0002058419774616554,36000.0,16.0,314,123.0,-1893.4502500937388,2262.0674066568154,0.41668189400239497,237,129.8101576602883,9.537757413260733e-05,0.00027689999842550606,269.07,482.5932605021952,4,0,0,26.894117647058827,85.32941176470588,0.00028676500693839964,36000.0,4000.0,0.0007289937422652669,205.17564162230389,4000.0,205.17564162230389,36000.0,-0.06686637,0.015518479,9.931414,222339.48,120704,128.0,9.0,0.0,5e-05,1085440,1.0,0.07500000298023224,9.865711,138756,0.40327358,0.0,0.9127703,13431.003568638193,138756,4016.1455860166743,120704,4000.0,3790860,0,1085440,34069818,421419.3794202212,13430.947031643367,13430.280449400912,0.22893696263420815,1.2502125426486115e-05,3.2241856128971073e-06,5.4984284006263034e-05,4.199395537422662e-06,2.892949173317817e-05,0.00028209633534383453,5.041308468228898e-05,7.999732870469947e-05,2.970075625552305e-05,4.5380312715932606e-05,3.003582060541575e-06,0.00034295780997442495,8.668214387853304e-06,0.05836233894080685,0.0007386355146276414,2.836275803657877e-05,0.09224847662751538,0.07015508191856613,0.006260320582238158
1,40000.0,False,10,8ce83_00000,2025-12-13_20-19-26,1765637366,12.177364826202393,119.7362892627716,29388,LAPTOP-HQRQ0VAR,127.0.0.1,119.7362892627716,10,12.150446587413901,3.4874852202577656e-05,12.149832033193391,1.6905856201949583,10.453875692615203,0.0039015633912510505,135.31289134893112,1.6119976450843194,9.0,4000.0,216.76148434591502,0.00019651565736659456,40000.0,15.0,360,138.0,-1638.507227251108,2626.9251085027718,0.43751534499970146,241,135.31289134893112,9.08960527387684e-05,0.00027689999842550606,277.84,466.55709532925283,4,0,0,27.183333333333334,85.38888888888889,0.00026882552742552913,40000.0,4000.0,0.0007033630490120711,216.76148434591502,4000.0,216.76148434591502,40000.0,0.12854077,0.0026605786,9.918662,165115.72,120576,128.0,10.0,0.0,5e-05,1206016,1.0,0.03750000149011612,10.047402,138756,0.2959772,0.0,0.94892174,13573.033869020897,138756,4016.1741301565075,120576,4000.0,3785898,0,1206016,37855716,425894.8645062693,13572.933065758336,13572.28936646859,0.2290036790079386,1.1850838783765203e-05,3.037804886393328e-06,5.16388096013944e-05,3.969759723140351e-06,2.8068857050246727e-05,0.00027278808901658126,4.84621168566179e-05,7.678799545188356e-05,2.86143132891294e-05,4.463680590719339e-05,2.8244745061091875e-06,0.00034194723181320784,8.650532332817357e-06,0.057959932551316304,0.0007330981595907246,2.833013047570184e-05,0.0921686508611401,0.07070563609940188,0.006269000376413269
1,44000.0,False,11,8ce83_00000,2025-12-13_20-19-38,1765637378,11.882160902023315,131.61845016479492,29388,LAPTOP-HQRQ0VAR,127.0.0.1,131.61845016479492,11,12.147593873539767,3.4666103582427734e-05,12.146976646861402,1.6903831459929866,10.451218939688976,0.003901401757351629,151.25119658234323,1.6118175073834586,10.0,4000.0,358.1155910562088,0.00020064588689940697,44000.0,12.0,360,150.0,-1765.0808331325989,2626.9251085027718,0.4636547780004912,247,151.25119658234323,9.447176551056374e-05,0.00027689999842550606,293.81,450.5807410210571,4,0,0,26.923529411764704,85.02352941176471,0.0002810311756416547,44000.0,4000.0,0.0007167998876274522,358.1155910562088,4000.0,358.1155910562088,44000.0,0.07146158,0.0015805855,9.929561,151670.95,120576,128.0,11.0,0.0,5e-05,1326592,1.0,0.01875000074505806,10.0010805,138756,0.8019502,0.0,0.94410324,13408.942849757856,138756,4016.1723888549423,120576,4000.0,3783072,0,1326592,41638788,420789.68459164584,13409.350474884524,13409.02487865318,0.23082974921786814,1.2226161435650819e-05,3.4609532853458396e-06,5.332216383218686e-05,4.2160285404003126e-06,2.923472306929694e-05,0.00027863542489185375,4.9375029703259e-05,7.829976054316798e-05,2.8968874809646047e-05,4.4523656610765224e-05,2.985776098268201e-06,0.0003417777595039233,8.734026994280686e-06,0.05774503622588973,0.0007290041779046765,2.848582916676691e-05,0.0931713973526234,0.0717432547383441,0.006273887372658032
1,48000.0,False,12,8ce83_00000,2025-12-13_20-19-50,1765637390,12.178300142288208,143.79675030708313,29388,LAPTOP-HQRQ0VAR,127.0.0.1,143.79675030708313,12,12.147766226804396,3.48904425289046e-05,12.147146749392853,1.6901568265330804,10.451611511292159,0.003902711739779532,148.08124911929605,1.6116968420596378,11.0,4000.0,103.8734070588847,0.00019166363459648412,48000.0,14.0,347,164.0,-1765.0808331325989,2626.9251085027718,0.45755106400174556,254,148.08124911929605,9.047375603147333e-05,0.00027689999842550606,291.42,434.8156670572254,4,0,0,29.21764705882353,85.66470588235293,0.00026972972985547355,48000.0,4000.0,0.0006938401283447752,103.8734070588847,4000.0,103.8734070588847,48000.0,-0.12685482,0.012236367,9.861396,122467.98,120576,128.0,12.0,0.0,5e-05,1447168,1.0,0.01875000074505806,9.73477,138756,1.5053825,0.0,1.017242,13529.607258808925,138756,4016.1906649663924,120576,4000.0,3784956,0,1447168,45423744,424609.9638018365,13530.245345167477,13530.102457488352,0.232033838725772,1.1673087463995022e-05,3.050950854629231e-06,5.056663223725461e-05,3.905990724547585e-06,2.7410645157226765e-05,0.0002674544105728209,4.756322550914005e-05,7.572630811403673e-05,2.817791288073269e-05,4.377537133856788e-05,3.1238541170657354e-06,0.00034123498182716053,8.743686589828824e-06,0.05733671786364083,0.0007234341361258346,2.8497970953816485e-05,0.09303584237911672,0.07352344819092822,0.006251195498860924
1,52000.0,False,13,8ce83_00000,2025-12-13_20-20-02,1765637402,11.841408967971802,155.63815927505493,29388,LAPTOP-HQRQ0VAR,127.0.0.1,155.63815927505493,13,12.14454036053632,3.470053800464763e-05,12.14391953289892,1.689469510267813,10.449067255179278,0.0039059236224129952,115.69000479560844,1.610939099639042,12.0,4000.0,199.2837113386438,0.00019072000473297193,52000.0,15.0,338,179.0,-1155.2770486372756,2287.6636010963466,0.441051243000984,224,115.69000479560844,8.808711505502551e-05,0.00027689999842550606,285.03,419.3450726577765,4,0,0,26.358823529411765,86.31764705882354,0.00026530612247829767,52000.0,4000.0,0.0006860980303481303,199.2837113386438,4000.0,199.2837113386438,52000.0,0.056415685,0.011119162,10.0,193066.23,120576,128.0,13.0,-1.1920929e-07,5e-05,1567744,1.0,0.01875000074505806,10.056624,138756,0.6933631,0.0,0.9492552,13575.966663811367,138756,4016.2187583167283,120576,4000.0,3785898,0,1567744,49209642,426087.27562059974,13576.629251353628,13576.586760201693,0.2326885323384727,1.1208982545540257e-05,2.9700810740922507e-06,5.043284966594349e-05,3.873875385189976e-06,2.736015638353493e-05,0.0002652456900284916,4.689449871034334e-05,7.571311864584174e-05,2.8346206517492725e-05,4.270385132791303e-05,2.7603046987155564e-06,0.0003408046320143204,8.832249754408997e-06,0.05692220168501911,0.0007184907948926014,2.8706991222340084e-05,0.09327948595536896,0.07435639970909577,0.006249746543902432
1,56000.0,False,14,8ce83_00000,2025-12-13_20-20-13,1765637413,11.528157711029053,167.16631698608398,29388,LAPTOP-HQRQ0VAR,127.0.0.1,167.16631698608398,14,12.13820285593095,3.4513532533247723e-05,12.137577723570056,1.6891748561651911,10.4429720216275,0.003940370386233155,132.08495394124537,1.6106743553926988,13.0,4000.0,400.99110932798226,0.00018712767973979823,56000.0,13.0,344,192.0,-1509.8594412073726,2957.838119018883,0.4434605250005552,224,132.08495394124537,8.954216289392843e-05,0.00027689999842550606,290.06,404.26116563954264,4,0,0,24.45294117647059,86.30588235294118,0.00025951697103420714,56000.0,4000.0,0.0006763543441804963,400.99110932798226,4000.0,400.99110932798226,56000.0,-0.108703,0.013498854,9.858388,136909.94,120576,128.0,14.0,0.0,5e-05,1688320,1.0,0.01875000074505806,9.749938,138756,1.0761535,0.0,0.9197712,13610.923263607296,138756,4016.226570733561,120576,4000.0,3784014,0,1688320,52993656,427170.9552780354,13611.420730415031,13611.223671172887,0.23235507901510546,1.1249978618103547e-05,2.9281828618890947e-06,4.959352456975363e-05,3.925079980163525e-06,2.6468222232728833e-05,0.0002621243488011833,4.663362405965634e-05,7.416340356846234e-05,2.74118318290461e-05,4.222041207252584e-05,2.710187780773507e-06,0.00033926758568001737,8.816927230646315e-06,0.0566109096681032,0.0007145078868780655,2.8630921316064108e-05,0.09321624209588417,0.07442842971201906,0.0062257500785534445
1,60000.0,False,15,8ce83_00000,2025-12-13_20-20-25,1765637425,11.693103551864624,178.8594205379486,29388,LAPTOP-HQRQ0VAR,127.0.0.1,178.8594205379486,15,12.133660578371575,3.440139723586237e-05,12.133030730334454,1.6892881976034142,10.438299687411208,0.003945242682342256,208.7216176914787,1.6106350003387857,14.0,4000.0,249.1076958001123,0.00020498036516953942,60000.0,11.0,429,203.0,-1509.8594412073726,2957.838119018883,0.5105776619982498,224,208.7216176914787,9.516705322855372e-05,0.00027689999842550606,327.73,389.6380184239492,4,0,0,27.425,87.9875,0.0002729958682969398,60000.0,4000.0,0.0007169440594885083,249.1076958001123,4000.0,249.1076958001123,60000.0,-0.042217843,0.004402632,10.0,93570.51,120576,128.0,15.0,0.0,5e-05,1808896,1.0,0.00937500037252903,9.957865,138756,0.50334406,0.0,0.9026509,13682.428562530284,138756,4016.2143050262252,120576,4000.0,3782130,0,1808896,56775786,429425.71629346814,13683.08580550874,13683.058340927946,0.23221526722498356,1.2335506001060525e-05,3.102620180824269e-06,5.497862782473036e-05,4.213533769885859e-06,2.8394722537371103e-05,0.00028290094672309086,4.894580945903996e-05,7.975720848084404e-05,2.8595619141281145e-05,4.5408051721061444e-05,2.9591535053787353e-06,0.0003377819097921408,8.802758085254905e-06,0.05630191757142318,0.0007095318079359376,2.8633611975185613e-05,0.09332698267483212,0.0745174604149533,0.006204709577729672
1,64000.0,False,16,8ce83_00000,2025-12-13_20-20-37,1765637437,12.053572654724121,190.91299319267273,29388,LAPTOP-HQRQ0VAR,127.0.0.1,190.91299319267273,16,12.13265124658787,3.4182383196681355e-05,12.1320183300311,1.688672958627447,10.437874673537097,0.0039605122555778065,170.64593076649956,1.6098594230854193,15.0,4000.0,72.35567352185835,0.00018628545156266693,64000.0,11.0,429,214.0,-2244.476124423034,2957.838119018883,0.5370419009999022,248,170.64593076649956,8.685098356821827e-05,0.00027689999842550606,347.22,375.5037239597216,4,0,0,25.28333333333333,88.5111111111111,0.00025746862836529936,64000.0,4000.0,0.0006731901350249799,72.35567352185835,4000.0,72.35567352185835,64000.0,-0.08930516,0.0077641453,10.0,171434.8,120576,128.0,16.0,0.0,5e-05,1929472,1.0,0.00937500037252903,9.910767,138756,0.7443635,0.0,0.89676577,13716.145899064151,138756,4016.202161975963,120576,4000.0,3782130,0,1929472,60557916,430486.14670485735,13717.02030150264,13717.046051811727,0.2335756915527333,1.146210872138152e-05,3.014577056378551e-06,5.000273018923999e-05,4.002163616988124e-06,2.6163982171243167e-05,0.0002609599958178691,4.633698021033718e-05,7.388666530867273e-05,2.7714303268639157e-05,4.241100538232426e-05,2.682658694688888e-06,0.0003360870907037263,8.804730462110997e-06,0.055914941395664775,0.0007041324898195544,2.863427585800607e-05,0.09317672584797487,0.07645049681067863,0.00617993748187475
1,68000.0,False,17,8ce83_00000,2025-12-13_20-20-49,1765637449,11.381120443344116,202.29411363601685,29388,LAPTOP-HQRQ0VAR,127.0.0.1,202.29411363601685,17,12.124974690121999,3.3959559252205185e-05,12.124338621730782,1.6891271980412423,10.429743644801812,0.0039553451330244386,178.69153360633885,1.6101519446045038,16.0,4000.0,106.92351120646664,0.00020328089241754372,68000.0,11.0,452,225.0,-2244.476124423034,2162.1678118947584,0.5698495390027528,304,178.69153360633885,9.435334841717904e-05,0.00027689999842550606,363.3,361.84068594342125,4,0,0,28.443749999999998,89.2,0.00028375156573664644,68000.0,4000.0,0.000733995626099805,106.92351120646664,4000.0,106.92351120646664,68000.0,-0.060796604,0.009510528,9.981766,145381.62,120576,128.0,17.0,0.0,5e-05,2050048,1.0,0.00937500037252903,9.921058,138756,1.1125183,0.0,0.8639322,13867.244201777881,138756,4016.1901403562033,120576,4000.0,3782130,0,2050048,64340046,435226.88015202724,13868.187978291344,13868.317944994946,0.2345973106372641,1.222787963085038e-05,3.24416428594005e-06,5.3528381984543104e-05,4.12575552539263e-06,2.8934948279666014e-05,0.00028056481046037667,5.139198368918164e-05,7.978681989014643e-05,3.0352920993021217e-05,4.726149694840564e-05,3.0783313478257404e-06,0.00033439121981465424,8.871683173583141e-06,0.05576975898176675,0.0007001111649251028,2.8722933044477977e-05,0.09352438258944448,0.0772958238425301,0.006160517107134656
1,72000.0,False,18,8ce83_00000,2025-12-13_20-21-01,1765637461,12.270562648773193,214.56467628479004,29388,LAPTOP-HQRQ0VAR,127.0.0.1,214.56467628479004,18,12.126253528220742,3.374196371553641e-05,12.125613605513362,1.6890473040608138,10.431052333353698,0.003987484681757727,288.89544747345656,1.610126376408445,17.0,4000.0,196.54912154358135,0.00018417424145841126,72000.0,8.0,656,233.0,-1695.9506256309414,2162.1678118947584,0.6543790780026757,304,288.89544747345656,8.509235871733832e-05,0.00027689999842550606,414.72,348.7249536800905,4,0,0,27.16111111111111,87.45555555555555,0.0002577718214349706,72000.0,4000.0,0.0006677855834040041,196.54912154358135,4000.0,196.54912154358135,72000.0,-0.09083885,0.014667726,9.84575,182377.4,120448,128.0,18.0,0.0,5e-05,2170496,1.0,0.00937500037252903,9.75505,138756,0.8871823,0.0,0.8525909,13647.848416415904,138756,4016.1482389526413,120448,4000.0,3775292,0,2170496,68115338,428316.742016389,13648.699996735353,13648.814312723098,0.2343907705308663,1.119919001747995e-05,2.8761240078505446e-06,4.920997873901268e-05,3.772054237558148e-06,2.643312380351161e-05,0.00025859154511931277,4.593470179702952e-05,7.292760815383898e-05,2.7075201117172623e-05,4.144531589057107e-05,2.673686582596694e-06,0.00033248930753715156,8.854966308014223e-06,0.05566073539202114,0.0006947950533005877,2.8636703789354843e-05,0.0933753827634508,0.07738453960414822,0.006134176936105583
1,76000.0,False,19,8ce83_00000,2025-12-13_20-21-13,1765637473,11.652498245239258,226.2171745300293,29388,LAPTOP-HQRQ0VAR,127.0.0.1,226.2171745300293,19,12.121359636938566,3.353354404201662e-05,12.12071928445821,1.6889704790201578,10.426229345020241,0.003988527834953484,256.2702644595141,1.6101951078943444,18.0,4000.0,380.10465271454615,0.00021494761517613448,76000.0,4.0,825,237.0,-1695.9506256309414,3956.2737683180385,0.7611787110019941,308,256.2702644595141,9.755231101145356e-05,0.00027689999842550606,483.26,336.09286943844666,4,0,0,30.04375,87.4875,0.00028161104466297284,76000.0,4000.0,0.0007367129920519263,380.10465271454615,4000.0,380.10465271454615,76000.0,-0.07707301,0.015001647,9.931422,276412.88,120320,128.0,19.0,0.0,5e-05,2290816,1.0,0.00937500037252903,9.854489,138756,0.32962447,0.0,0.84886444,13697.457287825597,138756,4016.0667565631147,120320,4000.0,3767520,0,2290816,71882858,429848.7573101164,13699.118967258815,13699.183036335,0.23463245282564735,1.2842616527857246e-05,3.312402911825e-06,5.686447456817304e-05,4.4068864994986936e-06,2.911246193192173e-05,0.0002928444131163961,5.067708072472001e-05,8.101358627224893e-05,2.9286462376799423e-05,4.6648785861543034e-05,2.9876669823821276e-06,0.0003313654143410583,8.846416672016942e-06,0.05545062403808467,0.0006917981027299805,2.862233678533536e-05,0.09327507993574213,0.07796378620802426,0.006112309166676469
1,80000.0,False,20,8ce83_00000,2025-12-13_20-21-26,1765637486,13.006697177886963,239.22387170791626,29388,LAPTOP-HQRQ0VAR,127.0.0.1,239.22387170791626,20,12.13007006956914,3.332620855761754e-05,12.129428902613629,1.6888036782298637,10.435105205569936,0.003986638556632165,453.4405125222908,1.609974212565434,19.0,4000.0,623.5239532757582,0.00018529352893666625,80000.0,4.0,825,241.0,-1695.9506256309414,4826.6842024572015,0.8708890750011778,308,453.4405125222908,8.781570971347934e-05,0.00027689999842550606,550.0,323.99559639601364,4,0,0,25.268421052631584,87.98421052631579,0.0002618760451502147,80000.0,4000.0,0.0006729152012763288,623.5239532757582,4000.0,623.5239532757582,80000.0,0.027948152,0.02399056,10.0,241532.94,120320,128.0,20.0,0.0,5e-05,2411136,1.0,0.014062500558793545,10.028173,138756,0.4984195,0.0,0.83008903,13707.299528789983,138756,4015.9860889974834,120320,4000.0,3767520,0,2411136,75650378,430126.6729362473,13709.069866290247,13709.142048963673,0.23770419129735185,1.1672298411724468e-05,2.906273019122361e-06,4.997676536567102e-05,3.833662284206768e-06,2.6605841418841574e-05,0.0002588165399618407,4.691307627956433e-05,7.365971944683816e-05,2.723353827994884e-05,4.262747207075946e-05,2.716448584654475e-06,0.0003294127602291134,8.934952397870576e-06,0.055312667797640075,0.0006885601217843391,2.876911336761713e-05,0.09350265913636895,0.08096777234600555,0.006095744074945637
1,84000.0,False,21,8ce83_00000,2025-12-13_20-21-38,1765637498,12.393744468688965,251.61761617660522,29388,LAPTOP-HQRQ0VAR,127.0.0.1,251.61761617660522,21,12.132486482873476,3.316694648729084e-05,12.13183744258745,1.688883541447583,10.437392740514143,0.004019631170985688,366.3053429273338,1.6092910736897938,20.0,4000.0,1517.669773165753,0.00018637450953467343,84000.0,4.0,1228,245.0,-1695.9506256309414,8229.748428556766,1.047128235999844,308,366.3053429273338,8.700077251450308e-05,0.00027689999842550606,666.15,312.34227652913955,4,0,0,23.35,88.07777777777777,0.00026331374017701196,84000.0,4000.0,0.0006774691823492592,1517.669773165753,4000.0,1517.669773165753,84000.0,0.086619794,0.036440667,9.866629,799836.9,120320,128.0,21.0,0.0,5e-05,2531456,1.0,0.02109375037252903,9.953761,138756,0.58211285,0.0,0.7635238,13727.027825885769,138756,4015.9062281075085,120320,4000.0,3767520,0,2531456,79417898,430689.24797514064,13728.53362660894,13728.520703901659,0.2374052063844135,1.1105905549898245e-05,2.964026910838356e-06,4.940233857610117e-05,3.7901449789583964e-06,2.6623932133552927e-05,0.00026079573098118235,4.648400744739377e-05,7.417710764283593e-05,2.7522138143798502e-05,4.179843267083573e-05,2.6995838942391464e-06,0.0003279746326439642,8.914602962734456e-06,0.05494037711959046,0.0006834175204507956,2.8698422140056196e-05,0.09352816354502408,0.08102518262248636,0.006095811634227985
1,88000.0,False,22,8ce83_00000,2025-12-13_20-21-50,1765637510,12.098659038543701,263.7162752151489,29388,LAPTOP-HQRQ0VAR,127.0.0.1,263.7162752151489,22,12.132023882044766,3.303827711296856e-05,12.131373174161618,1.6885995090330437,10.437217938109015,0.004014637859282563,901.0200878120803,1.6089342327028784,21.0,4000.0,1517.669773165753,0.00019999843215264164,88000.0,0.0,1228,245.0,-1695.9506256309414,8229.748428556766,1.047128235999844,308,901.0200878120803,9.482498568270252e-05,0.00027689999842550606,666.15,301.1715999118267,4,0,0,30.22941176470588,88.39411764705882,0.0002841365015607757,88000.0,4000.0,0.0007309849519077625,1517.669773165753,4000.0,1517.669773165753,88000.0,-0.14622898,0.013939783,10.0,846792.9,120192,128.0,22.0,0.0,5e-05,2651648,1.0,0.02109375037252903,9.854065,138756,0.79075116,0.0,0.73135495,13702.788217751367,138756,4015.7871658264335,120192,4000.0,3759756,0,2651648,83177654,429840.52451289236,13703.974580643573,13703.619212132042,0.2368196193205599,1.2097071439259815e-05,3.168250079240482e-06,5.2832664043062384e-05,3.995975980387228e-06,2.948228065377488e-05,0.000278132447460984,5.024389075432582e-05,8.00750889634366e-05,2.996848809335468e-05,4.527552215204059e-05,2.9564027553987964e-06,0.0003253008862752947,8.894456876430544e-06,0.0546105633484461,0.0006786343451475451,2.864843783154158e-05,0.09342877990965141,0.08091019579636546,0.006065636517851299
1,92000.0,False,23,8ce83_00000,2025-12-13_20-22-02,1765637522,11.897019386291504,275.61329460144043,29388,LAPTOP-HQRQ0VAR,127.0.0.1,275.61329460144043,23,12.129535530224441,3.2824894214100535e-05,12.12888522641993,1.6882219359426105,10.435114650727916,0.004008928480684533,731.576736582698,1.608645515625826,22.0,4000.0,2156.6448212377386,0.00018406672774997723,92000.0,4.0,1741,249.0,-1220.394985562898,8229.748428556766,1.3464817100002255,334,731.576736582698,8.657982832702032e-05,0.00027689999842550606,862.88,290.49741295633174,4,0,0,25.070588235294117,88.72941176470589,0.0002576101142794385,92000.0,4000.0,0.0006687836706408033,2156.6448212377386,4000.0,2156.6448212377386,92000.0,0.049576625,0.010822784,10.0,321946.75,120320,128.0,23.0,0.0,5e-05,2771968,1.0,0.02109375037252903,10.049804,138756,0.31607994,0.0,0.6436158,13828.746610671047,138756,4015.709294168169,120320,4000.0,3767520,0,2771968,86945174,433680.527125487,13828.686467941865,13827.934492052818,0.23641358212731306,1.1289065591950645e-05,2.9391462661013135e-06,4.932293638172095e-05,3.8204583352165205e-06,2.6322987525170137e-05,0.0002584473082515475,4.6051004251784346e-05,7.377797913402745e-05,2.7293574731515327e-05,4.166006631397813e-05,2.688670545497139e-06,0.00032318987752266313,8.873512388894332e-06,0.05425886571491373,0.0006749260017048967,2.85569533373417e-05,0.0934444011104557,0.0808737378383551,0.006040673152772641
1,96000.0,False,24,8ce83_00000,2025-12-13_20-22-14,1765637534,11.414778232574463,287.0280728340149,29388,LAPTOP-HQRQ0VAR,127.0.0.1,287.0280728340149,24,12.122264287922102,3.2703645247448986e-05,12.121610729155694,1.6881585005831,10.427909225220617,0.004001926195924777,727.5484461538616,1.6084130977195232,23.0,4000.0,2317.446689648739,0.00020365077600319073,96000.0,1.0,1788,250.0,-1220.394985562898,8229.748428556766,1.4291586729999108,334,727.5484461538616,9.572964281413983e-05,0.00027689999842550606,915.6,280.3179245855059,4,0,0,27.8,88.59411764705884,0.00028564238357763007,96000.0,4000.0,0.0007277687886671927,2317.446689648739,4000.0,2317.446689648739,96000.0,0.10325724,0.005010113,10.0,699665.75,120192,128.0,24.0,0.0,5e-05,2892160,1.0,0.02109375037252903,10.103363,138756,0.16982688,0.0,0.6577702,13745.434546678616,138756,4015.6022012264875,120192,4000.0,3760695,0,2892160,90705869,431029.4677318751,13745.288326430828,13744.705407808986,0.23593597930596433,1.2352970899331577e-05,3.1934052427247717e-06,5.4412504236385935e-05,4.549461164028811e-06,2.9103062355253735e-05,0.0002798416658054463,5.040682500438939e-05,8.02131614607626e-05,3.0101136144794713e-05,4.565479261545457e-05,2.9603900371753225e-06,0.00032065897884650687,8.937777265869656e-06,0.05386436305773654,0.0006698227417066567,2.9053383792216853e-05,0.0935311680992486,0.08074308845995756,0.006009217421230596
1,100000.0,False,25,8ce83_00000,2025-12-13_20-22-25,1765637545,11.489421844482422,298.5174946784973,29388,LAPTOP-HQRQ0VAR,127.0.0.1,298.5174946784973,25,12.115747491042878,3.250060872053761e-05,12.115093898864172,1.6879834025773157,10.421578421968462,0.003990092933946889,583.9750230013356,1.6078734449923042,24.0,4000.0,4379.521512786613,0.0001930505540508222,100000.0,3.0,2283,253.0,-1220.394985562898,19514.748114239424,1.7536557049992552,415,583.9750230013356,9.036103564822572e-05,0.00027689999842550606,1126.42,270.6527735172775,4,0,0,25.725,90.42500000000001,0.0002679157480527993,100000.0,4000.0,0.0006922880922606694,4379.521512786613,4000.0,4379.521512786613,100000.0,-0.039817557,0.011221209,10.0,1920661.1,120320,128.0,25.0,0.0,5e-05,3012480,1.0,0.02109375037252903,9.960419,138756,0.09320016,0.0,0.5721006,13797.742664119063,138756,4015.5161792142226,120320,4000.0,3766580,0,3012480,94472449,432577.04021627584,13797.036370646132,13796.12758288762,0.2378073185129408,1.1834620656955027e-05,3.038940670145477e-06,5.162875858638398e-05,3.943703551149657e-06,2.7382994675548415e-05,0.00026934387433740447,4.725109026109358e-05,7.616808200877176e-05,2.810119078275987e-05,4.356007408853138e-05,2.82571068534846e-06,0.00031852838895664494,8.972399564293224e-06,0.053466948427159926,0.0006650165142898155,2.930284999158484e-05,0.09385507841833672,0.0827148255753371,0.005991706247034361
1,104000.0,False,26,8ce83_00000,2025-12-13_20-22-38,1765637558,12.063239812850952,310.58073449134827,29388,LAPTOP-HQRQ0VAR,127.0.0.1,310.58073449134827,26,12.114998479132506,3.2423602629977615e-05,12.114336543875652,1.6878031845515116,10.420964284748663,0.004015187004746299,901.0294848836927,1.607883145542401,25.0,4000.0,4379.521512786613,0.00018794966284058954,104000.0,0.0,2283,253.0,-1220.394985562898,19514.748114239424,1.7536557049992552,415,901.0294848836927,8.877389676673151e-05,0.00027689999842550606,1126.42,261.4619894833452,4,0,0,24.447058823529414,90.33529411764705,0.00026461970538285055,104000.0,4000.0,0.000686443611609357,4379.521512786613,4000.0,4379.521512786613,104000.0,-0.15052053,0.013080938,10.0,1354277.2,120192,128.0,26.0,0.0,5e-05,3132672,1.0,0.02109375037252903,9.849754,138756,0.3410752,0.0,0.46873257,13777.371250397005,138756,4015.4010174220803,120192,4000.0,3759756,0,3132672,98232205,431707.5839408729,13774.454892998585,13771.864393950178,0.23775674332789742,1.1526294329422672e-05,3.133925228731303e-06,5.066725175580664e-05,3.813443870834567e-06,2.7001862079406058e-05,0.00026523299974635716,4.7122699268375334e-05,7.495273374399227e-05,2.7883206491420863e-05,4.3319872720060535e-05,2.904154219863655e-06,0.00031591710507222314,9.059675606743247e-06,0.05308650494275611,0.0006608293491294439,2.9537821583104377e-05,0.0941378696340704,0.08280142331958935,0.005960030184527618
1,108000.0,False,27,8ce83_00000,2025-12-13_20-22-50,1765637570,11.798907279968262,322.3796417713165,29388,LAPTOP-HQRQ0VAR,127.0.0.1,322.3796417713165,27,12.1117519643412,3.2341366554636254e-05,12.111085960436876,1.6877600967059985,10.417754629901289,0.004015747134744295,598.3207760587363,1.6075175320869959,26.0,4000.0,6184.784496672172,0.00018020018455936645,108000.0,3.0,2283,256.0,-1220.394985562898,19777.99925757798,2.080696157999337,466,598.3207760587363,8.606676255166175e-05,0.00027689999842550606,1333.96,252.68871199762106,4,0,0,25.288235294117648,90.35882352941177,0.00025153384885055665,108000.0,4000.0,0.0006599791889067993,6184.784496672172,4000.0,6184.784496672172,108000.0,0.008574124,0.0036841482,10.0,3261608.5,120320,128.0,27.0,0.0,5e-05,3252992,1.0,0.010546875186264515,10.008652,138756,0.51108533,0.0,0.4074612,13624.87601942714,138756,4015.3170072478597,120320,4000.0,3766580,0,3252992,101998785,426904.6054412018,13622.041297256395,13619.521347272119,0.23752098789466378,1.1085673320218442e-05,2.8129849177976846e-06,4.867693750179655e-05,3.763858485155696e-06,2.6009538314100545e-05,0.00025666650327617915,4.516505667997447e-05,7.209263781579882e-05,2.6935721015837132e-05,4.137391122311091e-05,2.609169307052173e-06,0.00031365193398945785,9.03507891667492e-06,0.05273724089340517,0.0006560500555952192,2.947244337237698e-05,0.09425491293764428,0.08283739808645661,0.005931229882631864
1,112000.0,False,28,8ce83_00000,2025-12-13_20-23-01,1765637581,11.247329950332642,333.62697172164917,29388,LAPTOP-HQRQ0VAR,127.0.0.1,333.62697172164917,28,12.102977274697768,3.213895293732868e-05,12.102311215832577,1.6875922867388233,10.409155466602233,0.004008266663377901,893.5304440662748,1.6071882625161351,27.0,4000.0,7591.792809251344,0.00018661870555450164,112000.0,1.0,2283,257.0,-1040.488474422953,34089.742712271385,2.1955558919995384,466,893.5304440662748,8.711949200911718e-05,0.00027689999842550606,1406.02,244.33911709930456,4,0,0,24.212500000000002,90.2625,0.00026227477980572797,112000.0,4000.0,0.0006731477775950435,7591.792809251344,4000.0,7591.792809251344,112000.0,0.0044544972,0.0068014706,10.0,662493.2,120192,128.0,28.0,0.0,5e-05,3373184,1.0,0.010546875186264515,10.004526,138756,0.1681268,0.0,0.3249034,13611.939779835882,138756,4015.2138371753813,120192,4000.0,3760695,0,3373184,105759480,426472.65926068265,13609.276072446672,13606.894841121288,0.23706504501576556,1.1378485378175447e-05,2.978731885189303e-06,5.02576214114962e-05,3.7654176292885315e-06,2.7225214214066154e-05,0.0002605290067049512,4.640853159491118e-05,7.370739555467935e-05,2.7561040619867996e-05,4.203623050112815e-05,2.696129356678994e-06,0.00031138341471058167,9.01572808606059e-06,0.05253160748439015,0.0006514535550056592,2.9380719029203843e-05,0.09416939080828786,0.08269418510544778,0.005918948583800149
1,116000.0,False,29,8ce83_00000,2025-12-13_20-23-13,1765637593,12.139327764511108,345.7662994861603,29388,LAPTOP-HQRQ0VAR,127.0.0.1,345.7662994861603,29,12.103080983950795,3.20085634071321e-05,12.102413850674292,1.6873657668713362,10.409502953936224,0.0039926539968062605,490.8252025008843,1.6066020411408872,28.0,4000.0,9231.571683466129,0.00018525300448490978,116000.0,3.0,2283,260.0,-1040.488474422953,34089.742712271385,2.4781108989997302,466,490.8252025008843,8.546951329533434e-05,0.00027689999842550606,1594.18,236.43490814052032,4,0,0,26.277777777777782,90.88888888888889,0.0002552565442391344,116000.0,4000.0,0.0006601765266454204,9231.571683466129,4000.0,9231.571683466129,116000.0,-0.0005631987,0.0026964098,10.0,2317003.5,120320,128.0,29.0,0.0,5e-05,3493504,1.0,0.0052734375931322575,9.999465,138756,1.2156979,0.0,0.36550525,13632.066357988933,138756,4015.1316988036274,120320,4000.0,3766580,0,3493504,109526060,427086.5835792097,13629.286908478029,13627.028342516622,0.23836910056562768,1.1137860789906848e-05,2.880890480188304e-06,4.865632443276966e-05,3.867688046650317e-06,2.6049793270937634e-05,0.00025452612529213564,4.617370133855886e-05,7.221875004221e-05,2.7223258782761384e-05,4.1149220759630826e-05,2.627393715682194e-06,0.00030921058059827565,9.01357089319879e-06,0.05218468240948205,0.0006469040194296095,2.934491191170211e-05,0.09442637790030124,0.08412283425438703,0.005894229097917184
1,120000.0,False,30,8ce83_00000,2025-12-13_20-23-25,1765637605,12.30945897102356,358.07575845718384,29388,LAPTOP-HQRQ0VAR,127.0.0.1,358.07575845718384,30,12.105018516111235,3.1918477778164425e-05,12.104347009167506,1.686830163202557,10.411972405396957,0.00398930345682225,822.8533176590872,1.6059839177294906,29.0,4000.0,10123.006672362972,0.00017698813200990138,120000.0,1.0,2283,261.0,-77.25336462122323,34089.742712271385,2.5766068159992574,690,822.8533176590872,8.241461865771002e-05,0.00027689999842550606,1657.92,228.88518538981543,4,0,0,26.394117647058824,91.11176470588236,0.0002461557551791968,120000.0,4000.0,0.0006449580295500038,10123.006672362972,4000.0,10123.006672362972,120000.0,0.06964366,0.0052989502,10.0,1370714.5,120192,128.0,30.0,-1.1920929e-07,5e-05,3613696,1.0,0.0052734375931322575,10.069672,138756,0.51367605,0.0,0.2965878,13614.017199440515,138756,4015.030381815591,120192,4000.0,3760695,0,3613696,113286755,426414.820221149,13611.157768288296,13608.156353446666,0.23769175355994793,1.078771363903186e-05,2.7363185744906796e-06,4.736722270202744e-05,3.590965047433224e-06,2.5775098607573966e-05,0.00025189837725728083,4.4427559468756194e-05,7.045260959732228e-05,2.593043816100218e-05,4.04725700128034e-05,2.5478092040089247e-06,0.0003068414747678438,8.989435104746755e-06,0.051876441585275615,0.0006421189792524349,2.927246287467745e-05,0.09427050012135661,0.08394220091177887,0.005872549806914532
1,124000.0,False,31,8ce83_00000,2025-12-13_20-23-37,1765637617,11.045280933380127,369.12103939056396,29388,LAPTOP-HQRQ0VAR,127.0.0.1,369.12103939056396,31,12.09428629495011,3.173329300209083e-05,12.093613493075798,1.6864384895704772,10.401621961342967,0.003997031422375607,743.7106738282413,1.6056702328021328,30.0,4000.0,11157.668250201861,0.00018853549783111816,124000.0,1.0,2283,262.0,-77.25336462122323,34089.742712271385,2.6683332769996198,733,743.7106738282413,8.85724788472594e-05,0.00027689999842550606,1719.33,221.66878566950166,4,0,0,25.599999999999998,91.17500000000001,0.000264897767370903,124000.0,4000.0,0.0006852235687782016,11157.668250201861,4000.0,11157.668250201861,124000.0,-0.0005431621,0.00438228,9.887318,3104773.8,120192,128.0,31.0,4.172325e-07,5e-05,3733888,1.0,0.0026367187965661287,9.886796,138756,0.62914366,0.0,0.23308474,13659.923369738057,138756,4014.9300779974355,120192,4000.0,3760695,0,3733888,117047450,427757.3775274181,13657.025119941849,13652.926002020216,0.23750528302423288,1.1489899536743292e-05,3.0853267492448716e-06,5.0696208797887445e-05,3.859205189276709e-06,2.703333181924922e-05,0.00026496083126023573,4.725474225824656e-05,7.522714971712288e-05,2.782149350255568e-05,4.280491924345723e-05,2.7460359190237936e-06,0.000304858059987299,9.077540799406736e-06,0.05153866316947318,0.0006374077895294897,2.938673828912728e-05,0.0944989261201531,0.08389973290262233,0.005846283308912706
1,128000.0,False,32,8ce83_00000,2025-12-13_20-23-48,1765637628,11.272760152816772,380.39379954338074,29388,LAPTOP-HQRQ0VAR,127.0.0.1,380.39379954338074,32,12.085909249000604,3.154796020406813e-05,12.08523505114502,1.6861226576748019,10.393553956729637,0.003997844108155864,685.0981469326987,1.6051869502241467,31.0,4000.0,13287.035631645753,0.0001874995893957903,128000.0,3.0,2283,265.0,1196.691964597907,34089.742712271385,2.9416428089981492,733,685.0981469326987,8.726894386883527e-05,0.00027689999842550606,1899.85,214.86588905442434,4,0,0,29.90625,91.325,0.0002676722413594701,128000.0,4000.0,0.0006772985419436985,13287.035631645753,4000.0,13287.035631645753,128000.0,-0.040611915,0.0035070705,10.0,1672064.2,120320,128.0,32.0,5.9604645e-08,5e-05,3854208,1.0,0.0013183593982830644,9.959397,138756,0.29748347,0.0,0.1793287,13679.610183106553,138756,4014.850777217461,120320,4000.0,3766580,0,3854208,120814030,428392.84495803673,13677.176479641088,13673.224571292685,0.23704929919398648,1.1283146492559982e-05,3.030785449514244e-06,5.04918530978908e-05,3.83000931444273e-06,2.7111596354292078e-05,0.0002603718788716849,4.6260341702048697e-05,7.411758008008119e-05,2.8098353862728437e-05,4.194287990874816e-05,2.750292462134635e-06,0.0003027494794146113,9.060765372808569e-06,0.05127950253783435,0.000632906711635264,2.934487093333936e-05,0.09442179585908796,0.0838161335734881,0.005819890475839244
1,132000.0,False,33,8ce83_00000,2025-12-13_20-23-59,1765637639,11.032511234283447,391.4263107776642,29388,LAPTOP-HQRQ0VAR,127.0.0.1,391.4263107776642,33,12.075273896510527,3.1392480656193165e-05,12.074599473633707,1.6861934380980497,10.382830475162404,0.004011334667196582,783.5811502520972,1.6048485499719456,32.0,4000.0,14104.060459914668,0.0001974824787547789,132000.0,1.0,2283,266.0,1196.691964597907,34089.742712271385,3.0205666249981733,733,783.5811502520972,9.235815655186751e-05,0.00027689999842550606,1955.39,208.42604691278518,4,0,0,25.44375,91.39375000000001,0.0002758285427454508,132000.0,4000.0,0.0007073564160612229,14104.060459914668,4000.0,14104.060459914668,132000.0,-0.028231207,0.00092914695,10.0,2242178.5,120192,128.0,33.0,0.0,5e-05,3974400,1.0,0.0006591796991415322,9.97177,138756,0.42697203,0.0,0.20420684,13748.001036124493,138756,4014.752269445287,120192,4000.0,3760695,0,3974400,124574725,430498.2712086561,13745.587490099908,13741.64469140451,0.23806643020207113,1.1864272048721594e-05,3.1049409899078326e-06,5.294630872547152e-05,4.04382380337618e-06,2.8346795152054277e-05,0.00027415991294822955,4.932577421432616e-05,7.755792282729485e-05,2.8935430250859798e-05,4.414708691988029e-05,2.9009112615758788e-06,0.0003004579845494854,9.042157685247398e-06,0.0509219045124415,0.00062827864451996,2.9264422245182378e-05,0.09436078190048044,0.08529178123779618,0.005790516571125742
1,136000.0,False,34,8ce83_00000,2025-12-13_20-24-11,1765637651,11.594452857971191,403.0207636356354,29388,LAPTOP-HQRQ0VAR,127.0.0.1,403.0207636356354,34,12.070332616545382,3.132655584627661e-05,12.069658026897384,1.686254907717041,10.377834449410832,0.00400519732050159,535.5374152323344,1.6046257019722097,33.0,4000.0,16446.646209029568,0.0002003928560426166,136000.0,3.0,2283,269.0,1524.3224572823674,34089.742712271385,3.2467356099990137,937,535.5374152323344,9.335442607581435e-05,0.00027689999842550606,2102.16,202.34473605197815,4,0,0,25.447058823529414,91.47058823529412,0.0002829176660756552,136000.0,4000.0,0.0007248206983807804,16446.646209029568,4000.0,16446.646209029568,136000.0,-0.018568462,0.0008264148,10.0,4781577.0,120320,128.0,34.0,0.0,5e-05,4094720,1.0,0.0003295898495707661,9.981433,138756,0.34299415,0.0,0.2285861,13747.696583050214,138756,4014.674746750834,120320,4000.0,3766580,0,4094720,128341305,430482.10855463345,13745.335228614864,13741.472381923537,0.23815597990010948,1.2081612697450221e-05,3.2140212852338854e-06,5.286455932667899e-05,4.114969540600908e-06,2.8448609775002257e-05,0.0002789867332244024,5.0154569273073276e-05,7.987082677405878e-05,2.928194373635503e-05,4.482701001916515e-05,2.9186245342356917e-06,0.0002984074046922596,9.01873603648937e-06,0.05056824646730939,0.0006244908580099125,2.9190777944074777e-05,0.09478632108140776,0.08534555242553045,0.005763069405379195
1,140000.0,False,35,8ce83_00000,2025-12-13_20-24-22,1765637662,11.09613823890686,414.11690187454224,29388,LAPTOP-HQRQ0VAR,127.0.0.1,414.11690187454224,35,12.06049317437992,3.1146290281907394e-05,12.059817523628325,1.6853438736397768,10.368908397916728,0.004001296347391407,901.0273937717437,1.6039121072024902,34.0,4000.0,16446.646209029568,0.0001827882854467178,140000.0,0.0,2283,269.0,1524.3224572823674,34089.742712271385,3.2467356099990137,937,901.0273937717437,8.624837325604096e-05,0.00027689999842550606,2102.16,196.56180001290045,4,0,0,26.049999999999997,91.42500000000001,0.00025449286214950277,140000.0,4000.0,0.0006554309869376289,16446.646209029568,4000.0,16446.646209029568,140000.0,-0.114252366,0.0020869903,10.0,1033296.06,120192,128.0,35.0,0.0,5e-05,4214912,1.0,0.00016479492478538305,9.885748,138756,0.21811853,0.0,0.27207458,13866.913550914562,138756,4014.5679992833257,120192,4000.0,3759756,0,4214912,132101061,434201.6387265603,13864.808367760466,13861.29208092398,0.2378921481011204,1.0988303989612624e-05,2.928052316822315e-06,4.847310576700897e-05,3.7389443661184653e-06,2.5970850279029396e-05,0.0002535412602421178,4.49328758550623e-05,7.163785460427213e-05,2.699210632351392e-05,4.0807716642730216e-05,2.6439109978266734e-06,0.0002960863306005758,9.076548638916276e-06,0.05032856000257999,0.0006201459493454355,2.9280870162987453e-05,0.09482154787052974,0.08531801490117555,0.005739615711232179
1,144000.0,False,36,8ce83_00000,2025-12-13_20-24-33,1765637673,11.264817953109741,425.381719827652,29388,LAPTOP-HQRQ0VAR,127.0.0.1,425.381719827652,36,12.052344335636048,3.09858273647236e-05,12.051664100392053,1.684663477903396,10.361374158937544,0.0040438033839137865,514.7940098021667,1.6033215428804815,35.0,4000.0,19039.381465724506,0.0001872369500607699,144000.0,3.0,2283,272.0,1524.3224572823674,34089.742712271385,3.3974897639978736,1170,514.7940098021667,8.784013616120725e-05,0.00027689999842550606,2201.65,191.09385908103621,4,0,0,27.756249999999998,91.98125,0.0002627345681389178,144000.0,4000.0,0.0006723240166232472,19039.381465724506,4000.0,19039.381465724506,144000.0,0.10642774,0.0045651565,10.0,4442214.0,120320,128.0,36.0,1.1920929e-07,5e-05,4335232,1.0,8.239746239269152e-05,10.106429,138756,0.7495112,0.0,0.21107838,13801.177651574519,138756,4014.4923192904926,120320,4000.0,3766580,0,4335232,135867641,432096.47934136254,13798.777746027376,13795.049634326046,0.2380457096200682,1.1499839256911732e-05,3.038542044869416e-06,5.0137070646973526e-05,3.8933277093896005e-06,2.6744558449893943e-05,0.0002587382702456984,4.611574247234212e-05,7.381243609148625e-05,2.7549816208045846e-05,4.202797786025383e-05,2.738934872307064e-06,0.00029468646724822373,9.053783088236054e-06,0.05013986340259928,0.0006173614899682958,2.9199061467305004e-05,0.0949098863918447,0.08558831475211488,0.005728829554110181
1,148000.0,False,37,8ce83_00000,2025-12-13_20-24-44,1765637684,11.176977634429932,436.5586974620819,29388,LAPTOP-HQRQ0VAR,127.0.0.1,436.5586974620819,37,12.043510051279776,3.083096910716962e-05,12.042827561388087,1.6870643171243656,10.350144007348122,0.004035823350134354,860.5352630219701,1.6059509012016835,36.0,4000.0,19892.47117205079,0.00023710669873341575,148000.0,1.0,2283,273.0,1524.3224572823674,34089.742712271385,3.4416568159982854,1450,860.5352630219701,0.00011008292836955524,0.00027689999842550606,2229.04,185.88516646898552,4,0,0,38.275000000000006,92.5125,0.0003011828272717068,148000.0,4000.0,0.0007966724263109455,19892.47117205079,4000.0,19892.47117205079,148000.0,-0.06204836,0.002050915,9.987898,1107905.9,120192,128.0,37.0,0.0,5e-05,4455424,1.0,4.119873119634576e-05,9.92585,138756,0.9417049,0.0,0.25634053,13832.169399920385,138756,4014.3973960975877,120192,4000.0,3760695,0,4455424,139628336,433058.561866741,13829.961868433127,13826.392782792082,0.23798052652386076,1.4055908856398395e-05,3.816466932503991e-06,6.266444147370768e-05,5.114957720583651e-06,3.169610566216423e-05,0.000320595161560024,5.378585004234137e-05,8.903165015268377e-05,3.263178738491796e-05,4.987596282130241e-05,3.160759010756858e-06,0.00029273660260039546,9.064245298821762e-06,0.049855006768553395,0.0006133318750959416,2.921407086197498e-05,0.09513373852782485,0.0856162126046051,0.005704323258476535
1,152000.0,False,38,8ce83_00000,2025-12-13_20-24-57,1765637697,12.146032810211182,448.7047302722931,29388,LAPTOP-HQRQ0VAR,127.0.0.1,448.7047302722931,38,12.044435034767021,3.064565933404655e-05,12.043752682774118,1.6906956429531554,10.347432502274561,0.004037588116654103,682.4787906944008,1.6090232731896237,37.0,4000.0,21378.17328809948,0.00028520436531636196,152000.0,2.0,2283,275.0,1524.3224572823674,34089.742712271385,3.5293226329988103,1647,682.4787906944008,0.00013847718059865557,0.00027689999842550606,2261.63,180.95345900514218,4,0,0,40.62941176470588,94.33529411764705,0.00036529853684775284,152000.0,4000.0,0.0010239660544397553,21378.17328809948,4000.0,21378.17328809948,152000.0,-0.13686246,0.0007322793,10.0,5453222.0,120192,128.0,38.0,0.0,5e-05,4575616,1.0,2.059936559817288e-05,9.863138,138756,0.030557485,0.0,0.23007867,13737.19675834593,138756,4014.3134221366117,120192,4000.0,3761634,0,4575616,143389970,430103.55474192277,13735.246514567763,13732.25585806319,0.2399245432586279,1.7425684641527997e-05,5.084997528116219e-06,7.545332525603746e-05,5.18583217608352e-06,4.250649308464496e-05,0.00040264846048012904,8.967538311313217e-05,0.00011653516300296087,3.7767025141181e-05,6.582467842014707e-05,3.7559647228715976e-06,0.0002916472365999917,9.053602872916405e-06,0.04953034770088097,0.0006092635563528426,2.9280930122094458e-05,0.09539189914249947,0.08762660147860186,0.0057108910258240496
1,156000.0,False,39,8ce83_00000,2025-12-13_20-25-08,1765637708,11.337002515792847,460.04173278808594,29388,LAPTOP-HQRQ0VAR,127.0.0.1,460.04173278808594,39,12.037156157419323,3.055420263159233e-05,12.03646957794631,1.6926781585236337,10.33812526225175,0.004067558235480713,783.7011910803415,1.6110748242077984,38.0,4000.0,22092.17953640342,0.00023085626508440558,156000.0,2.0,2283,277.0,4139.3544429633275,34089.742712271385,3.611901854997559,1788,783.7011910803415,0.00010414718858663602,0.00027689999842550606,2276.14,176.225376418033,4,0,0,34.10588235294118,88.88823529411764,0.0002984946407669267,156000.0,4000.0,0.0007841812717493708,22092.17953640342,4000.0,22092.17953640342,156000.0,-0.0939138,0.0020816426,9.925021,1946236.1,120192,128.0,39.0,0.0,5e-05,4695808,1.0,1.029968279908644e-05,9.831107,138756,0.51591927,0.0,0.2740949,13830.741582423365,138756,4014.2302879152458,120192,4000.0,3761634,0,4695808,147151604,432988.8016519924,13828.563631246669,13825.390435212685,0.23942215082611273,1.4165430310980168e-05,3.5378532416521177e-06,6.021337647996663e-05,4.888848977453803e-06,3.079152780907502e-05,0.0003130923861158735,5.347645906367716e-05,8.704337675750985e-05,3.135524843950253e-05,4.976347600667665e-05,3.206553704858522e-06,0.0002905997643501221,9.037066825583141e-06,0.049327260223815596,0.0006051079208411535,2.9361120750696496e-05,0.09527870815111371,0.08746021346386826,0.00569783511558544
1,160000.0,False,40,8ce83_00000,2025-12-13_20-25-19,1765637719,10.563729047775269,470.6054618358612,29388,LAPTOP-HQRQ0VAR,127.0.0.1,470.6054618358612,40,12.022283507845023,3.0420660605296895e-05,12.02159546316675,1.692409051938276,10.32352542862924,0.004061596653192648,727.2201010691635,1.6108049017157398,39.0,4000.0,22452.308674672124,0.00018812972403843214,160000.0,1.0,2283,278.0,9252.855324649827,34089.742712271385,3.625106690997636,2183,727.2201010691635,8.855994279301623e-05,0.00027689999842550606,2281.09,171.76072828168014,4,0,0,24.02,87.45333333333335,0.00026607315511043364,160000.0,4000.0,0.0006911724048277714,22452.308674672124,4000.0,22452.308674672124,160000.0,-0.030263124,0.003433906,10.0,2563136.5,120192,128.0,40.0,0.0,5e-05,4816000,1.0,5.14984139954322e-06,9.969737,138756,0.38101992,0.0,0.22236691,13985.035877748287,138756,4014.1379850360936,120192,4000.0,3760695,0,4816000,150912299,437797.0622626448,13982.997674961325,13979.81631571661,0.2388814643178245,1.1318597729732844e-05,2.9627443340699693e-06,4.9901233389294844e-05,3.775299537633622e-06,2.671357308928319e-05,0.0002637954506387575,4.781985555331393e-05,7.638733007525722e-05,2.8390290700847167e-05,4.2700145417025367e-05,2.834054720150391e-06,0.0002889677666577022,9.01469609303625e-06,0.04898921262163062,0.0006008558416524153,2.9305509463689973e-05,0.09523532106954846,0.08731053632918818,0.005696754764421015
1,164000.0,False,41,8ce83_00000,2025-12-13_20-25-30,1765637730,11.191178321838379,481.7966401576996,29388,LAPTOP-HQRQ0VAR,127.0.0.1,481.7966401576996,41,12.013872902766641,3.0263454099940387e-05,12.013182927535144,1.691355001418902,10.31614842534283,0.004071131686692923,595.359277957338,1.609812771948566,40.0,4000.0,23224.470996358727,0.00016814873221577542,164000.0,3.0,2283,281.0,9252.855324649827,34089.742712271385,3.6512514699964957,2283,595.359277957338,7.796848303571715e-05,0.00027689999842550606,2283.0,167.593173482292,4,0,0,24.237499999999997,87.525,0.00023302731137648836,164000.0,4000.0,0.0006132682284369636,23224.470996358727,4000.0,23224.470996358727,164000.0,0.20699248,0.0009816467,9.93253,2631805.2,120320,128.0,41.0,0.0,5e-05,4936320,1.0,2.57492069977161e-06,10.1395235,138756,0.40579858,0.0,0.25188994,14110.325235731147,138756,4014.066605185733,120320,4000.0,3766580,0,4936320,154678879,441707.6013534503,14108.225629581446,14105.247549681288,0.23832886467457648,1.0276603851906028e-05,2.6657026286916087e-06,4.476845935436661e-05,3.4514326402280254e-06,2.338550471682641e-05,0.00023810410690527,4.1771134590103145e-05,6.803186597411467e-05,2.5152817453450703e-05,3.820638598134325e-05,2.4344525561070916e-06,0.00028700508906484123,8.994549083043814e-06,0.04863467049546935,0.0005967132831836588,2.9220454352157017e-05,0.0951875438588829,0.0871960449658293,0.005670567216719557
1,168000.0,False,42,8ce83_00000,2025-12-13_20-25-42,1765637742,12.042602062225342,493.8392422199249,29388,LAPTOP-HQRQ0VAR,127.0.0.1,493.8392422199249,42,12.014056373739058,3.0123819490431033e-05,12.013364958259817,1.6992224124047826,10.308471880089417,0.004065498369899548,901.0299763561799,1.6089847367291117,41.0,4000.0,23224.470996358727,0.00018720477751909845,168000.0,0.0,2283,281.0,9252.855324649827,34089.742712271385,3.6512514699964957,2283,901.0299763561799,8.875206615096056e-05,0.00027689999842550606,2283.0,163.6370503296738,4,0,0,25.452941176470592,89.74117647058821,0.0002672957522731708,168000.0,4000.0,0.0006903529803896706,23224.470996358727,4000.0,23224.470996358727,168000.0,0.11896273,0.0035955084,10.0,907452.2,120192,128.0,42.0,0.0,5e-05,5056512,1.0,1.287460349885805e-06,10.118963,138756,0.07452888,0.0,0.1957774,14036.796064408803,138756,4013.9659391338755,120192,4000.0,3759756,0,5056512,158438635,439413.13998122327,14034.919504697378,14032.236074375147,0.24075573502787492,1.129769098209138e-05,2.9593091160318423e-06,5.1018334340218426e-05,4.073765177950589e-06,2.666183700784446e-05,0.00026552222931680504,4.690318976935745e-05,7.735332963374512e-05,2.8026331612725885e-05,4.291592448285342e-05,2.7901141536811608e-06,0.0002848570381421293,8.971603520307822e-06,0.04834457879056087,0.0005945461503285857,2.9165249867040547e-05,0.09567262942029349,0.08944778451616747,0.005656591544538838
1,172000.0,False,43,8ce83_00000,2025-12-13_20-25-54,1765637754,11.881527662277222,505.72076988220215,29388,LAPTOP-HQRQ0VAR,127.0.0.1,505.72076988220215,43,12.012570927001684,2.995458128200578e-05,12.011879267677301,1.6982322922806612,10.307982665288579,0.004058210386196913,611.7125765330459,1.6079003896118658,42.0,4000.0,23775.173298559617,0.00017873365277575759,172000.0,3.0,2283,284.0,9252.855324649827,34089.742712271385,3.6435059979962534,2283,611.7125765330459,8.27827844544527e-05,0.00027689999842550606,2283.0,159.82608270738274,4,0,0,25.599999999999998,90.34117647058824,0.00024367990673753012,172000.0,4000.0,0.0006442495202101245,23775.173298559617,4000.0,23775.173298559617,172000.0,0.10411187,0.0025832097,10.0,4025152.0,120320,128.0,43.0,1.1920929e-07,5e-05,5176832,1.0,6.437301749429025e-07,10.104112,138756,0.3081487,0.0,0.15142451,13995.608680612559,138756,4013.896279742537,120320,4000.0,3766580,0,5176832,162205215,438142.84712357307,13994.441896714558,13992.257356056462,0.24187427467759065,1.0783408426800482e-05,2.73027030589976e-06,4.739300189898917e-05,3.6395759938182613e-06,2.4961268827312824e-05,0.00025077566422496194,4.408348545177033e-05,7.096479840308507e-05,2.6435041221990617e-05,4.0578858306866935e-05,2.5449358062612627e-06,0.0002836954678006729,9.03488748596901e-06,0.04814238700265662,0.0005920936887927204,2.9268597465711977e-05,0.09609211512612252,0.09025477467096144,0.005754290629112672
1,176000.0,False,44,8ce83_00000,2025-12-13_20-26-05,1765637765,10.734699487686157,516.4554693698883,29388,LAPTOP-HQRQ0VAR,127.0.0.1,516.4554693698883,44,11.999692596731704,2.990103545060211e-05,11.998996074000505,1.6977119443578383,10.2956185646356,0.004057157282249126,898.2807176225882,1.6076532599657085,43.0,4000.0,23840.660784566146,0.00018879210713256293,176000.0,1.0,2283,285.0,9252.855324649827,29734.80561015119,3.635421465996187,2283,898.2807176225882,8.792558873014356e-05,0.00027689999842550606,2283.0,156.16269001962084,4,0,0,23.93125,89.80625,0.0002709526376784281,176000.0,4000.0,0.0006906732998005897,23840.660784566146,4000.0,23840.660784566146,176000.0,0.0012116805,0.00047990447,10.0,689152.0,120192,128.0,44.0,0.0,5e-05,5297024,1.0,3.2186508747145126e-07,10.001211,138756,0.087845236,0.0,0.16739227,14109.199344675291,138756,4013.807316945112,120192,4000.0,3760695,0,5297024,165965910,441688.24219120655,14108.234045823427,14105.945581207789,0.24139547893087915,1.13686563878124e-05,3.075546170858322e-06,5.0220170695411565e-05,3.843479530433191e-06,2.698919287063371e-05,0.0002607386496932085,4.7557426307324625e-05,7.563342813874098e-05,2.8990268152202122e-05,4.2586973927609196e-05,2.759510784999918e-06,0.00028187651301618625,9.0145387075664e-06,0.04779848313276488,0.0005878527518914566,2.9206911503772998e-05,0.09608138797489495,0.09015114292430976,0.005742747722823641
1,180000.0,False,45,8ce83_00000,2025-12-13_20-26-16,1765637776,11.565768003463745,528.021237373352,29388,LAPTOP-HQRQ0VAR,127.0.0.1,528.021237373352,45,11.995229926764342,2.9724025151949366e-05,11.994534089260512,1.6966976709142985,10.29217888998921,0.004050448709416285,484.15295713149135,1.6066196363660548,44.0,4000.0,23881.15581143529,0.0001690801137032619,180000.0,3.0,2283,288.0,11835.7520227504,29734.80561015119,3.633476786995743,2283,484.15295713149135,8.016618431211908e-05,0.00027689999842550606,2283.0,152.74572349379054,4,0,0,24.11875,89.775,0.00023870607818108806,180000.0,4000.0,0.0006223371601726768,23881.15581143529,4000.0,23881.15581143529,180000.0,0.029651862,0.0012353841,10.0,4228129.0,120320,128.0,45.0,0.0,5e-05,5417344,1.0,1.6093254373572563e-07,10.029652,138756,0.22709313,0.0,0.20066856,14044.255899238862,138756,4013.7392437756607,120320,4000.0,3766580,0,5417344,169732490,439618.78351872077,14042.91411369927,14040.5095672735,0.24069596114147088,1.0302054349557997e-05,2.65527730041694e-06,4.531065696372139e-05,3.440740007844834e-06,2.4587665983395215e-05,0.0002403216866590774,4.2898385850435616e-05,6.830559168281204e-05,2.5291226266074804e-05,3.911465230178407e-05,2.496990678979584e-06,0.00028026274789378226,9.000393317115624e-06,0.04746553030143759,0.0005838872243871526,2.9167842423453113e-05,0.0959564590952701,0.08993215649507774,0.00572820424559036
1,184000.0,False,46,8ce83_00000,2025-12-13_20-26-28,1765637788,11.609378099441528,539.6306154727936,29388,LAPTOP-HQRQ0VAR,127.0.0.1,539.6306154727936,46,11.991285976496739,2.9618784907221074e-05,11.990589122367902,1.707595778205233,10.277338525089291,0.004048338222325003,827.5855799395149,1.6118553605024397,45.0,4000.0,24327.620005620633,0.0019419492356761501,184000.0,1.0,2283,289.0,11835.7520227504,29734.80561015119,3.6307384139961503,2283,827.5855799395149,9.196706196029191e-05,0.00027689999842550606,2283.0,149.44454718749796,4,0,0,30.00588235294118,90.29411764705884,0.000260912387672627,184000.0,4000.0,0.000698440279093841,24327.620005620633,4000.0,24327.620005620633,184000.0,0.1608302,0.002661202,10.0,1157522.1,120192,128.0,46.0,5.9604645e-08,5e-05,5537536,1.0,8.046627186786282e-08,10.160831,138756,0.21990047,0.0,0.15536223,14142.236348898168,138756,4013.651851337904,120192,4000.0,3760695,0,5537536,173493185,442689.8757890258,14141.053435616739,14138.862591734074,0.24058547653009538,1.1849648956710684e-05,3.0076423129181392e-06,5.3518734785839654e-05,3.901210530890285e-06,2.7467658027929227e-05,0.00027877572696575467,4.779983891649729e-05,7.687268113971813e-05,2.845919610307889e-05,4.3993386073517675e-05,2.8698212805142754e-06,0.00027835712040564484,8.987389388183847e-06,0.047225167998380904,0.0005800843522213594,2.9206164038175802e-05,0.09599237550430824,0.09005691793021088,0.00570497320324596
1,188000.0,False,47,8ce83_00000,2025-12-13_20-26-41,1765637801,12.468722581863403,552.099338054657,29388,LAPTOP-HQRQ0VAR,127.0.0.1,552.099338054657,47,11.995961766731703,2.949059702771138e-05,11.99526396114424,1.7168464064231035,10.272770697838443,0.004041053840128551,747.5359385645288,1.6136602988974242,46.0,4000.0,24270.242794615064,0.00019026498963923243,188000.0,1.0,2283,290.0,11835.7520227504,28834.246261196837,3.627421696995734,2283,747.5359385645288,9.033952841392528e-05,0.00027689999842550606,2283.0,146.32890005936497,4,0,0,23.216666666666665,90.8111111111111,0.00026886828320055054,188000.0,4000.0,0.0006913534605238421,24270.242794615064,4000.0,24270.242794615064,188000.0,0.14159213,0.0020365973,10.0,2287618.5,120192,128.0,47.0,0.0,5e-05,5657728,1.0,4.023313593393141e-08,10.141592,138756,0.09867714,0.0,0.12043464,14093.793854318157,138756,4013.5653328245253,120192,4000.0,3760695,0,5657728,177253880,441197.08222973347,14092.6449573753,14090.78748369242,0.24231604376480492,1.1369529234932158e-05,3.031855223512784e-06,5.027552307756115e-05,3.992576637853174e-06,2.7023582073002836e-05,0.00026318537491525003,4.782306663616921e-05,7.590189916898266e-05,2.880698863211793e-05,4.297068780853551e-05,2.819540540779435e-06,0.000276343549098463,8.996515520541091e-06,0.046972810318289614,0.0005777775086741808,2.9204102423209837e-05,0.09583727174931365,0.09222641875101222,0.005679718471172448
1,192000.0,False,48,8ce83_00000,2025-12-13_20-26-52,1765637812,11.525186538696289,563.6245245933533,29388,LAPTOP-HQRQ0VAR,127.0.0.1,563.6245245933533,48,11.991095673064498,2.9386691056610976e-05,11.990393378532906,1.7159733713588923,10.268771089860058,0.004032603301778451,698.8344931857407,1.6132266239084416,47.0,4000.0,24424.992687551716,0.0001935921586923285,192000.0,3.0,2283,293.0,13141.96917863841,28834.246261196837,3.7131520309964254,2283,698.8344931857407,9.067591967781484e-05,0.00027689999842550606,2283.0,143.3157501619109,4,0,0,22.987499999999997,90.67500000000001,0.00027776591287555967,192000.0,4000.0,0.0007077962587945166,24424.992687551716,4000.0,24424.992687551716,192000.0,0.06896683,0.0013422377,10.0,2436937.5,120320,128.0,48.0,0.0,5e-05,5778048,1.0,2.0116567966965704e-08,10.068967,138756,0.08928374,0.0,0.09104819,14138.580815185815,138756,4013.4996794962804,120320,4000.0,3766580,0,5778048,181020460,442610.73074384464,14137.592504933107,14135.943461327668,0.2418447063272836,1.2082920746091344e-05,3.172905524781336e-06,5.2050803023895004e-05,3.914401341748064e-06,2.7844504574743546e-05,0.0002680568852920981,4.910064798782011e-05,7.790027706785036e-05,2.8942031962143546e-05,4.534463550020405e-05,2.9199835719863125e-06,0.000274638113660059,8.976550316273606e-06,0.0466873792150483,0.00057408473360207,2.919006133301961e-05,0.09567955103185498,0.09222745456349701,0.005658065286454758
1,196000.0,False,49,8ce83_00000,2025-12-13_20-27-03,1765637823,11.23159146308899,574.8561160564423,29388,LAPTOP-HQRQ0VAR,127.0.0.1,574.8561160564423,49,11.983396804333795,2.922682414775291e-05,11.98269414374757,1.7156656086452997,10.261381402961534,0.00403025526879734,766.3475403923272,1.6131777904193405,48.0,4000.0,24219.88485773285,0.00020512189458416467,196000.0,1.0,2283,294.0,13141.96917863841,28834.246261196837,3.717559168996668,2283,766.3475403923272,8.894058673954673e-05,0.00027689999842550606,2283.0,140.45182311228126,4,0,0,27.53125,91.41875,0.00027103192103027334,196000.0,4000.0,0.0006955756508859811,24219.88485773285,4000.0,24219.88485773285,196000.0,0.0072161052,0.00084562774,10.0,1505797.2,120192,128.0,49.0,0.0,5e-05,5898240,1.0,1.0058283983482852e-08,10.0072155,138756,0.041272655,0.0,0.070132755,14200.057000712959,138756,4013.414682701318,120192,4000.0,3760695,0,5898240,184781155,444518.87649864244,14199.088034090588,14197.437956309674,0.24148847926394507,1.180183348564469e-05,2.923764377641222e-06,5.405178561785548e-05,3.926150057483785e-06,2.8287887667987863e-05,0.0002753403035729814,4.701699506856548e-05,7.589114174278206e-05,2.9137127941911977e-05,4.646712444722976e-05,2.7317853093101333e-06,0.00027277573256078954,8.956784764048797e-06,0.04635959942293977,0.000570011886306858,2.912516070194958e-05,0.09556832152159823,0.09233880101795895,0.005638392633628448
1,200000.0,True,50,8ce83_00000,2025-12-13_20-27-15,1765637835,11.174666404724121,586.0307824611664,29388,LAPTOP-HQRQ0VAR,127.0.0.1,586.0307824611664,50,11.975187583290335,2.9163555903764534e-05,11.974478334310056,1.714736068558783,10.254076780931905,0.004036201716115722,537.2677256632434,1.6124521255151372,49.0,4000.0,24014.038302682642,0.0001849192737788697,200000.0,3.0,2283,297.0,13141.96917863841,28834.246261196837,3.722913110997324,2283,537.2677256632434,8.625355078433687e-05,0.00027689999842550606,2283.0,137.75972328023516,4,0,0,23.94375,90.275,0.0002580481184286227,200000.0,4000.0,0.0006712640830943174,24014.038302682642,4000.0,24014.038302682642,200000.0,-0.13198207,0.00041176804,10.0,5187778.5,120320,128.0,50.0,-1.1920929e-07,5e-05,6018560,1.0,5.029141991741426e-09,9.868018,138756,0.14809857,0.0,0.08508167,14253.7341817671,138756,4013.3505358743046,120320,4000.0,3766580,0,6018560,188547735,446227.54031803703,14252.909862859042,14251.50159051005,0.2411164584712647,1.120078584437849e-05,2.956500744105853e-06,4.9013701459065786e-05,3.7214148020690452e-06,2.6568630200668746e-05,0.00025901665120018486,4.6010880655981795e-05,7.406596727123264e-05,2.740831841241175e-05,4.193212395353276e-05,2.7205181453526233e-06,0.0002713109752480227,8.936216859731743e-06,0.046160172428712225,0.0005673777673612426,2.9089909006972256e-05,0.0955758623063887,0.09217653700776174,0.005626419707272919
