num_training_step_calls_per_iteration,num_env_steps_sampled_lifetime,done,training_iteration,trial_id,date,timestamp,time_this_iter_s,time_total_s,pid,hostname,node_ip,time_since_restore,iterations_since_restore,timers/training_iteration,timers/restore_env_runners,timers/training_step,timers/env_runner_sampling_timer,timers/learner_update_timer,timers/synch_weights,env_runners/episode_return_min,env_runners/env_reset_timer,env_runners/episode_return_max,env_runners/episode_duration_sec_mean,env_runners/episode_len_min,env_runners/sample,env_runners/num_episodes_lifetime,env_runners/num_episodes,env_runners/env_step_timer,env_runners/weights_seq_no,env_runners/num_env_steps_sampled,env_runners/episode_len_max,env_runners/episode_return_mean,env_runners/env_to_module_sum_episodes_length_in,env_runners/num_env_steps_sampled_lifetime,env_runners/env_to_module_sum_episodes_length_out,env_runners/episode_len_mean,env_runners/rlmodule_inference_timer,env_runners/num_env_steps_sampled_lifetime_throughput,fault_tolerance/num_healthy_workers,fault_tolerance/num_remote_worker_restarts,env_runner_group/actor_manager_num_outstanding_async_reqs,perf/cpu_util_percent,perf/ram_util_percent,env_runners/module_to_env_connector/connector_pipeline_timer,env_runners/env_to_module_connector/connector_pipeline_timer,env_runners/num_module_steps_sampled_lifetime/default_policy,env_runners/num_agent_steps_sampled/default_agent,env_runners/module_episode_return_mean/default_policy,env_runners/num_module_steps_sampled/default_policy,env_runners/agent_episode_return_mean/default_agent,env_runners/num_agent_steps_sampled_lifetime/default_agent,learners/default_policy/num_trainable_parameters,learners/default_policy/policy_loss,learners/default_policy/num_module_steps_trained_lifetime,learners/default_policy/vf_loss_unclipped,learners/default_policy/curr_entropy_coeff,learners/default_policy/weights_seq_no,learners/default_policy/default_optimizer_learning_rate,learners/default_policy/entropy,learners/default_policy/total_loss,learners/default_policy/curr_kl_coeff,learners/default_policy/diff_num_grad_updates_vs_sampler_policy,learners/default_policy/vf_loss,learners/default_policy/num_module_steps_trained,learners/default_policy/vf_explained_var,learners/default_policy/module_train_batch_size_mean,learners/default_policy/mean_kl_loss,learners/default_policy/gradients_default_optimizer_global_norm,learners/default_policy/num_module_steps_trained_lifetime_throughput,learners/__all_modules__/num_env_steps_trained,learners/__all_modules__/num_env_steps_trained_lifetime,learners/__all_modules__/num_non_trainable_parameters,learners/__all_modules__/learner_connector_sum_episodes_length_in,learners/__all_modules__/learner_connector_sum_episodes_length_out,learners/__all_modules__/num_module_steps_trained,learners/__all_modules__/num_trainable_parameters,learners/__all_modules__/num_module_steps_trained_lifetime,learners/__all_modules__/num_env_steps_trained_lifetime_throughput,learners/__all_modules__/num_module_steps_trained_throughput,learners/__all_modules__/num_module_steps_trained_lifetime_throughput,learners/__all_modules__/learner_connector/connector_pipeline_timer,env_runners/module_to_env_connector/timers/connectors/get_actions,env_runners/module_to_env_connector/timers/connectors/normalize_and_clip_actions,env_runners/module_to_env_connector/timers/connectors/un_batch_to_individual_items,env_runners/module_to_env_connector/timers/connectors/listify_data_for_vector_env,env_runners/module_to_env_connector/timers/connectors/tensor_to_numpy,env_runners/module_to_env_connector/timers/connectors/remove_single_ts_time_rank_from_batch,env_runners/env_to_module_connector/timers/connectors/numpy_to_tensor,env_runners/env_to_module_connector/timers/connectors/add_time_dim_to_batch_and_zero_pad,env_runners/env_to_module_connector/timers/connectors/add_states_from_episodes_to_batch,env_runners/env_to_module_connector/timers/connectors/add_observations_from_episodes_to_batch,env_runners/env_to_module_connector/timers/connectors/batch_individual_items,learners/__all_modules__/learner_connector/timers/connectors/numpy_to_tensor,learners/__all_modules__/learner_connector/timers/connectors/general_advantage_estimation,learners/__all_modules__/learner_connector/timers/connectors/add_time_dim_to_batch_and_zero_pad,learners/__all_modules__/learner_connector/timers/connectors/add_one_ts_to_episodes_and_truncate,learners/__all_modules__/learner_connector/timers/connectors/add_states_from_episodes_to_batch,learners/__all_modules__/learner_connector/timers/connectors/add_observations_from_episodes_to_batch,learners/__all_modules__/learner_connector/timers/connectors/add_columns_from_episodes_to_train_batch,learners/__all_modules__/learner_connector/timers/connectors/batch_individual_items
1,4000.0,False,1,83a1d_00000,2025-12-15_09-59-07,1765772947,8.396073579788208,8.396073579788208,6792,LAPTOP-HQRQ0VAR,127.0.0.1,8.396073579788208,1,8.389133800000309,1.4799999917158857e-05,8.388298599999871,1.5303486000002522,6.8493484000000535,0.006295700000009674,-2102.9343176784505,0.0002543749999404099,1041.1985958503064,0.5271675444444858,271,1.4703572250000434,9.0,9.0,8.295284595951239e-05,0.0,4000.0,430,-537.0001143169782,193.1119637430198,4000.0,193.1119637430198,362.6666666666667,0.00017545344865189564,658.581930773485,4,0,0,29.576923076923077,90.4846153846154,0.0006287865862686069,0.00024395612719531288,4000.0,4000.0,-537.0001143169782,4000.0,-537.0001143169782,4000.0,138756,-0.15010874,120448,29803.781,0.0,1.0,5e-05,1.0599803,9.707831,0.20000000298023224,1.0,9.855401,120448,0.0,128.0,0.012692587,17.113642,19416.0707681276,3776233,3776233,0,4000,4013,120448,138756,120448,608764.5454963454,19416.499890029027,19416.76144259074,0.2017663999999968,0.0002397435991842919,4.01605403542324e-05,2.5782971637246774e-05,4.402024708864504e-05,6.957117041101703e-05,2.5250766491768313e-06,4.661591057336214e-05,3.4435978655153803e-06,2.71105606577519e-06,1.0918030350485776e-05,2.5024247844596188e-05,0.0007408000001305481,0.03725369999983741,3.2500000088475645e-05,0.004758599999604485,9.800000043469481e-06,0.0002021000000240747,0.07981870000003255,0.07813729999998031
1,8000.0,False,2,83a1d_00000,2025-12-15_09-59-15,1765772955,7.84511661529541,16.241190195083618,6792,LAPTOP-HQRQ0VAR,127.0.0.1,16.241190195083618,2,8.38351076300031,1.4916999916749773e-05,8.382675375999874,1.5298847090002483,6.844228794000051,0.006264382000008482,-2102.9343176784505,0.0002543749999404099,2087.6748065939573,0.5358948950000695,271,1.4698124400000439,20.0,11.0,7.524320178464517e-05,1.0,4000.0,447,-202.49365155025075,184.04678113981765,8000.0,184.04678113981765,374.85,0.00015956611925767625,653.5778539656325,4,0,0,25.863636363636363,86.93636363636364,0.0005701991855254226,0.00021723720807375135,8000.0,4000.0,-202.49365155025075,4000.0,-202.49365155025075,8000.0,138756,0.092324734,241024,46604.83,0.0,2.0,5e-05,1.0391687,9.950315,0.10000000149011612,1.0,9.857417,120576,0.0,128.0,0.0028676928,9.659632,19434.75147535487,3782130,7558363,0,4000.0,4013.02,120576,138756,241024,609345.2726596779,19434.891622633993,19435.01984614439,0.20141772299999502,0.00022090608299656057,3.6106675832317115e-05,2.3183286127987848e-05,3.983895013613766e-05,6.30048259046722e-05,2.3347964698171516e-06,4.2567158842092604e-05,3.0954960151886e-06,2.4047387688433357e-06,9.979994217126726e-06,2.2344210086795848e-05,0.0007353620001276795,0.037041408999839404,3.2798000088405384e-05,0.004748149999609269,9.849000043686829e-06,0.00020178900002520094,0.07977438700003404,0.07806412899998122
1,12000.0,False,3,83a1d_00000,2025-12-15_09-59-23,1765772963,7.951930046081543,24.19312024116516,6792,LAPTOP-HQRQ0VAR,127.0.0.1,24.19312024116516,3,8.379121412370305,1.4934829915910084e-05,8.378287336239877,1.5290658549102458,6.8406938070600525,0.006236513180007569,-2102.9343176784505,0.0002543749999404099,2106.645286391278,0.5448019180000029,271,1.4689683851000441,29.0,9.0,7.844778374357194e-05,2.0,4000.0,490,-63.78267494882752,238.67982270558537,12000.0,238.67982270558537,391.82,0.00016598866854702487,644.8259351047998,4,0,0,24.690909090909088,87.46363636363635,0.0005974488424367002,0.0002331356633385644,12000.0,4000.0,-63.78267494882752,4000.0,-63.78267494882752,12000.0,138756,0.039689843,361472,44067.68,0.0,3.0,5e-05,1.0036803,9.964375,0.10000000149011612,1.0,9.924072,120448,0.0,128.0,0.006126969,4.68567,19435.551922907267,3776233,11334596,0,4000.0,4013.0198,120448,138756,361472,609365.8986677637,19435.704604885952,19435.81687100799,0.20249118376999686,0.00022923984060125522,3.778948402904513e-05,2.443661013506915e-05,4.178278855124003e-05,6.63041416509282e-05,2.4565325329319742e-06,4.452721370518368e-05,3.2897861750405205e-06,2.6344526360035716e-06,1.1103988329485406e-05,2.3700567193871338e-05,0.0007301053801278158,0.03683683990983781,3.2702020089664076e-05,0.004735809499611651,9.825510041355301e-06,0.00020123711002374874,0.07973875413003735,0.0794003957099841
1,16000.0,False,4,83a1d_00000,2025-12-15_09-59-31,1765772971,7.813162088394165,32.006282329559326,6792,LAPTOP-HQRQ0VAR,127.0.0.1,32.006282329559326,4,8.373376993246602,1.4945481616347021e-05,8.372544170877479,1.5286725533611432,6.835379157989449,0.006207636048206617,-1661.5967065058721,0.0002543749999404099,2106.645286391278,0.5738576189999458,325,1.4684190914990431,38.0,9.0,9.164746125396621e-05,3.0,4000.0,507,318.4597246741459,236.9242490957593,16000.0,236.9242490957593,419.31,0.00019793221746641768,633.2288602954449,4,0,0,23.94545454545455,88.08181818181818,0.0006867928122562922,0.0002655533728702457,16000.0,4000.0,318.4597246741459,4000.0,318.4597246741459,16000.0,138756,-0.011970215,481920,49615.535,0.0,4.0,5e-05,1.0203454,9.989363,0.10000000149011612,1.0,10.0,120448,0.0,128.0,0.013335916,8.032575,19469.696946853543,3776233,15110829,0,4000.0,4013.0196020000003,120448,138756,481920,610426.6610480171,19469.78422841438,19469.6941893508,0.2020685969322958,0.00026633233426401955,4.339474866547957e-05,2.7584160119111846e-05,4.8273992683216406e-05,7.518982095054028e-05,2.8027826582228155e-06,5.194054738249783e-05,3.83186982967003e-06,2.9718856891762226e-06,1.2123541537685878e-05,2.732832778087283e-05,0.0007246443263264396,0.036625460510741316,3.264999988636783e-05,0.0047235074046170665,9.809254942326334e-06,0.00020106673892045224,0.07971675958874051,0.07923309175288679
1,20000.0,False,5,83a1d_00000,2025-12-15_09-59-39,1765772979,7.80600118637085,39.812283515930176,6792,LAPTOP-HQRQ0VAR,127.0.0.1,39.812283515930176,5,8.367624708314136,1.4959026799885702e-05,8.3667933661687,1.5278100398275352,6.830528592409553,0.0061772156877255725,-2075.3298792117484,0.0002543749999404099,2106.645286391278,0.5936855679998826,325,1.467584915584052,48.0,10.0,8.343679753427842e-05,4.0,4000.0,507,151.50483719344822,152.67641505198748,20000.0,152.67641505198748,433.97,0.00017881748906518912,619.5670937097047,4,0,0,23.925,88.57499999999999,0.0006363443292528703,0.00024970823782721556,20000.0,4000.0,151.50483719344822,4000.0,151.50483719344822,20000.0,138756,0.25020346,602368,36393.71,0.0,5.0,5e-05,1.0052732,10.144152,0.05000000074505806,1.0,9.893482,120448,0.0,128.0,0.0046636225,11.4681425,19471.862184297293,3777174,18888003,0,4000.0,4013.0294059800003,120448,138756,602368,610501.3825562843,19471.92696704222,19471.833547627615,0.20164031496297102,0.00024202184741746837,4.036201493001361e-05,2.6383726940958053e-05,4.435281805610086e-05,7.057438339370028e-05,2.5709872477156074e-06,4.676468616073176e-05,3.561138473774226e-06,3.0149779131304267e-06,1.1060599593233392e-05,2.4856326677081274e-05,0.0007195328830629007,0.036412823905633274,3.2568499888590886e-05,0.004712318330571065,9.78716239407543e-06,0.00020065007153154336,0.07968532799285612,0.0790695568353588
1,24000.0,False,6,83a1d_00000,2025-12-15_09-59-47,1765772987,8.387436151504517,48.19971966743469,6792,LAPTOP-HQRQ0VAR,127.0.0.1,48.19971966743469,6,8.367748615230994,1.4982436530426881e-05,8.366918275507015,1.5296412474292589,6.828856700485453,0.006150212530847276,-2075.3298792117484,0.0002543749999404099,1930.5463133603353,0.6122654699999339,378,1.466504944678211,56.0,8.0,7.610733486846386e-05,5.0,4000.0,507,-222.19982307434023,172.46220286471245,24000.0,172.46220286471245,447.56,0.0001614279408077499,604.4349003286743,4,0,0,29.78333333333333,88.49166666666667,0.0005859692100903045,0.0002239367951788356,24000.0,4000.0,-222.19982307434023,4000.0,-222.19982307434023,24000.0,138756,0.043032847,722816,28660.582,0.0,6.0,5e-05,1.0240123,9.935338,0.05000000074505806,1.0,9.891442,120448,0.0,128.0,0.017260443,24.15365,19495.560182391353,3775292,22663295,0,4000.0,4013.0191119202,120448,138756,722816,611236.5087042053,19495.638404923982,19495.551441944564,0.20122303681333922,0.00022482231454450048,3.704038210530129e-05,2.4302444879279065e-05,4.086993793530583e-05,6.509831046724999e-05,2.373566877100348e-06,4.3056994851903266e-05,3.150316569536854e-06,2.462802212207338e-06,9.995926267283166e-06,2.2767041714835278e-05,0.0007140925542306829,0.036194408666578644,3.2467814888568474e-05,0.004699887147264623,9.758290768027793e-06,0.00020003657081850895,0.07966351771293083,0.07891536326700277
1,28000.0,False,7,83a1d_00000,2025-12-15_09-59-55,1765772995,8.123801708221436,56.32352137565613,6792,LAPTOP-HQRQ0VAR,127.0.0.1,56.32352137565613,7,8.365233865078686,1.500961216683578e-05,8.364406045751943,1.5319533289549672,6.824071461480595,0.006119601405535503,-2106.8604098512824,0.0002543749999404099,3593.609234286627,0.6029655850000291,373,1.4661106717314287,65.0,9.0,8.920775624075894e-05,6.0,4000.0,520,-81.75727770404241,224.15301102839862,28000.0,224.15301102839862,442.28,0.00018937218890918662,588.2109666804508,4,0,0,25.009090909090904,86.33636363636364,0.0006834552071345892,0.0002623911752489106,28000.0,4000.0,-81.75727770404241,4000.0,-81.75727770404241,28000.0,138756,0.18473886,843264,34341.957,0.0,7.0,5e-05,0.9788176,10.144846,0.07500000298023224,1.0,9.9587,120448,0.0,128.0,0.02815809,13.479141,19517.35680775293,3776233,26439528,0,4000.0,4013.018920800998,120448,138756,843264,611917.713702093,19517.40714932234,19517.3196151734,0.20079307944520491,0.0002622535872661313,4.286455653305745e-05,2.7961791048899296e-05,4.755312202200012e-05,7.608839464233511e-05,2.746317177596127e-06,5.0462539590490364e-05,3.694646031119546e-06,2.904492137287408e-06,1.1635297237455833e-05,2.6516168299111377e-05,0.0007086176286866709,0.035974095579914184,3.240313674130009e-05,0.004688388275795571,9.732707858346744e-06,0.00019953020510859825,0.07962079153580154,0.07877026763433533
1,32000.0,False,8,83a1d_00000,2025-12-15_10-00-03,1765773003,8.150739669799805,64.47426104545593,6792,LAPTOP-HQRQ0VAR,127.0.0.1,64.47426104545593,8,8.362918549427901,1.5096516049002842e-05,8.362091907294424,1.5326727346654174,6.821073068865789,0.00609065039147775,-2106.8604098512824,0.0002543749999404099,3593.609234286627,0.6253892610000775,367,1.4667208715141145,73.0,8.0,0.00010140015657026429,7.0,4000.0,540,-161.6882584434499,232.81607046310694,32000.0,232.81607046310694,451.24,0.00021368858173466873,571.3235734005491,4,0,0,25.075,87.05,0.0007824619454226495,0.00030603031570918524,32000.0,4000.0,-161.6882584434499,4000.0,-161.6882584434499,32000.0,138756,-0.16502222,963712,39580.797,0.0,8.0,5e-05,0.98471457,9.800627,0.03750000149011612,1.0,9.965359,120448,0.0,128.0,0.00386842,1.4231507,19524.224795431583,3775292,30214820,0,4000.0,4013.0087315929877,120448,138756,963712,612104.2356273881,19524.097490586595,19523.864947416238,0.2023252536507502,0.00029860348192054783,4.9018143391766706e-05,3.213497747030569e-05,5.4646438437513066e-05,8.582665794162771e-05,3.1750738389779466e-06,5.808922388169201e-05,4.193071608410547e-06,3.369274677003755e-06,1.3463485461430298e-05,3.117556018274822e-05,0.0007036944523990043,0.0357620656241192,3.2393105377414415e-05,0.004689991393036729,9.760380781152985e-06,0.00019947590305795498,0.07983046762044459,0.08031129095798806
1,36000.0,False,9,83a1d_00000,2025-12-15_10-00-12,1765773012,8.100903511047363,72.5751645565033,6792,LAPTOP-HQRQ0VAR,127.0.0.1,72.5751645565033,9,8.360222785933619,1.506655088672939e-05,8.359397617221477,1.5336550023187672,6.817434491177135,0.006062246887565152,-2106.8604098512824,0.0002543749999404099,4024.964079528072,0.6739089410000406,367,1.4674931187989737,81.0,8.0,0.00010293539940533255,8.0,4000.0,625,384.162304896616,257.8151256202264,36000.0,257.8151256202264,469.36,0.00021692380044504984,554.0882105181362,4,0,0,26.14166666666667,87.675,0.0007881213326651414,0.00030768627109685514,36000.0,4000.0,384.162304896616,4000.0,384.162304896616,36000.0,138756,0.12051606,1084160,36421.67,0.0,9.0,5e-05,0.901127,10.0435915,0.03750000149011612,1.0,9.922466,120448,0.0,128.0,0.016253104,34.443775,19542.020607575134,3775292,33990112,0,4000.0,4012.998644277058,120448,138756,1084160,612652.3223520888,19541.89237206632,19541.692692092853,0.20223055511424368,0.00030070717664053986,4.9863157642900084e-05,3.226253914082628e-05,5.4998951896039325e-05,8.657970071579116e-05,3.2193065381167623e-06,5.866194784566051e-05,4.329368867317296e-06,3.3938818084740232e-06,1.3660982831783802e-05,3.13656336097712e-05,0.0006985375078748152,0.03555839596787552,3.233417432240277e-05,0.004687630479106803,9.751776973457813e-06,0.00019938114402485212,0.07999697994423927,0.0802649420484061
1,40000.0,False,10,83a1d_00000,2025-12-15_10-00-20,1765773020,7.953595399856567,80.52875995635986,6792,LAPTOP-HQRQ0VAR,127.0.0.1,80.52875995635986,10,8.356060542074284,1.5045885376397008e-05,8.355236960049261,1.5339511352955784,6.8130141822653645,0.006031550418691479,-3140.9717747480145,0.0002543749999404099,4024.964079528072,0.7336634969999796,367,1.4675859388609853,88.0,7.0,9.132657293638036e-05,9.0,4000.0,625,222.3966048977797,259.052279881811,40000.0,259.052279881811,496.48,0.0001917321090120783,536.7610431924958,4,0,0,24.518181818181816,88.07272727272728,0.000700019686250093,0.00026828140947511445,40000.0,4000.0,222.3966048977797,4000.0,222.3966048977797,40000.0,138756,-0.046165615,1204608,26061.633,0.0,10.0,5e-05,0.91234654,9.775607,0.03750000149011612,1.0,9.821519,120448,0.0,128.0,0.0067522875,7.579963,19542.81322163839,3774351,37764463,0,4000.0,4012.9786578342873,120448,138756,1204608,612664.3212898235,19542.705188696582,19542.53005496474,0.20225123856310265,0.00026953681104781443,4.4297147537186745e-05,2.8771893503946852e-05,4.887256230554738e-05,7.752983733674703e-05,2.799908878149635e-06,5.284735083390985e-05,3.8482298231307295e-06,2.952264450038716e-06,1.2050076099622423e-05,2.792817627766962e-05,0.0006936681327966364,0.03535985600819454,3.2263832577516796e-05,0.004700450174318722,9.7352592020408e-06,0.00019985233258235912,0.08019463514479684,0.08028111762792324
1,44000.0,False,11,83a1d_00000,2025-12-15_10-00-28,1765773028,8.170540809631348,88.69930076599121,6792,LAPTOP-HQRQ0VAR,127.0.0.1,88.69930076599121,11,8.354099008653543,1.5012426526771428e-05,8.353277321448768,1.5348340649426224,6.81020596444271,0.00600331891450405,-3140.9717747480145,0.0002543749999404099,4024.964079528072,0.8076495460000024,376,1.4683350587223745,93.0,5.0,9.091434368142969e-05,10.0,4000.0,740,131.29813440791872,471.2208389244205,44000.0,471.2208389244205,539.09,0.0001899355494234326,519.5118948925743,4,0,0,27.733333333333334,88.43333333333334,0.000698858674989399,0.0002685730394663742,44000.0,4000.0,131.29813440791872,4000.0,131.29813440791872,44000.0,138756,0.038263563,1324928,36302.53,0.0,11.0,5e-05,0.8689643,10.004475,0.05625000223517418,1.0,9.965384,120320,0.0,128.0,0.022108667,70.59421,19537.707161510178,3768460,41532923,0,4000.0,4012.9388712559444,120320,138756,1324928,612476.7675785722,19537.608507695397,19537.451759578616,0.2022790611774706,0.0002674969894029881,4.413034687635766e-05,2.855470056323044e-05,4.90338404382443e-05,7.750908716093878e-05,2.8258173018686222e-06,5.1583104362982094e-05,3.7783676895256315e-06,2.9394500059625193e-06,1.1938765950568067e-05,2.7658047586397146e-05,0.0006886704514675261,0.035161933448112,3.2237194250084804e-05,0.004701156672572969,9.723906610030637e-06,0.00019948680925821065,0.08044057779334564,0.08026846345164529
1,48000.0,False,12,83a1d_00000,2025-12-15_10-00-36,1765773036,8.153547763824463,96.85284852981567,6792,LAPTOP-HQRQ0VAR,127.0.0.1,96.85284852981567,12,8.352037689567005,1.4983302259720288e-05,8.351217567234281,1.535619094293194,6.807389603798285,0.005983910725355917,-3140.9717747480145,0.0002543749999404099,4024.964079528072,0.9041822639999828,376,1.4690895158851525,97.0,4.0,0.00010368429807819297,11.0,4000.0,1049,613.9616022807836,550.8408186384335,48000.0,550.8408186384335,602.78,0.00021603215221111105,502.47572121052,4,0,0,26.16666666666666,89.175,0.0007887533881693152,0.000311884268316808,48000.0,4000.0,613.9616022807836,4000.0,613.9616022807836,48000.0,138756,0.17896196,1445248,117331.4,0.0,12.0,5e-05,0.84814227,10.035593,0.05625000223517418,1.0,9.856164,120320,0.0,128.0,0.008303505,17.95026,19552.04566622135,3767520,45300443,0,4000.0,4012.889482543385,120320,138756,1445248,612891.9863062878,19551.966307255963,19551.829794092628,0.2022406825656975,0.00030007186562814296,4.9757104844021484e-05,3.262468503711985e-05,5.460418647886926e-05,8.752166542908266e-05,3.1741238965134367e-06,5.822189573519961e-05,4.335950302497611e-06,3.4726328115739624e-06,1.3813468953910826e-05,3.228948793751386e-05,0.0006838217469506613,0.034968791113630826,3.229082230572515e-05,0.0047002991058487185,9.711667545421029e-06,0.00019886794116579244,0.08063438801541031,0.08023880181713039
1,52000.0,False,13,83a1d_00000,2025-12-15_10-00-45,1765773045,9.084093570709229,105.9369421005249,6792,LAPTOP-HQRQ0VAR,127.0.0.1,105.9369421005249,13,8.359153424671337,1.4946469238088343e-05,8.35833450056194,1.5422114533502593,6.807951594760302,0.005952669618101323,-3140.9717747480145,0.0002543749999404099,4206.113018018077,1.0591147579999778,376,1.4750959732263011,101.0,4.0,0.00015755026695466492,12.0,4000.0,1074,945.0196375021847,567.8456495783138,52000.0,567.8456495783138,693.37,0.0003350329729884105,485.69613466375034,4,0,0,33.88461538461539,87.59230769230768,0.0011785458303212287,0.00046068631141607834,52000.0,4000.0,945.0196375021847,4000.0,945.0196375021847,52000.0,138756,-0.1099714,1565568,72230.734,0.0,13.0,5e-05,0.79542965,9.818039,0.08437500149011612,1.0,9.926674,120320,1.1920929e-07,128.0,0.023777563,6.6589947,19577.742703388478,3767520,49067963,0,4000.0,4012.840587717951,120320,138756,1565568,613662.4956124653,19577.65506004977,19577.510740787453,0.20520613474003854,0.0004544607478465204,7.485205469053444e-05,4.843582179692295e-05,8.207311407993102e-05,0.0001288219068497986,4.840744884352362e-06,9.101802087940454e-05,6.585254608539706e-06,5.332846805835714e-06,2.046533105017649e-05,4.8853407794897556e-05,0.0006792485294794152,0.03480743820249707,3.229591408365876e-05,0.004742304114790153,9.726550872412529e-06,0.00019886626175468847,0.0813818591352537,0.08258215179895743
1,56000.0,False,14,83a1d_00000,2025-12-15_10-00-53,1765773053,7.839138507843018,113.77608060836792,6792,LAPTOP-HQRQ0VAR,127.0.0.1,113.77608060836792,14,8.353870804424623,1.4918004543924034e-05,8.353054804556319,1.542081818816755,6.802839770812701,0.005921425921917228,-3140.9717747480145,0.0002543749999404099,5956.819038299527,1.249222411999981,451,1.4748569192440386,104.0,3.0,9.350576827145983e-05,13.0,4000.0,1333,1281.102285921742,557.7578087736459,56000.0,557.7578087736459,779.96,0.00019608270524002297,469.29871646079926,4,0,0,24.36363636363636,86.67272727272729,0.0007150506954490039,0.00027643283599130934,56000.0,4000.0,1281.102285921742,4000.0,1281.102285921742,56000.0,138756,-0.14155865,1685888,69896.555,0.0,14.0,5e-05,0.69984865,9.786416,0.12656250596046448,1.0,9.926207,120320,0.0,128.0,0.02095335,2.586441,19599.61892664437,3766580,52834543,0,4000.0,4012.782181840772,120320,138756,1685888,614306.5176004649,19599.507671013547,19599.360291705667,0.20517794639263645,0.0002722221680870003,4.52230440111054e-05,2.922728657705297e-05,5.0326576802353465e-05,7.93660979661798e-05,2.8558310594543196e-06,5.251670292129591e-05,4.069423625622406e-06,3.0681046781125115e-06,1.2230636596011367e-05,2.8030760246361376e-05,0.0006745590441816989,0.034606293820472894,3.22279549427468e-05,0.004737415073646049,9.71128536507299e-06,0.00019810459913961436,0.08155575754390386,0.08259478428096759
1,60000.0,False,15,83a1d_00000,2025-12-15_10-01-01,1765773061,8.017388343811035,121.79346895217896,6792,LAPTOP-HQRQ0VAR,127.0.0.1,121.79346895217896,15,8.350435852380375,1.4884824499556164e-05,8.349621212510753,1.5419326436285885,6.799588734104575,0.0058937816626990665,-3140.9717747480145,0.0002543749999404099,6069.247580874338,1.3683139670000264,451,1.474685562551599,106.0,2.0,8.99765061383116e-05,14.0,4000.0,1624,1602.8147924721932,800.036663154544,60000.0,800.036663154544,862.73,0.00018900551312751754,453.43376754815404,4,0,0,26.763636363636365,86.81818181818181,0.0006914657120735432,0.0002624341598576908,60000.0,4000.0,1602.8147924721932,4000.0,1602.8147924721932,60000.0,138756,0.05134318,1806080,136030.61,0.0,15.0,5e-05,0.6818033,9.90685,0.06328125298023224,1.0,9.854974,120192,-2.3841858e-07,128.0,0.004202742,25.321045,19377.633844128308,3761634,56596177,0,4000.0,4012.714360022364,120192,138756,1806080,607315.9480050431,19377.535255624534,19377.39788905751,0.20546798792871007,0.0002648176332742287,4.4070428099554805e-05,2.823105196167981e-05,4.836665342721623e-05,7.673502937023308e-05,2.76946912867404e-06,5.059265724764127e-05,3.6837200354193295e-06,2.9287614378037275e-06,1.1940393825517144e-05,2.672454030243032e-05,0.0006698764537416082,0.034423376882268035,3.232267539442656e-05,0.004734134922909448,9.927172511882566e-06,0.00019731755314497627,0.08201568496846584,0.08261691043815836
1,64000.0,False,16,83a1d_00000,2025-12-15_10-01-09,1765773069,7.9715540409088135,129.76502299308777,6792,LAPTOP-HQRQ0VAR,127.0.0.1,129.76502299308777,16,8.346568678856572,1.4901976254368866e-05,8.345752533385644,1.5430755851923006,6.79461094276353,0.005863870846068025,-3140.9717747480145,0.0002543749999404099,7460.0373566751405,1.5182815250000568,451,1.475537652676083,108.0,2.0,0.00010430887808309065,15.0,4000.0,1940,1814.7508708647665,712.6506583791895,64000.0,712.6506583791895,967.81,0.0002139682777293375,438.0882532100034,4,0,0,27.33333333333334,83.975,0.0007820508483300909,0.0002974439759715476,64000.0,4000.0,1814.7508708647665,4000.0,1814.7508708647665,64000.0,138756,-0.124919474,1926272,86976.25,0.0,16.0,5e-05,0.7208492,9.875474,0.06328125298023224,1.0,10.0,120192,1.8954277e-05,128.0,0.006226373,4.548378,19404.85525216291,3761634,60357811,0,4000.0,4012.6472164221404,120192,138756,1926272,608122.2218226778,19404.72396063816,19404.570562361012,0.20539156204942355,0.0003010803177299143,5.002667422939e-05,3.1596397538554566e-05,5.493512511733705e-05,8.653147399734257e-05,3.1315852677914856e-06,5.756322799636795e-05,4.187647756406072e-06,3.2545352177542215e-06,1.3457191918471715e-05,3.070241491925698e-05,0.0006653256892028617,0.03423359311344536,3.226744863935092e-05,0.004729619573679321,9.916900786880098e-06,0.00019649737761186602,0.08219088911878142,0.08256793433377575
1,68000.0,False,17,83a1d_00000,2025-12-15_10-01-17,1765773077,7.9960033893585205,137.7610263824463,6792,LAPTOP-HQRQ0VAR,127.0.0.1,137.7610263824463,17,8.342974601068004,1.4865956492790434e-05,8.34215998505179,1.5427456393403765,6.791384086335898,0.005833830137606309,-3140.9717747480145,0.0002543749999404099,7460.0373566751405,1.6129179600000543,451,1.4750292166493213,109.0,1.0,9.049710824215657e-05,16.0,4000.0,2048,2072.0189145397812,795.356917471398,68000.0,795.356917471398,1031.07,0.00019096552203330666,423.3280691293793,4,0,0,24.736363636363638,84.01818181818183,0.0006963001859962303,0.0002701048491937988,68000.0,4000.0,2072.0189145397812,4000.0,2072.0189145397812,68000.0,138756,-0.05259358,2046464,103012.85,0.0,17.0,5e-05,0.6645926,9.948029,0.06328125298023224,1.0,10.0,120192,2.4080276e-05,128.0,0.009828563,4.548603,19425.656652805552,3760695,64118506,0,4000.0,4012.570744257919,120192,138756,2046464,608723.7142686876,19425.526043768958,19425.369519889082,0.20677695942892826,0.0002649238229559953,4.357637350614185e-05,2.858135319124281e-05,4.863810623125254e-05,7.664904982346507e-05,2.884007157949023e-06,5.109200526409909e-05,3.730637741381807e-06,2.9707555476917072e-06,1.184909081312075e-05,2.729283856120462e-05,0.0006606464323124431,0.03403598618231418,3.219977415288203e-05,0.004738033377939434,9.904731777541087e-06,0.00019575640383356655,0.08236572622759432,0.0839758329904383
1,72000.0,False,18,83a1d_00000,2025-12-15_10-01-25,1765773085,7.7660064697265625,145.52703285217285,6792,LAPTOP-HQRQ0VAR,127.0.0.1,145.52703285217285,18,8.337085005057324,1.4910296924078333e-05,8.336271535201277,1.5419362699469716,6.786334667472541,0.0058095888362281745,-3140.9717747480145,0.0002543749999404099,16347.458446953544,1.9073786430000654,451,1.4740721299828277,112.0,3.0,8.158404094256895e-05,17.0,4000.0,2283,3860.762439977641,604.7177916275649,72000.0,604.7177916275649,1236.28,0.00017169654005823608,409.14091288798636,4,0,0,23.509090909090904,84.18181818181819,0.000620402124220968,0.00023875709449753532,72000.0,4000.0,3860.762439977641,4000.0,3860.762439977641,72000.0,138756,-0.08646569,2166784,223736.45,0.0,18.0,5e-05,0.67573035,9.785256,0.03164062649011612,1.0,9.871544,120320,-1.3589859e-05,128.0,0.00281164,86.5648,19386.2682867024,3766580,67885086,0,4000.0,4012.51503681534,120320,138756,2166784,607460.6431295889,19386.16199335942,19386.03097668728,0.20655766883463922,0.00023975804936529553,3.9086335709034585e-05,2.54296469508682e-05,4.3570902832086657e-05,6.793484930873977e-05,2.524938865895635e-06,4.670543977056575e-05,3.3649365220623915e-06,2.640071915717574e-06,1.078667889031017e-05,2.5003416608522458e-05,0.0006561899679895747,0.033847457320489355,3.2111776410535044e-05,0.004728690044159389,9.887684456602788e-06,0.00019492583979568238,0.08245638896532005,0.08387226266053015
1,76000.0,False,19,83a1d_00000,2025-12-15_10-01-33,1765773093,7.91131854057312,153.43835139274597,6792,LAPTOP-HQRQ0VAR,127.0.0.1,153.43835139274597,19,8.332743780006753,1.488119395453458e-05,8.331930916849265,1.5423973272475051,6.781559066797817,0.0057890629478653975,-3140.9717747480145,0.0002543749999404099,16347.458446953544,2.0020035590000727,522,1.474348225682999,113.0,1.0,9.72360124182662e-05,18.0,4000.0,2283,4540.146200631337,733.5000507433258,76000.0,733.5000507433258,1304.97,0.00020154971876950534,395.53800644783394,4,0,0,23.875,84.29166666666664,0.0007471708695832341,0.00028982480485287206,76000.0,4000.0,4540.146200631337,4000.0,4540.146200631337,76000.0,138756,-0.14519332,2286976,186880.56,0.0,19.0,5e-05,0.696383,9.855127,0.03164062649011612,1.0,10.0,120192,-3.2186508e-06,128.0,0.010136595,22.580751,19400.084975617927,3760695,71645781,0,4000.0,4012.439886447187,120192,138756,2286976,607847.4700945878,19399.983941235743,19399.866736783344,0.20644706514628997,0.00028395975638526754,4.758229388784141e-05,3.0613161521013e-05,5.230000155236037e-05,8.334670352233084e-05,3.0500556906453627e-06,5.535008083788878e-05,3.973336333184034e-06,3.1500104312533642e-06,1.2804243562606722e-05,2.9649970367879213e-05,0.0006515260683101166,0.0336612397472842,3.205365864815311e-05,0.004723025143716619,9.869807610354326e-06,0.0001940665813983842,0.08261200707566528,0.08380641003392554
1,80000.0,False,20,83a1d_00000,2025-12-15_10-01-41,1765773101,7.8664891719818115,161.30484056472778,6792,LAPTOP-HQRQ0VAR,127.0.0.1,161.30484056472778,20,8.327998330206688,1.4843382014367923e-05,8.327186986680776,1.5418074849750325,6.777438783129837,0.005759789318384865,-1270.9124187303642,0.0002543749999404099,24256.768604595803,2.175320832000066,594,1.4736097829261692,115.0,2.0,9.237496453227158e-05,19.0,4000.0,2283,6275.858299983707,596.0675920706911,80000.0,596.0675920706911,1435.5,0.0001913871722380616,382.5247568906933,4,0,0,24.681818181818183,84.35454545454546,0.0007057717185936319,0.0002738801054122856,80000.0,4000.0,6275.858299983707,4000.0,6275.858299983707,80000.0,138756,-0.025367139,2407168,280526.84,0.0,20.0,5e-05,0.6241717,9.905636,0.03164062649011612,1.0,9.930687,120192,-9.655952e-06,128.0,0.009980413,3.369972,19406.139322004456,3761634,75407415,0,4000.0,4012.375487582715,120192,138756,2407168,608004.9423383354,19406.063186180563,19405.950099053207,0.20631200249482795,0.0002684463818734803,4.470654003491682e-05,2.897941775202206e-05,4.954865792044128e-05,7.739633525717974e-05,2.8996863916714712e-06,5.145202113173909e-05,3.7899406821209964e-06,3.050231625351153e-06,1.2061969572570273e-05,2.8067883453188827e-05,0.0006469068076258664,0.033473494349813976,3.19991220635011e-05,0.004716378892277942,9.850109530981782e-06,0.00019321791558209807,0.08276678900490979,0.08371951593358493
1,84000.0,False,21,83a1d_00000,2025-12-15_10-01-49,1765773109,7.89104437828064,169.19588494300842,6792,LAPTOP-HQRQ0VAR,127.0.0.1,169.19588494300842,21,8.32355550290462,1.483494819159704e-05,8.322744364813966,1.5422218101252816,6.772615040298534,0.005731656425203363,-773.179733221963,0.0002543749999404099,29543.311920408276,2.3568589150000663,632,1.4740375760969062,117.0,2.0,9.828103334212358e-05,20.0,4000.0,2283,8396.214880381252,823.3679068034148,84000.0,823.3679068034148,1565.0,0.00020625546833382997,370.0515171464593,4,0,0,24.799999999999997,84.20000000000002,0.000754457444648487,0.0002943598022917452,84000.0,4000.0,8396.214880381252,4000.0,8396.214880381252,84000.0,138756,0.021498,2527360,298749.84,0.0,21.0,5e-05,0.66457963,9.973967,0.03164062649011612,1.0,9.952183,120192,-3.015995e-05,128.0,0.0090568485,1.5650783,19430.099273145184,3761634,79169049,0,4000.0,4012.3117327068876,120192,138756,2527360,608721.8245396579,19430.005950151077,19429.897923193872,0.2062824354698808,0.00028306441431531597,4.735409985188122e-05,3.109755515767184e-05,5.390995060633526e-05,8.30205270420264e-05,3.1670707051934133e-06,5.535279775813758e-05,4.025264174509572e-06,3.2557400673686205e-06,1.2795346646779673e-05,2.9955955164726562e-05,0.0006425187395474233,0.03329811040631335,3.195913084215916e-05,0.0047084671033565595,9.830608436950437e-06,0.00019234073642418188,0.08290145211486133,0.0837468267742517
1,88000.0,False,22,83a1d_00000,2025-12-15_10-01-57,1765773117,7.934548616409302,177.13043355941772,6792,LAPTOP-HQRQ0VAR,127.0.0.1,177.13043355941772,22,8.319622236875576,1.4808598710964665e-05,8.318812484165827,1.5421409370240304,6.768799016895548,0.005703649860951225,-773.179733221963,0.0002543749999404099,29543.311920408276,2.5355505100000757,632,1.4735665193359349,119.0,2.0,8.671430299551364e-05,21.0,4000.0,2283,9997.753679884394,684.1245489195719,88000.0,684.1245489195719,1687.04,0.000185371359117716,358.1500755384487,4,0,0,21.991666666666664,84.20000000000002,0.0006685476381678471,0.00025938845830394036,88000.0,4000.0,9997.753679884394,4000.0,9997.753679884394,88000.0,138756,-0.20652978,2647552,425595.8,0.0,22.0,5e-05,0.6870122,9.793685,0.03164062649011612,1.0,10.0,120192,-1.3113022e-05,128.0,0.006771237,1.125778,19455.124528647655,3761634,82930683,0,4000.0,4012.2486153798186,120192,138756,2647552,609472.5141105608,19455.00665487128,19454.895670623624,0.207321741115184,0.0002524252715676182,4.264558574953951e-05,2.7823197357485173e-05,4.708199409638348e-05,7.421082577532793e-05,2.775710598957619e-06,4.912957326524123e-05,3.569365770042708e-06,2.8504380949989485e-06,1.12649086685992e-05,2.6469968773239255e-05,0.0006380085521545038,0.03310020430224854,3.1906539529539164e-05,0.00469646843232104,9.803302352060614e-06,0.00019139732905973955,0.08293541659371134,0.08497084750650707
1,92000.0,False,23,83a1d_00000,2025-12-15_10-02-05,1765773125,7.7531654834747314,184.88359904289246,6792,LAPTOP-HQRQ0VAR,127.0.0.1,184.88359904289246,23,8.31387394050682,1.4782512725138613e-05,8.313065604324168,1.5416079406537935,6.763616595726592,0.005676919362345006,-773.179733221963,0.0002543749999404099,29543.311920408276,2.611701381000066,632,1.4727735961425772,120.0,1.0,7.541766066204303e-05,22.0,4000.0,2283,10891.530644627397,779.014594463633,92000.0,779.014594463633,1739.49,0.00016014625970045584,346.78623221207374,4,0,0,23.299999999999997,84.26363636363635,0.0005810586869763388,0.00022486636029754326,92000.0,4000.0,10891.530644627397,4000.0,10891.530644627397,92000.0,138756,-0.07932134,2767744,288001.0,0.0,23.0,5e-05,0.6440796,9.717689,0.03164062649011612,1.0,9.7966,120192,-3.7908554e-05,128.0,0.012917108,3.3597877,19493.161834298135,3760695,86691378,0,4000.0,4012.1761292260207,120192,138756,2767744,610624.5537095609,19493.04446921937,19492.917418003282,0.20713012870403083,0.00022200942622752046,3.6589936257986556e-05,2.3891384398344927e-05,4.049211879117933e-05,6.450535476352309e-05,2.3201088574954303e-06,4.266525643300822e-05,3.236345574838138e-06,2.468328807148464e-06,9.936496426186285e-06,2.2745746408952163e-05,0.0006336474666361604,0.03291249025922536,3.1822474131945146e-05,0.004683895748000128,9.779269328125802e-06,0.0001903883557708363,0.08293692242777516,0.08498647803144377
1,96000.0,False,24,83a1d_00000,2025-12-15_10-02-12,1765773132,7.746031045913696,192.62963008880615,6792,LAPTOP-HQRQ0VAR,127.0.0.1,192.62963008880615,24,8.30807774210175,1.475368759906471e-05,8.307270849280922,1.5413757462472568,6.758083686769325,0.0056522821687227396,542.6826569683835,0.0002543749999404099,29543.311920408276,2.6912970200000474,724,1.4721730601811516,121.0,1.0,8.296685759921828e-05,23.0,4000.0,2283,11588.750986378234,832.8333076186967,96000.0,832.8333076186967,1799.14,0.00017307075940577936,335.96353815566704,4,0,0,23.08181818181818,84.39999999999999,0.0006364972861281025,0.0002466294487596225,96000.0,4000.0,11588.750986378234,4000.0,11588.750986378234,96000.0,138756,0.04894102,2887936,228781.98,0.0,24.0,5e-05,0.69715774,10.02303,0.03164062649011612,1.0,9.973742,120192,1.2516975e-06,128.0,0.010993148,1.189632,19526.553145266793,3760695,90452073,0,4000.0,4012.104367933761,120192,138756,2887936,611634.2634303296,19526.455709370926,19526.339288433774,0.2069081824169899,0.00024162161730732846,3.9984792085528246e-05,2.6062168550969157e-05,4.448635065699131e-05,7.03665569870347e-05,2.5950071199313667e-06,4.711042813099375e-05,3.349306436706298e-06,2.673246103071051e-06,1.069530343251512e-05,2.5073749079762322e-05,0.0006290459919705342,0.03272635035663079,3.176324938917597e-05,0.004673669790522162,9.761476634642562e-06,0.00018933547221291203,0.08303876220349772,0.08486802825112498
1,100000.0,False,25,83a1d_00000,2025-12-15_10-02-20,1765773140,7.718291759490967,200.34792184829712,6792,LAPTOP-HQRQ0VAR,127.0.0.1,200.34792184829712,25,8.30209365468073,1.4722150724145432e-05,8.30128766178811,1.5401125277847816,6.753396905901632,0.005624785347037489,542.6826569683835,0.0002543749999404099,29543.311920408276,2.892852860000048,845,1.4709402455793412,124.0,3.0,7.944040097438739e-05,24.0,4000.0,2283,14293.045308759967,629.6229681015367,100000.0,629.6229681015367,1958.25,0.0001687162757304199,325.6744169734226,4,0,0,23.045454545454543,84.41818181818182,0.0006042255268525443,0.00023314854312478177,100000.0,4000.0,14293.045308759967,4000.0,14293.045308759967,100000.0,138756,0.10681803,3008256,237851.42,0.0,25.0,5e-05,0.60193866,10.02978,0.04746093973517418,1.0,9.922018,120320,-2.1457672e-06,128.0,0.029864801,0.2346815,19534.387132045136,3766580,94218653,0,4000.0,4012.0533242544234,120320,138756,3008256,611862.3520531186,19534.30075159201,19534.197915393714,0.2065476935928185,0.00023286569071783543,3.8132106431673635e-05,2.441963869105403e-05,4.2240051364095976e-05,6.639740826170085e-05,2.4563692823839474e-06,4.507486671027184e-05,3.2309771820323775e-06,2.601802813775253e-06,1.0450821985429465e-05,2.405345890424164e-05,0.0006248155320479016,0.03254225885306271,3.166361689541593e-05,0.0046624040926179925,9.731861872217179e-06,0.00018848611749133027,0.08305143258146312,0.08469881396861513
1,104000.0,False,26,83a1d_00000,2025-12-15_10-02-28,1765773148,7.867676258087158,208.21559810638428,6792,LAPTOP-HQRQ0VAR,127.0.0.1,208.21559810638428,26,8.29766177913392,1.4688929216388782e-05,8.296857261170228,1.5392122475069314,6.749899071842617,0.00559737749356706,542.6826569683835,0.0002543749999404099,29543.311920408276,2.9414125860000557,901,1.470086964123548,125.0,1.0,8.988992985454947e-05,25.0,4000.0,2283,15249.071305708854,763.6215661242784,104000.0,763.6215661242784,2008.9,0.00018846568391267494,315.88205814371975,4,0,0,22.172727272727272,84.5,0.0006873069607526895,0.00026495206060875125,104000.0,4000.0,15249.071305708854,4000.0,15249.071305708854,104000.0,138756,-0.06859811,3128448,253325.16,0.0,26.0,5e-05,0.5461526,9.818127,0.04746093973517418,1.0,9.886478,120192,-2.503395e-06,128.0,0.0051824045,0.9943897,19555.51587846825,3760695,97979348,0,4000.0,4011.9827910118793,120192,138756,3128448,612488.8818858557,19555.422425897825,19555.29943109026,0.20781715265689144,0.00026139572899176896,4.3182273403601e-05,2.818700982215414e-05,4.7979193921700356e-05,7.669416806576281e-05,2.7400928906630545e-06,5.029996907774832e-05,3.705748191782948e-06,2.906006735467754e-06,1.1859996391813866e-05,2.6836690588851653e-05,0.000620528376725541,0.03235939526453288,3.1641980726285404e-05,0.004656720051690767,9.721543252024798e-06,0.00018764725631400346,0.083206774255646,0.0860091358289313
1,108000.0,False,27,83a1d_00000,2025-12-15_10-02-36,1765773156,7.853954792022705,216.06955289840698,6792,LAPTOP-HQRQ0VAR,127.0.0.1,216.06955289840698,27,8.293140598342584,1.4667039921067127e-05,8.292336835558524,1.5386824720318606,6.74594086412419,0.0055710017186323775,1605.9632942545759,0.0002543749999404099,29543.311920408276,3.023412161000042,1071,1.469328656482312,127.0,2.0,8.665617731872889e-05,26.0,4000.0,2283,17067.447570241402,663.4470273270614,108000.0,663.4470273270614,2100.3,0.00018478996063339874,306.5467183753316,4,0,0,22.65833333333333,84.64166666666667,0.0006693111119698621,0.00025762317062271426,108000.0,4000.0,17067.447570241402,4000.0,17067.447570241402,108000.0,138756,0.019084712,3248640,350246.5,0.0,27.0,5e-05,0.55598974,10.019099,0.02373046986758709,1.0,10.0,120192,-1.5497208e-06,128.0,0.00030005974,1.3038738,19553.324755092028,3761634,101740982,0,4000.0,4011.9229631017606,120192,138756,3248640,612397.4913990692,19553.242109712206,19553.123346586122,0.20766324913032044,0.0002574361589662963,4.2116649175345995e-05,2.725634933376428e-05,4.667560972797338e-05,7.388386943382578e-05,2.675182542033183e-06,4.927182752730491e-05,3.698125821923235e-06,2.9100424755136663e-06,1.1463114035367272e-05,2.631053561248911e-05,0.0006169010929570065,0.032181439311886606,3.160056091662294e-05,0.00465317185117359,9.702327822263477e-06,0.00018683278375204748,0.08336310051309041,0.08588728747064268
1,112000.0,False,28,83a1d_00000,2025-12-15_10-02-44,1765773164,7.721530437469482,223.79108333587646,6792,LAPTOP-HQRQ0VAR,127.0.0.1,223.79108333587646,28,8.287351689359157,1.4679369522932948e-05,8.28654890220294,1.538419557311544,6.7404482084829445,0.005544000701444397,1952.8292192844347,0.0002543749999404099,29543.311920408276,3.0891179560000226,1111,1.4686781614174902,129.0,2.0,9.09712039651016e-05,27.0,4000.0,2283,18779.023091152147,718.2550168559358,112000.0,718.2550168559358,2175.51,0.00018715935002155303,297.6529033914076,4,0,0,21.572727272727274,84.74545454545455,0.0006987652405287611,0.0002695855028486248,112000.0,4000.0,18779.023091152147,4000.0,18779.023091152147,112000.0,138756,-0.040100344,3368832,252067.22,0.0,28.0,5e-05,0.47478127,9.960132,0.02373046986758709,1.0,10.0,120192,-9.536743e-07,128.0,0.009777691,0.6231793,19566.944709539173,3761634,105502616,0,4000.0,4011.8637334707428,120192,138756,3368832,612785.7668875593,19566.598369886713,19566.358052409152,0.2074253036390167,0.0002670003790440383,4.3497655542829615e-05,2.866091151252294e-05,4.834151656590564e-05,7.67325517236501e-05,2.9474264822876724e-06,5.0688074236768906e-05,3.8044331947813967e-06,2.9876138151903506e-06,1.171380049977197e-05,2.728656300056902e-05,0.0006125280820288136,0.032005042918765075,3.1557555308018e-05,0.004645279132661275,9.679304543626637e-06,0.0001860054559104208,0.08345036150795869,0.08575472659593786
1,116000.0,False,29,83a1d_00000,2025-12-15_10-02-52,1765773172,7.8563385009765625,231.64742183685303,6792,LAPTOP-HQRQ0VAR,127.0.0.1,231.64742183685303,29,8.282969670465569,1.4680575826875208e-05,8.28216649918091,1.5380431507384296,6.736469008398113,0.005522400694430917,1952.8292192844347,0.0002543749999404099,29543.311920408276,3.1526638679999768,1333,1.4681828875533156,131.0,2.0,8.310841583891504e-05,28.0,4000.0,2283,20153.938763528353,564.4275279027622,116000.0,564.4275279027622,2231.42,0.0001758083629514648,289.2020439498769,4,0,0,24.809090909090912,85.50909090909092,0.0006356701222849514,0.00024533451117428784,116000.0,4000.0,20153.938763528353,4000.0,20153.938763528353,116000.0,138756,0.0334687,3489024,203829.98,0.0,29.0,5e-05,0.53884166,10.033641,0.02373046986758709,1.0,10.0,120192,-4.7683716e-07,128.0,0.0072477725,0.17886683,19602.741399583683,3761634,109264250,0,4000.0,4011.8050961360354,120192,138756,3489024,613884.3365397919,19602.416381210613,19602.167789256528,0.20733886160263015,0.000242643283411226,4.0287319486387116e-05,2.620664838167632e-05,4.4915169097505806e-05,6.962038051640232e-05,2.573888172602949e-06,4.6700365447402574e-05,3.426808744844569e-06,2.6939589562353872e-06,1.0913454266337136e-05,2.5134983970758734e-05,0.0006088338012111416,0.031847633489579134,3.152397975581746e-05,0.004648168341336733,9.664511499574956e-06,0.00018525440135113143,0.08361764689287629,0.08566228432997888
1,120000.0,False,30,83a1d_00000,2025-12-15_10-03-01,1765773181,9.45019268989563,241.09761452674866,6792,LAPTOP-HQRQ0VAR,127.0.0.1,241.09761452674866,30,8.294514690760915,1.4637770069253377e-05,8.293712426189101,1.538216283231047,6.747858977314133,0.005507762687486683,2244.2937059078795,0.0002543749999404099,29543.311920408276,3.1673445109999556,1533,1.468209475677783,132.0,1.0,0.00010111126150555403,29.0,4000.0,2283,21162.726776925552,816.1395931502997,120000.0,816.1395931502997,2251.21,0.000209589064655426,281.1472046511519,4,0,0,32.253846153846155,86.48461538461538,0.0007587004044435734,0.000298147877146469,120000.0,4000.0,21162.726776925552,4000.0,21162.726776925552,120000.0,138756,0.047797367,3609216,152793.89,0.0,30.0,5e-05,0.46970132,10.048,0.02373046986758709,1.0,10.0,120192,-5.9604645e-07,128.0,0.00855943,0.08121569,19255.713596898662,3760695,113024945,0,4000.0,4011.737045174675,120192,138756,3609216,603002.6381666354,19255.45046680268,19255.23734918504,0.2086410029866023,0.0002889415763529901,4.736652242204641e-05,3.114279537391723e-05,5.350429329934673e-05,8.385780043380154e-05,3.0667521405308614e-06,5.6220400661695363e-05,4.143202294666954e-06,3.3367828386044035e-06,1.3104664144718925e-05,3.019264011639776e-05,0.0006046944632012717,0.03166550615468277,3.145173995775946e-05,0.0046404186579215275,9.648866382896772e-06,0.0001843478573377328,0.08377609842395063,0.08700403248667858
1,124000.0,False,31,83a1d_00000,2025-12-15_10-03-12,1765773192,10.197006940841675,251.29462146759033,6792,LAPTOP-HQRQ0VAR,127.0.0.1,251.29462146759033,31,8.313455985853306,1.4721392369117018e-05,8.312651283927208,1.5516649763987362,6.753375260540989,0.005487892060612626,2497.8957482355327,0.0002543749999404099,29543.311920408276,3.250218304999921,1796,1.481169663421005,134.0,2.0,0.00016649189245159906,30.0,4000.0,2283,22290.92283189841,822.1932652935154,124000.0,822.1932652935154,2272.35,0.00035447729964961346,273.15506926596714,4,0,0,41.186666666666675,87.62000000000002,0.0012397156883866777,0.0004886396334481749,124000.0,4000.0,22290.92283189841,4000.0,22290.92283189841,124000.0,138756,-0.008614104,3729408,226819.11,0.0,31.0,5e-05,0.52353835,9.991507,0.02373046986758709,1.0,10.0,120192,-1.0728836e-06,128.0,0.0050466186,0.119092725,19300.099707299483,3761634,116786579,0,4000.0,4011.679674722928,120192,138756,3729408,604374.4004043443,19299.850105010224,19299.65013221463,0.20920715495673464,0.00047818678029061654,7.81882875217613e-05,5.071801530268187e-05,8.699088609385094e-05,0.00013782949685792938,5.128770955414118e-06,9.587171755698047e-05,7.035367160308298e-06,5.57114082468963e-06,2.1319850375019906e-05,5.1681820869052604e-05,0.0006008805185694193,0.03153704809313816,3.1445222556949494e-05,0.004655807471342165,9.664377716966043e-06,0.00018401537876474696,0.08426140743971423,0.08720351216181271
1,128000.0,False,32,83a1d_00000,2025-12-15_10-03-20,1765773200,8.134565591812134,259.42918705940247,6792,LAPTOP-HQRQ0VAR,127.0.0.1,259.42918705940247,32,8.311591677994771,1.469717844522899e-05,8.310789136087934,1.5524528176347496,6.750752011935578,0.005466107140006847,5040.312204978389,0.0002543749999404099,29543.311920408276,3.362726637999949,2048,1.4818924087867942,136.0,2.0,0.00010488604919258979,31.0,4000.0,2283,22990.94407953685,721.2863738308437,128000.0,721.2863738308437,2280.65,0.00021968144456937055,265.4648464439927,4,0,0,24.183333333333337,87.45,0.0008018305403580044,0.0003133725765812461,128000.0,4000.0,22990.94407953685,4000.0,22990.94407953685,128000.0,138756,-0.13799918,3849600,247008.48,0.0,32.0,5e-05,0.5807906,9.815886,0.02373046986758709,1.0,9.953712,120192,-5.9604645e-07,128.0,0.0072689946,0.5648014,19280.95098268961,3761634,120548213,0,4000.0,4011.622877975699,120192,138756,3849600,603757.6495479578,19280.709238353003,19280.500643551484,0.20915357340716723,0.0003058917388187529,5.049194778357698e-05,3.303625768428115e-05,5.5736516175936205e-05,8.837572624103924e-05,3.2918365442292605e-06,6.072123893580045e-05,4.304020635812075e-06,3.412733584183384e-06,1.3606082122638462e-05,3.211778999250499e-05,0.0005969007133812172,0.031376320612202996,3.144477033035985e-05,0.004651170396626016,9.658733936951832e-06,0.00018338522497745514,0.08444093036531701,0.08714299604019354
1,132000.0,False,33,83a1d_00000,2025-12-15_10-03-28,1765773208,7.977563858032227,267.4067509174347,6792,LAPTOP-HQRQ0VAR,127.0.0.1,267.4067509174347,33,8.308180038214825,1.4672206662060294e-05,8.307379851727054,1.5539483894584019,6.7458785668162236,0.005439847068606354,12351.89335105606,0.0002543749999404099,29543.311920408276,3.416183553999949,2283,1.4834240699489274,137.0,1.0,9.90887178233961e-05,32.0,4000.0,2283,23431.660261929188,800.0394267120105,132000.0,800.0394267120105,2283.0,0.00020807122412815936,258.17484588449776,4,0,0,24.62727272727273,87.79999999999998,0.00075914064465919,0.0002927287855670073,132000.0,4000.0,23431.660261929188,4000.0,23431.660261929188,132000.0,138756,-0.018892579,3969792,187476.25,0.0,33.0,5e-05,0.5094426,9.981346,0.02373046986758709,1.0,10.0,120192,1.1920929e-07,128.0,0.010044851,1.0235145,19328.937178552405,3760695,124308908,0,4000.0,4011.556649195942,120192,138756,3969792,605235.0200135111,19328.699299145534,19328.501831062407,0.20904906367309717,0.0002904619307818125,4.845450842901841e-05,3.0791250764987955e-05,5.345680851642236e-05,8.430142006276762e-05,3.0631992077543844e-06,5.5981293724820045e-05,4.075943831007339e-06,3.288452923942329e-06,1.312145806585282e-05,3.0017509727145787e-05,0.0005927777062475192,0.03120960240608431,3.14263226299469e-05,0.004645278692659518,9.646146596005992e-06,0.00018253837272621184,0.08460590106166425,0.08705368207979193
1,136000.0,False,34,83a1d_00000,2025-12-15_10-03-39,1765773219,10.949310302734375,278.35606122016907,6792,LAPTOP-HQRQ0VAR,127.0.0.1,278.35606122016907,34,8.334482038832677,1.4647484592175812e-05,8.333682868209785,1.5556195455638164,6.770522964148061,0.005428069597922618,15647.404849360439,0.0002543749999404099,29543.311920408276,3.4535119599999096,2283,1.4846258489994384,140.0,3.0,0.00011858355602694527,33.0,4000.0,2283,23719.94526344599,598.3213783979778,136000.0,598.3213783979778,2283.0,0.0002548256885147327,251.29999598330312,4,0,0,41.125,90.01249999999999,0.0008984781153725866,0.00035033010123368977,136000.0,4000.0,23719.94526344599,4000.0,23719.94526344599,136000.0,138756,-0.13175076,4090112,344611.84,0.0,34.0,5e-05,0.422704,9.790994,0.02373046986758709,1.0,9.922474,120320,-7.1525574e-07,128.0,0.011421555,0.35863322,19015.183410066722,3766580,128075488,0,4000.0,4011.511082703983,120320,138756,4090112,595406.8871273933,19014.94509809315,19014.780652492824,0.209627345036368,0.0003465678561636676,5.678474876527473e-05,3.644883853766981e-05,6.265124820509666e-05,9.999335496610577e-05,3.7267679249676544e-06,6.81032119716973e-05,4.933436396507442e-06,3.91810581234661e-06,1.5890943495460455e-05,3.5906988464766464e-05,0.0005890459291854113,0.03119820338202132,3.144905940495664e-05,0.004652737905731414,9.652685132173305e-06,0.00018218198899785565,0.08491018105104378,0.08733711425899579
1,140000.0,False,35,83a1d_00000,2025-12-15_10-03-51,1765773231,12.412440061569214,290.7685012817383,6792,LAPTOP-HQRQ0VAR,127.0.0.1,290.7685012817383,35,8.375171178444347,1.4644009748280436e-05,8.374372521527686,1.5706921311081785,6.7961570205065795,0.005412751901945179,18486.322532962913,0.0002543749999404099,29543.311920408276,3.507537972999944,2283,1.4993598672594444,141.0,1.0,0.00017936821243641572,34.0,4000.0,2283,23808.82808649653,736.4426743786244,140000.0,736.4426743786244,2283.0,0.00037230985185116955,244.39983541083225,4,0,0,52.94444444444444,91.98333333333333,0.001350885868438263,0.0005390898543486291,140000.0,4000.0,23808.82808649653,4000.0,23808.82808649653,140000.0,138756,0.0653713,4210304,160927.64,0.0,35.0,5e-05,0.3375344,10.065591,0.02373046986758709,1.0,10.0,120192,-1.1920929e-07,128.0,0.009273947,0.43249983,18835.437572112456,3760695,131836183,0,4000.0,4011.4459718769435,120192,138756,4210304,589757.8554006363,18835.19143185693,18835.011772982958,0.21237845358600244,0.0005063633694555737,8.45032336690682e-05,5.554129606398881e-05,9.469451614423755e-05,0.00015446794474268245,5.577998419128988e-06,0.00010027259940996972,7.560058983604542e-06,5.9816067345158445e-06,2.2999057778056944e-05,5.500710287498941e-05,0.0005856414698920554,0.031134578348201505,3.1669568814672235e-05,0.0046594245266736705,9.678158277587693e-06,0.0001816801691090919,0.08551792224053419,0.08954198911640586
1,144000.0,False,36,83a1d_00000,2025-12-15_10-04-03,1765773243,11.408719062805176,302.17722034454346,6792,LAPTOP-HQRQ0VAR,127.0.0.1,302.17722034454346,36,8.405456623659905,1.4757569652414931e-05,8.40465503831241,1.5832752277970945,6.813879601301514,0.005391683382923319,18701.195078114128,0.0002543749999404099,29543.311920408276,3.6909242709999264,2283,1.5106650240868507,143.0,2.0,0.00015472945102828817,35.0,4000.0,2283,23776.064233882207,603.6375674241955,144000.0,603.6375674241955,2283.0,0.00032815323968705425,237.55784564414503,4,0,0,44.54375,93.13125,0.0011545699441635818,0.0004529955671366137,144000.0,4000.0,23776.064233882207,4000.0,23776.064233882207,144000.0,138756,0.058465943,4330496,226909.33,0.0,36.0,5e-05,0.37422466,10.012301,0.011865234933793545,1.0,9.953793,120192,-1.1920929e-07,128.0,0.0017788159,0.52559257,18731.393175706402,3761634,135597817,0,4000.0,4011.391512158174,120192,138756,4330496,586488.7071055662,18731.17390716839,18731.001940531314,0.21252872705014056,0.00044423641725029457,7.376174097235924e-05,4.676726140104142e-05,8.122560796091544e-05,0.00012812409236388092,4.759678307101211e-06,8.824921632954892e-05,6.507708578370003e-06,5.223131068876224e-06,2.0326510762391035e-05,4.790078107911989e-05,0.0005819860551906475,0.031042288564720306,3.1644873126243036e-05,0.004656918281406581,9.67237669651474e-06,0.00018104836741898817,0.08577291201812752,0.08953830022524334
1,148000.0,False,37,83a1d_00000,2025-12-15_10-04-13,1765773253,10.22275710105896,312.3999774456024,6792,LAPTOP-HQRQ0VAR,127.0.0.1,312.3999774456024,37,8.423526956423306,1.481099395845285e-05,8.422726164929285,1.5919313255191216,6.8233201462885,0.0053711775490935185,18701.195078114128,0.0002543749999404099,27710.946513011324,3.8975920589999395,2283,1.5184608828459827,145.0,2.0,0.0001325394507436358,36.0,4000.0,2283,23777.213520652076,790.790875229946,148000.0,790.790875229946,2283.0,0.0002929361158474829,230.89425457804438,4,0,0,37.58000000000001,92.53333333333332,0.0010162076705346429,0.00039095389923449506,148000.0,4000.0,23777.213520652076,4000.0,23777.213520652076,148000.0,138756,0.029657912,4450688,235470.39,0.0,37.0,5e-05,0.3056732,10.029726,0.011865234933793545,1.0,10.0,120192,-2.3841858e-07,128.0,0.0057687117,0.15375204,18614.096748546115,3761634,139359451,0,4000.0,4011.3375970365923,120192,138756,4450688,582799.7929263309,18613.83036598489,18613.56655313441,0.21269734477964053,0.00038920718252659836,6.403826338601283e-05,4.202484262960096e-05,7.091631252083257e-05,0.0001117455929692627,4.141374175341524e-06,7.502490228166185e-05,5.510607834645463e-06,4.344197928381437e-06,1.7449599983665024e-05,3.959272701345844e-05,0.0005786011946354354,0.03092418667907264,3.1696424395870486e-05,0.004656040098592776,9.68465292734172e-06,0.00018052388374632631,0.08604450889794647,0.08955957922299054
1,152000.0,False,38,83a1d_00000,2025-12-15_10-04-24,1765773264,10.524264812469482,322.9242422580719,6792,LAPTOP-HQRQ0VAR,127.0.0.1,322.9242422580719,38,8.444439758859069,1.4792884017403235e-05,8.443639552279992,1.6019386042639312,6.834249585825614,0.005350469773604294,17837.47460047967,0.0002543749999404099,27710.946513011324,4.076864051999928,2283,1.5280829637675226,147.0,2.0,0.0001465204273374766,37.0,4000.0,2283,23478.68369500497,648.0700386938449,152000.0,648.0700386938449,2283.0,0.000317184183797936,224.48314082404477,4,0,0,39.51333333333333,92.70666666666668,0.0011138623382844852,0.00043086583900080536,152000.0,4000.0,23478.68369500497,4000.0,23478.68369500497,152000.0,138756,-0.10962568,4570880,299396.34,0.0,38.0,5e-05,0.35071275,9.890402,0.005932617466896772,1.0,10.0,120192,-3.5762787e-07,128.0,0.0023025908,0.05151385,18434.88397197637,3761634,143121085,0,4000.0,4011.284221066226,120192,138756,4570880,577150.9060374886,18434.36212092696,18433.86272817047,0.2131107683318466,0.0004293437145754384,7.100084095399126e-05,4.6305517191611164e-05,7.812697695478206e-05,0.0001236362301746318,4.593222520657753e-06,8.423478809106633e-05,6.1517345239556055e-06,4.830461281770757e-06,2.0080443716434164e-05,4.554920705800644e-05,0.0005750991826910452,0.030806538812284536,3.166946015004273e-05,0.004661659697604709,9.702806396072653e-06,0.00018005964491082062,0.08645946980896675,0.08967547343076142
1,156000.0,False,39,83a1d_00000,2025-12-15_10-04-40,1765773280,16.1051242351532,339.0293664932251,6792,LAPTOP-HQRQ0VAR,127.0.0.1,339.0293664932251,39,8.520807677270476,1.4897955175567257e-05,8.520005157757188,1.610484948221291,6.9020486069673535,0.005367387075867123,17837.47460047967,0.0002543749999404099,27710.946513011324,4.162967756999929,2283,1.5359858088798488,148.0,1.0,0.0001465099706575549,38.0,4000.0,2283,23366.680775552628,783.6126665598867,156000.0,783.6126665598867,2283.0,0.0003132765214966357,218.33067560460825,4,0,0,67.70434782608696,92.51739130434783,0.0011194042788164645,0.00043217386901357225,156000.0,4000.0,23366.680775552628,4000.0,23366.680775552628,156000.0,138756,-0.037795376,4691072,227673.72,0.0,39.0,5e-05,0.27474704,9.962246,0.005932617466896772,1.0,10.0,120192,-2.3841858e-07,128.0,0.007046922,0.0054453574,18000.813903693168,3760695,146881780,0,4000.0,4011.221378855564,120192,138756,4691072,563555.2463044134,18000.361410452966,17999.972322067988,0.21516497764852943,0.00042823400286125306,7.068107035528614e-05,4.6080009219528e-05,7.743296882304157e-05,0.00012294899320163116,4.75216253275653e-06,8.464689068776528e-05,6.192000559882947e-06,4.846429508696455e-06,1.929492751779453e-05,4.40842898578787e-05,0.0005714451908610004,0.03067465842416195,3.1833765545849964e-05,0.00466453710062853,9.714778329904053e-06,0.00017945904846323018,0.08681053711088124,0.09151320569645625
1,160000.0,False,40,83a1d_00000,2025-12-15_10-04-53,1765773293,13.523321390151978,352.5526878833771,6792,LAPTOP-HQRQ0VAR,127.0.0.1,352.5526878833771,40,8.57074515549777,1.5017975625747222e-05,8.569939501179615,1.6271492857390817,6.935337115897683,0.005350796205110436,17837.47460047967,0.0002543749999404099,27710.946513011324,4.259744400999948,2283,1.5522744077910517,149.0,1.0,0.00017763569428861473,39.0,4000.0,2283,23365.2072170104,837.5729877010626,160000.0,837.5729877010626,2283.0,0.0003744231817660296,212.08858977916842,4,0,0,59.215789473684204,92.67894736842106,0.0013178045282138775,0.0005194865440837973,160000.0,4000.0,23365.2072170104,4000.0,23365.2072170104,160000.0,138756,0.11275216,4811264,191863.17,0.0,40.0,5e-05,0.21742512,10.112778,0.002966308733448386,1.0,10.0,120192,-1.1920929e-07,128.0,0.004144709,0.13099572,17865.92594417343,3760695,150642475,0,4000.0,4011.1591650670084,120192,138756,4811264,559319.4855054416,17865.517976464194,17865.1649266408,0.216446767872043,0.0005052477979936628,8.268209480961363e-05,5.403295206402087e-05,9.194175979831523e-05,0.0001477394776570105,5.467668603162515e-06,9.949250961161474e-05,7.513307277175117e-06,6.174862890414131e-06,2.418182595530581e-05,5.4516596342682786e-05,0.0005683007389538598,0.030634795839918173,3.190342788895711e-05,0.00467874172962209,9.7416305449277e-06,0.00018009345797962751,0.08756754573977554,0.09206532463949536
1,164000.0,False,41,83a1d_00000,2025-12-15_10-05-08,1765773308,14.601599931716919,367.154287815094,6792,LAPTOP-HQRQ0VAR,127.0.0.1,367.154287815094,41,8.630926572942792,1.501179587003568e-05,8.63012090916782,1.6388938898816905,6.983791254738708,0.0053351552430602476,17837.47460047967,0.0002543749999404099,27710.946513011324,4.629264911000014,2283,1.563587537713141,152.0,3.0,0.00016375231789167381,40.0,4000.0,2283,23373.764632171715,640.021811564895,164000.0,640.021811564895,2283.0,0.0003491619709855323,205.99569028987221,4,0,0,62.7,90.12380952380953,0.0012312162611615887,0.00047740154007459986,164000.0,4000.0,23373.764632171715,4000.0,23373.764632171715,164000.0,138756,0.06696473,4931584,244782.03,0.0,41.0,5e-05,0.25917533,9.960987,0.001483154366724193,1.0,9.894017,120320,-2.3841858e-07,128.0,0.0019957484,1.0733701,17584.725086166734,3766580,154409055,0,4000.0,4011.1175734163385,120320,138756,4931584,550521.4832136731,17584.351070453733,17584.054172478816,0.21731482719332287,0.00047527746401817395,7.748910358091322e-05,5.050397187475884e-05,8.623618850002728e-05,0.00013442218007694937,5.03997380706395e-06,9.282989027935902e-05,6.977818410117306e-06,5.31312493708812e-06,2.1339657054965185e-05,4.9955734597606654e-05,0.0005649407315676648,0.03053905088151944,3.198339361053809e-05,0.004701747312328261,9.759214242030247e-06,0.0001810695233995275,0.0883022962823798,0.09227395639310221
1,168000.0,False,42,83a1d_00000,2025-12-15_10-05-22,1765773322,13.49936032295227,380.65364813804626,6792,LAPTOP-HQRQ0VAR,127.0.0.1,380.65364813804626,42,8.679498028213365,1.5075677912841387e-05,8.678690227076144,1.652436710982873,7.018835714191318,0.005319058690627103,17837.47460047967,0.0002543749999404099,27710.946513011324,4.757671684000011,2283,1.5766269450860095,153.0,1.0,0.00018957015788700275,41.0,4000.0,2283,23267.14654791147,768.050770134316,168000.0,768.050770134316,2283.0,0.000409233346872226,199.995054221398,4,0,0,58.709999999999994,89.44500000000001,0.0014147422526611002,0.0005652336230745455,168000.0,4000.0,23267.14654791147,4000.0,23267.14654791147,168000.0,138756,-0.13494751,5051776,316882.8,0.0,42.0,5e-05,0.30490968,9.739284,0.0007415771833620965,1.0,9.874228,120192,-2.3841858e-07,128.0,0.0022648654,0.6332742,17435.95699619349,3760695,158169750,0,4000.0,4011.0563976821754,120192,138756,5051776,545842.6467622668,17435.549610420763,17435.208015105298,0.2189936019213871,0.0005427695414614054,8.950897069209902e-05,5.701959778330104e-05,9.793933524890225e-05,0.00015406292686900787,5.840982687317431e-06,0.00011087544294090951,8.11607206515681e-06,6.17447380517512e-06,2.459138528182029e-05,5.76492478783265e-05,0.0005620073242510427,0.030496166372703366,3.225555967566654e-05,0.004722442839203527,9.789622101105765e-06,0.00018156782816231736,0.08939361531955917,0.09288508082916937
1,172000.0,False,43,83a1d_00000,2025-12-15_10-05-36,1765773336,14.64656686782837,395.30021500587463,6792,LAPTOP-HQRQ0VAR,127.0.0.1,395.30021500587463,43,8.73902531593123,1.5069921132778449e-05,8.738217544805382,1.6653087168730438,7.0654994670494045,0.005311916103720078,17837.47460047967,0.0002543749999404099,27581.32945092782,4.992688951000014,2283,1.5889033163851494,155.0,2.0,0.00018851377686510216,42.0,4000.0,2283,23368.37488433554,672.6082868735051,172000.0,672.6082868735051,2283.0,0.0003965195660354715,194.18449209132274,4,0,0,62.81904761904762,88.0904761904762,0.0013872464227714688,0.0005519689990353502,172000.0,4000.0,23368.37488433554,4000.0,23368.37488433554,172000.0,138756,0.0958614,5171968,344460.03,0.0,43.0,5e-05,0.3453593,10.095862,0.0003707885916810483,1.0,10.0,120192,-3.5762787e-07,128.0,0.0017621043,0.92754465,17121.377254387706,3761634,161931384,0,4000.0,4011.005833705354,120192,138756,5171968,535984.522853443,17120.99610120233,17120.56582720858,0.22091234190217396,0.0005375367335444008,8.687882264722465e-05,5.665179081890204e-05,9.73383383471497e-05,0.00015387356515749254,5.745524095099141e-06,0.00010541178427448323,7.917332356312248e-06,6.07691551469633e-06,2.4316901494938265e-05,5.853039571390213e-05,0.00055962625100638,0.030566678708973997,3.2283004079163076e-05,0.004744110410810815,9.81072588127219e-06,0.00018203714988117788,0.0904827861663645,0.09362257102087777
1,176000.0,False,44,83a1d_00000,2025-12-15_10-05-51,1765773351,14.71235203742981,410.01256704330444,6792,LAPTOP-HQRQ0VAR,127.0.0.1,410.01256704330444,44,8.798598384771918,1.516822192116306e-05,8.797786683357327,1.6803337327043126,7.110043288378913,0.005311234942680769,17837.47460047967,0.0002543749999404099,27581.32945092782,5.25349924400004,2283,1.603522493221298,157.0,2.0,0.000172122577317513,43.0,4000.0,2283,23315.22644240437,719.8190758698856,176000.0,719.8190758698856,2283.0,0.0003660400882045016,188.50596108177064,4,0,0,63.18999999999998,90.57000000000001,0.001282323977176313,0.0004999755158261654,176000.0,4000.0,23315.22644240437,4000.0,23315.22644240437,176000.0,138756,-0.017160993,5292160,151069.84,0.0,44.0,5e-05,0.38412377,9.98284,0.00018539429584052414,1.0,10.0,120192,-1.1920929e-07,128.0,0.0015603008,0.1850391,16706.416677199886,3761634,165693018,0,4000.0,4010.9557753683002,120192,138756,5292160,523010.84427604673,16706.174063866536,16705.899935598274,0.2236983874831511,0.0004981855267220735,8.081637579478138e-05,5.083060020245395e-05,8.978371950063479e-05,0.00014147123300117036,5.172980682339627e-06,9.881332199532657e-05,7.387840901622312e-06,5.608596278232142e-06,2.2016541619531042e-05,5.302430237418891e-05,0.0005568159884963308,0.030495978921880943,3.242317403958991e-05,0.004749267306704743,9.933618622697305e-06,0.00018154677838241878,0.09110332530470014,0.09585549031067066
1,180000.0,False,45,83a1d_00000,2025-12-15_10-06-07,1765773367,16.131710052490234,426.1442770957947,6792,LAPTOP-HQRQ0VAR,127.0.0.1,426.1442770957947,45,8.871766428924195,1.5201539700915917e-05,8.870953258523752,1.6954276003772697,7.1681237214951254,0.005300793593255026,17837.47460047967,0.0002543749999404099,28982.95912143171,5.462526967000035,2283,1.6182944285390857,159.0,2.0,0.00018907014722807674,44.0,4000.0,2283,23721.060116617442,565.3884428808582,180000.0,565.3884428808582,2283.0,0.00040726167820156795,182.98951296312177,4,0,0,73.38695652173914,91.58260869565216,0.0014250970036514376,0.0005603940243659344,180000.0,4000.0,23721.060116617442,4000.0,23721.060116617442,180000.0,138756,-0.011544614,5412352,435769.47,0.0,45.0,5e-05,0.39613622,9.921817,9.269714792026207e-05,1.0,9.933361,120192,-1.1920929e-07,128.0,0.00018127759,0.31655645,16346.139698349027,3761634,169454652,0,4000.0,4010.906217614617,120192,138756,5412352,511746.6486472281,16345.98900846149,16345.884667593575,0.22466809860831854,0.0005384650885730978,9.326665170172111e-05,5.651693718127147e-05,0.00010515647109504011,0.00015993945136178925,5.798894619611643e-06,0.00010414098069401806,8.056794038514704e-06,6.612968020606334e-06,2.4414005939729923e-05,5.9213602193524223e-05,0.0005562128286141798,0.030475724132665805,3.2442942299234984e-05,0.0048072926336379974,9.948282435955136e-06,0.0001828513105998123,0.09177863305165058,0.09611003740756548
1,184000.0,False,46,83a1d_00000,2025-12-15_10-06-22,1765773382,14.959562301635742,441.1038393974304,6792,LAPTOP-HQRQ0VAR,127.0.0.1,441.1038393974304,46,8.932559703634956,1.5269524305625048e-05,8.931744103938511,1.712550191373496,7.211795944280171,0.005297813657323042,14592.464359240388,0.0002543749999404099,28982.95912143171,5.573843459000018,2283,1.635201149003694,160.0,1.0,0.00019280928142604762,45.0,4000.0,2283,23440.539219094288,820.8652164929607,184000.0,820.8652164929607,2283.0,0.0004067494130547664,177.5878621515355,4,0,0,67.98181818181818,84.63636363636364,0.0014652656430114148,0.0005817496689529665,184000.0,4000.0,23440.539219094288,4000.0,23440.539219094288,184000.0,138756,0.040494885,5532544,130179.34,0.0,46.0,5e-05,0.3422584,10.020374,4.6348573960131034e-05,1.0,9.979879,120192,0.0,128.0,0.003523258,1.1174421,16032.529640739256,3760695,173215347,0,4000.0,4010.847155438471,120192,138756,5532544,501926.8259624848,16032.483432354722,16032.461396509609,0.22559717562223294,0.0005548058115459377,9.181376548540905e-05,5.948604300404531e-05,0.0001033813161750728,0.00016279962457205915,6.161007241828607e-06,0.00010660081154648,8.237323739626945e-06,6.720406779961863e-06,2.5598854504342554e-05,6.130750924832558e-05,0.000554003700329918,0.030423233891339902,3.251051287343394e-05,0.004820053707297866,9.973799612985292e-06,0.00018257679748966333,0.09249482572113243,0.09636565903349358
1,188000.0,False,47,83a1d_00000,2025-12-15_10-06-36,1765773396,13.898513555526733,455.00235295295715,6792,LAPTOP-HQRQ0VAR,127.0.0.1,455.00235295295715,47,8.982066593598606,1.5311829064918642e-05,8.981248649899127,1.726766698459761,7.247091123837369,0.005291866520748962,14592.464359240388,0.0002543749999404099,28982.95912143171,5.82347425599999,2283,1.6490549732636561,162.0,2.0,0.00016075161462306644,46.0,4000.0,2283,23651.235477480783,794.4058850148391,188000.0,794.4058850148391,2283.0,0.00034290978417176536,172.39030347726967,4,0,0,59.839999999999996,83.695,0.0012133621068373367,0.0004820696204396942,188000.0,4000.0,23651.235477480783,4000.0,23651.235477480783,188000.0,138756,-0.06862283,5652736,314938.66,0.0,47.0,5e-05,0.27668378,9.854549,4.6348573960131034e-05,1.0,9.923172,120192,0.0,128.0,0.0050846306,0.3719003,15864.943668342363,3761634,176976981,0,4000.0,4010.798683884086,120192,138756,5652736,496678.03968093375,15864.841427104417,15864.854004370416,0.22607432786601184,0.00046437359314398176,7.753795427238781e-05,4.994681795200404e-05,8.595755192856763e-05,0.00013421987310929727,5.019928945331206e-06,9.24735711516875e-05,6.821794679250422e-06,5.36480650571561e-06,2.1656207690729256e-05,5.056165501282708e-05,0.0005507376633251978,0.0303219325524254,3.250940774251734e-05,0.004839468170223,9.975061617396248e-06,0.00018237302951453692,0.09300700646392193,0.09641688744315823
1,192000.0,False,48,83a1d_00000,2025-12-15_10-06-50,1765773410,13.32099723815918,468.32335019111633,6792,LAPTOP-HQRQ0VAR,127.0.0.1,468.32335019111633,48,9.025344818662619,1.5382710774613404e-05,9.024524103400138,1.7388321384751608,7.2783045495989995,0.005285839855541771,14592.464359240388,0.0002543749999404099,28982.95912143171,6.077518722,2283,1.6603678177810184,164.0,2.0,0.0001493708228403042,47.0,4000.0,2283,23742.405701931777,730.0889353007967,192000.0,730.0889353007967,2283.0,0.00031534761342479463,167.44446143529422,4,0,0,53.63157894736842,79.06842105263158,0.0011333390523237542,0.00044577531792696875,192000.0,4000.0,23742.405701931777,4000.0,23742.405701931777,192000.0,138756,0.08359782,5772928,150796.73,0.0,48.0,5e-05,0.21895503,10.031239,2.3174286980065517e-05,1.0,9.947641,120192,0.0,128.0,0.0041760574,0.45540676,15587.310910813245,3761634,180738615,0,4000.0,4010.750697045245,120192,138756,5772928,487994.94327266666,15587.282457401687,15587.383368231896,0.22858071458735188,0.00043395052768033975,7.214685991472466e-05,4.664202468900294e-05,7.967475341357972e-05,0.00012414031333653382,4.720884285262756e-06,8.489075016563677e-05,6.367831697036289e-06,5.1027971866185766e-06,1.968331954739957e-05,4.674977538785426e-05,0.0005475502866906358,0.030220818226899628,3.269831366811454e-05,0.00484282948852334,1.0035311000818324e-05,0.00018198829922178383,0.09342520539928278,0.09860641156872593
1,196000.0,False,49,83a1d_00000,2025-12-15_10-07-03,1765773423,13.325094938278198,481.64844512939453,6792,LAPTOP-HQRQ0VAR,127.0.0.1,481.64844512939453,49,9.068218920475992,1.5390883668049877e-05,9.067397899366139,1.751007131090411,7.309022651103011,0.005268024456988941,14592.464359240388,0.0002543749999404099,30041.130274125928,6.152430930999967,2283,1.672438343103209,165.0,1.0,0.00015598846102386193,48.0,4000.0,2283,23990.205030301575,804.7358072475652,196000.0,804.7358072475652,2283.0,0.00032660831072270894,162.75209017128418,4,0,0,54.24736842105262,79.00526315789473,0.0011694248564231946,0.00045895496088011877,196000.0,4000.0,23990.205030301575,4000.0,23990.205030301575,196000.0,138756,-0.032954097,5893120,337417.28,0.0,49.0,5e-05,0.16818902,9.904538,1.1587143490032759e-05,1.0,9.937493,120192,0.0,128.0,0.0032511854,0.41013798,15412.311264861015,3760695,184499310,0,4000.0,4010.6931900747927,120192,138756,5893120,482512.3504722281,15412.34975883659,15412.457368629628,0.22951298844147835,0.0004466211252062579,7.485049075488233e-05,4.7767379012431654e-05,8.109168888774105e-05,0.00012881961375836833,4.941644126712008e-06,8.722167919004929e-05,6.538522598933669e-06,5.118672380811609e-06,2.0252127663375943e-05,4.728598938497154e-05,0.0005450367838223903,0.03017912704462761,3.266433052967046e-05,0.004854759193634192,1.005095789188151e-05,0.00018157041622761792,0.09399101334528843,0.09900618945303835
1,200000.0,True,50,83a1d_00000,2025-12-15_10-07-17,1765773437,13.572206974029541,495.2206521034241,6792,LAPTOP-HQRQ0VAR,127.0.0.1,495.2206521034241,50,9.113121231271233,1.541897483022775e-05,9.112298625372476,1.7623494697795064,7.342591504591985,0.0052561802124219065,14592.464359240388,0.0002543749999404099,30041.130274125928,6.293614339000005,2283,1.6836559511721776,168.0,3.0,0.00015868750790491693,49.0,4000.0,2283,24342.32932622544,595.834127221123,200000.0,595.834127221123,2283.0,0.0003423129286938646,158.30823173744233,4,0,0,54.96315789473684,78.7421052631579,0.001204648004030646,0.00046512041777915184,200000.0,4000.0,24342.32932622544,4000.0,24342.32932622544,200000.0,138756,0.16406247,6013440,218752.5,0.0,50.0,5e-05,0.2026017,10.1640625,5.793571745016379e-06,1.0,10.0,120320,0.0,128.0,0.0015302484,0.25399593,15205.150957342134,3766580,188265890,0,4000.0,4010.656258174045,120320,138756,6013440,476028.556852443,15205.251344652575,15205.37557596958,0.23006423355706274,0.00046669204712382096,7.5017974724568e-05,4.907220853800216e-05,8.329949967564418e-05,0.00013344960533278835,4.93768269357855e-06,9.002862332902308e-05,7.34783761722381e-06,5.161434263134079e-06,2.0778107013987552e-05,4.852350337760891e-05,0.0005421604159842614,0.030088216774184037,3.2649687226314516e-05,0.004866593601699332,1.0062448310860934e-05,0.0001813417120669056,0.09431549921183695,0.09931600855850789
