num_training_step_calls_per_iteration,num_env_steps_sampled_lifetime,done,training_iteration,trial_id,date,timestamp,time_this_iter_s,time_total_s,pid,hostname,node_ip,time_since_restore,iterations_since_restore,timers/training_iteration,timers/restore_env_runners,timers/training_step,timers/env_runner_sampling_timer,timers/learner_update_timer,timers/synch_weights,env_runners/num_episodes_lifetime,env_runners/env_reset_timer,env_runners/env_to_module_sum_episodes_length_out,env_runners/episode_len_max,env_runners/num_env_steps_sampled,env_runners/episode_return_min,env_runners/episode_return_max,env_runners/episode_len_min,env_runners/weights_seq_no,env_runners/env_step_timer,env_runners/rlmodule_inference_timer,env_runners/episode_len_mean,env_runners/num_env_steps_sampled_lifetime,env_runners/episode_duration_sec_mean,env_runners/sample,env_runners/episode_return_mean,env_runners/num_episodes,env_runners/env_to_module_sum_episodes_length_in,env_runners/num_env_steps_sampled_lifetime_throughput,fault_tolerance/num_healthy_workers,fault_tolerance/num_remote_worker_restarts,env_runner_group/actor_manager_num_outstanding_async_reqs,perf/cpu_util_percent,perf/ram_util_percent,env_runners/env_to_module_connector/connector_pipeline_timer,env_runners/module_episode_return_mean/default_policy,env_runners/module_to_env_connector/connector_pipeline_timer,env_runners/num_agent_steps_sampled_lifetime/default_agent,env_runners/num_module_steps_sampled_lifetime/default_policy,env_runners/agent_episode_return_mean/default_agent,env_runners/num_module_steps_sampled/default_policy,env_runners/num_agent_steps_sampled/default_agent,learners/default_policy/curr_kl_coeff,learners/default_policy/num_module_steps_trained_lifetime,learners/default_policy/weights_seq_no,learners/default_policy/num_trainable_parameters,learners/default_policy/total_loss,learners/default_policy/module_train_batch_size_mean,learners/default_policy/vf_loss,learners/default_policy/vf_explained_var,learners/default_policy/curr_entropy_coeff,learners/default_policy/default_optimizer_learning_rate,learners/default_policy/entropy,learners/default_policy/gradients_default_optimizer_global_norm,learners/default_policy/policy_loss,learners/default_policy/num_module_steps_trained,learners/default_policy/vf_loss_unclipped,learners/default_policy/mean_kl_loss,learners/default_policy/diff_num_grad_updates_vs_sampler_policy,learners/default_policy/num_module_steps_trained_lifetime_throughput,learners/__all_modules__/learner_connector_sum_episodes_length_in,learners/__all_modules__/num_module_steps_trained,learners/__all_modules__/num_module_steps_trained_lifetime,learners/__all_modules__/num_trainable_parameters,learners/__all_modules__/learner_connector_sum_episodes_length_out,learners/__all_modules__/num_env_steps_trained,learners/__all_modules__/num_non_trainable_parameters,learners/__all_modules__/num_env_steps_trained_lifetime,learners/__all_modules__/num_env_steps_trained_lifetime_throughput,learners/__all_modules__/num_module_steps_trained_throughput,learners/__all_modules__/num_module_steps_trained_lifetime_throughput,learners/__all_modules__/learner_connector/connector_pipeline_timer,env_runners/env_to_module_connector/timers/connectors/add_states_from_episodes_to_batch,env_runners/env_to_module_connector/timers/connectors/numpy_to_tensor,env_runners/env_to_module_connector/timers/connectors/batch_individual_items,env_runners/env_to_module_connector/timers/connectors/add_time_dim_to_batch_and_zero_pad,env_runners/env_to_module_connector/timers/connectors/add_observations_from_episodes_to_batch,env_runners/module_to_env_connector/timers/connectors/tensor_to_numpy,env_runners/module_to_env_connector/timers/connectors/remove_single_ts_time_rank_from_batch,env_runners/module_to_env_connector/timers/connectors/normalize_and_clip_actions,env_runners/module_to_env_connector/timers/connectors/get_actions,env_runners/module_to_env_connector/timers/connectors/un_batch_to_individual_items,env_runners/module_to_env_connector/timers/connectors/listify_data_for_vector_env,learners/__all_modules__/learner_connector/timers/connectors/batch_individual_items,learners/__all_modules__/learner_connector/timers/connectors/add_columns_from_episodes_to_train_batch,learners/__all_modules__/learner_connector/timers/connectors/general_advantage_estimation,learners/__all_modules__/learner_connector/timers/connectors/add_time_dim_to_batch_and_zero_pad,learners/__all_modules__/learner_connector/timers/connectors/add_observations_from_episodes_to_batch,learners/__all_modules__/learner_connector/timers/connectors/numpy_to_tensor,learners/__all_modules__/learner_connector/timers/connectors/add_states_from_episodes_to_batch,learners/__all_modules__/learner_connector/timers/connectors/add_one_ts_to_episodes_and_truncate
1,4000,False,1,7092e_00000,2025-12-06_12-17-54,1765003674,13.005155801773071,13.005155801773071,3584,LAPTOP-HQRQ0VAR,127.0.0.1,13.005155801773071,1,13.001224299999876,1.650000012887176e-05,13.000931199999968,5.682434999999941,7.315914600000042,0.0021025000000918226,1,0.0004089999999905558,1623.0000687360564,2278,4000,10837.638481140108,10837.638481140108,2278,0.0,0.00015362495447885695,0.00014793542556887617,2278.0,4000,3.189905399999816,5.613224199999877,10837.638481140108,1,1623.0000687360564,705.1621376658744,1,0,0,51.42631578947368,86.60000000000002,0.0002173955382562046,10837.638481140108,0.0005668027425451591,4000,4000,10837.638481140108,4000,4000,0.20000000298023224,120064,1.0,138244,10.043723,128.0,10.0,-0.0005748272,0.0,5e-05,1.0816702,2.6430092,0.042048108,120064,397028.75,0.008371161,1.0,19096.635694678444,4000,120064,120064,138244,4002,3753876,0,3753876,597380.9504387006,19099.915440500004,19102.139143711138,0.2836988999999903,2.4840432565551946e-06,4.243262408876276e-05,2.2256205187285428e-05,3.3832814963943075e-06,9.603942835720657e-06,6.395898630765912e-05,2.441430347932975e-06,3.5564886200623586e-05,0.00021521405270578958,2.3158453102619858e-05,4.042900461863617e-05,0.0874269999999342,0.11349150000000918,0.06647470000007161,3.940000010516087e-05,6.660000008196221e-05,0.010528000000022075,1.4299999975264654e-05,0.004985799999985829
1,8000,False,2,7092e_00000,2025-12-06_12-18-07,1765003687,12.998703956604004,26.003859758377075,3584,LAPTOP-HQRQ0VAR,127.0.0.1,26.003859758377075,2,13.001077303999875,1.6481000129715537e-05,13.000780675999968,5.684151734999941,7.314020026000042,0.002126640000092266,3,0.0004089999999905558,1067.0183660778348,2278,4000,5510.878486633279,10837.638481140108,2278,1.0,0.00016103647730764115,0.00015867013798721185,2278.0,8000,3.132163700000016,5.615098111999878,8412.095677693662,2,1067.0183660778348,704.1516093478291,1,0,0,53.968421052631584,86.8842105263158,0.0002315771488317629,8412.095677693662,0.0006043582418129868,8000,8000,8412.095677693662,4000,4000,0.20000000298023224,240256,2.0,138244,9.909498,128.0,10.0,-0.0006586313,0.0,5e-05,1.0485885,2.7898633,-0.09388289,120192,462033.56,0.016905556,1.0,19045.178941848983,4000.0,120192,240256,138244,4002.01,3758817,0,7512693,595768.2482905826,19048.431424350263,19050.567954548536,0.28313163799999075,2.5707343952168427e-06,4.640623408344679e-05,2.4547115948751797e-05,3.857322991263254e-06,9.609100097345718e-06,6.958860982659242e-05,2.325433296543618e-06,3.935383341936496e-05,0.00022497272421343416,2.760321235014721e-05,4.351545535476533e-05,0.08739056399993615,0.11338183700000853,0.06617835600007084,3.933300010430685e-05,6.649400008200246e-05,0.01042623400002185,1.4264999974784588e-05,0.0049633749999861716
1,12000,False,3,7092e_00000,2025-12-06_12-18-19,1765003699,12.771318674087524,38.7751784324646,3584,LAPTOP-HQRQ0VAR,127.0.0.1,38.7751784324646,3,12.998740636959875,1.6510190129974942e-05,12.998441791239967,5.683669661649941,7.312162582740044,0.002126218600092716,5,0.0004089999999905558,515.9073634538672,2278,4000,5510.878486633279,17085.951728820764,2278,2.0,0.00015260122344912518,0.00014645127020542577,2278.0,12000,3.1461080800000216,5.61491477287988,10476.774427795392,2,515.9073634538672,702.2546036154009,1,0,0,55.42777777777778,86.93333333333334,0.00022004653764040553,10476.774427795392,0.0005756102158901482,12000,12000,10476.774427795392,4000,4000,0.20000000298023224,360448,3.0,138244,10.109427,128.0,10.0,0.00012046099,0.0,5e-05,1.0373,1.7736835,0.107556075,120192,653740.3,0.0093610035,1.0,18992.644509213897,4000.0,120192,360448,138244,4002.0199000000002,3758817,0,11271510,594126.443875963,18995.80424377347,18997.905227899235,0.28221436161999236,2.4311334661999938e-06,4.3616617452286895e-05,2.336317251036543e-05,3.5324191169113314e-06,9.360923763588205e-06,6.362628240453668e-05,2.3158437444994684e-06,3.843266721541262e-05,0.00021683238646010632,2.3613247279705585e-05,4.0962927539246674e-05,0.08730826335993622,0.11320155563000878,0.06562757444006886,3.945467010253196e-05,6.669006008207816e-05,0.010323905660021069,1.4248349974945996e-05,0.004963521249985683
1,16000,False,4,7092e_00000,2025-12-06_12-18-32,1765003712,12.750484943389893,51.52566337585449,3584,LAPTOP-HQRQ0VAR,127.0.0.1,51.52566337585449,4,12.996227325590276,1.6496088227952894e-05,12.995926840327568,5.683154703033441,7.3101634829126425,0.002125425414090473,7,0.0004089999999905558,1266.2334753058112,2278,4000,4767.93360900882,17085.951728820764,2278,3.0,0.0001606464914553837,0.0001559513317743943,2278.0,16000,3.1463206571428537,5.6146731271510815,8988.082975115078,2,1266.2334753058112,699.5633893927801,1,0,0,54.23888888888889,87.03333333333333,0.0002345988820718698,8988.082975115078,0.0006017978664023712,16000,16000,8988.082975115078,4000,4000,0.20000000298023224,480640,4.0,138244,9.860608,128.0,9.921983,-0.00039613247,0.0,5e-05,1.0157875,4.1247816,-0.0635052,120192,445791.75,0.010653353,1.0,18965.71975556695,4000.0,120192,480640,138244,4002.0297010000004,3758817,0,15030327,593286.9074373316,18968.8188132342,18970.892977215986,0.2814160190037927,2.8024749345332413e-06,4.475686117186434e-05,2.4034631330188547e-05,3.6949060187604103e-06,9.578024789639248e-06,6.642525201271773e-05,2.4298071339875345e-06,3.94876535770527e-05,0.00022682637332465896,2.5286646881204854e-05,4.1672617643877114e-05,0.08720537772633623,0.11311299007370836,0.06513527469566936,3.940812340244701e-05,6.67631594816628e-05,0.010222395603419109,1.4223866475580736e-05,0.004952476037485029
1,20000,False,5,7092e_00000,2025-12-06_12-18-46,1765003726,13.854259252548218,65.37992262840271,3584,LAPTOP-HQRQ0VAR,127.0.0.1,65.37992262840271,5,13.004766472334374,1.6546127345698975e-05,13.004463133924293,5.6811238300031075,7.320723229083516,0.0021297271599500745,8,0.0004089999999905558,1677.0000390005562,2278,4000,4767.93360900882,17085.951728820764,2278,4.0,0.00016058806240426058,0.00014895289164076466,2278.0,20000,3.136653525000014,5.612870844879571,8548.331325530991,1,1677.0000390005562,696.1725316908646,1,0,0,57.209999999999994,87.12000000000002,0.00023978516771633367,8548.331325530991,0.000605104956963965,20000,20000,8548.331325530991,4000,4000,0.20000000298023224,600704,5.0,138244,9.987464,128.0,9.853581,-0.00046908855,0.0,5e-05,1.0241733,4.503884,0.13226795,120064,207963.95,0.008071587,1.0,18787.89366244517,4000.0,120064,600704,138244,4002.0294039900004,3753876,0,18784203,587685.6399099445,18790.610370319937,18792.386230593725,0.28249628081375555,2.6396972891420243e-06,4.487354188656646e-05,2.477294609048375e-05,3.722594650328657e-06,1.0854621642873541e-05,6.621670308946769e-05,2.588259889097512e-06,3.832986922524668e-05,0.00022614071644776757,2.5313374366926317e-05,4.392543704141323e-05,0.08897907094907198,0.11293354617296979,0.06473913894871393,3.930804216972663e-05,6.665152788680665e-05,0.010124766647385253,1.4161627810622947e-05,0.004934602277109507
1,24000,False,6,7092e_00000,2025-12-06_12-19-00,1765003740,13.17034363746643,78.55026626586914,3584,LAPTOP-HQRQ0VAR,127.0.0.1,78.55026626586914,6,13.006387599611031,1.661266607211099e-05,13.006081912585051,5.685233719703077,7.318225539792678,0.0021342728883491048,10,0.0004089999999905558,1121.0106737475962,2278,4000,4767.93360900882,17085.951728820764,2278,5.0,0.0001717739958013311,0.00016369513562712644,2278.0,24000,3.1591386100000136,5.617268064430775,9012.073022460921,2,1121.0106737475962,692.0582355153276,1,0,0,57.642105263157895,86.4421052631579,0.00024749090214328315,9012.073022460921,0.0006381300162645797,24000,24000,9012.073022460921,4000,4000,0.20000000298023224,720896,6.0,138244,9.900568,128.0,10.0,-0.0011696815,0.0,5e-05,1.0017846,5.0268035,-0.101663955,120192,1186639.5,0.011158828,1.0,18741.99877280067,4000.0,120192,720896,138244,4002.0391099501007,3758817,0,22543020,586237.6160141522,18744.523958688318,18746.160004960675,0.28156296400561714,2.77486492836028e-06,4.783915770839579e-05,2.5436813754395575e-05,4.005617876077969e-06,1.0147800498750675e-05,7.07902527183894e-05,2.613849271930259e-06,4.0928619307185936e-05,0.00024007586962923778,2.7465738639163236e-05,4.4616633281956e-05,0.08880296023958019,0.11277853271123965,0.0642571975592263,3.9217961747378054e-05,6.660201260854085e-05,0.010025526980912698,1.4123011532370353e-05,0.004916082254340391
1,28000,False,7,7092e_00000,2025-12-06_12-19-12,1765003752,12.536102294921875,91.08636856079102,3584,LAPTOP-HQRQ0VAR,127.0.0.1,91.08636856079102,7,13.001634014614918,1.658853941034924e-05,13.001327313459202,5.6831684675060465,7.315531527394751,0.002138478159466595,12,0.0004089999999905558,567.8519948212504,2278,4000,1933.944580078125,17085.951728820764,2278,6.0,0.00016109097149038552,0.00015331984081348496,2278.0,28000,3.155820333333338,5.615488416786468,8945.358927408843,2,567.8519948212504,687.4056087775414,1,0,0,54.71666666666667,85.47222222222223,0.0002276389444513398,8945.358927408843,0.0005994895002085027,28000,28000,8945.358927408843,4000,4000,0.20000000298023224,841088,7.0,138244,9.702977,128.0,9.925222,-0.0005362034,0.0,5e-05,0.9940623,6.9935737,-0.22439474,120192,948968.5,0.010744038,1.0,18650.677745641868,4000.0,120192,841088,138244,4002.0487188506,3758817,0,26301837,583386.2685094436,18653.168502912362,18654.82415278292,0.2805569053655621,2.6079390420319027e-06,4.430118640143216e-05,2.3591528371735465e-05,3.6032632464540263e-06,9.570142113416792e-06,6.69957035970063e-05,2.3598245573808792e-06,3.86286504792263e-05,0.00022600242640556436,2.520919618782505e-05,4.242637849279964e-05,0.08859408763718397,0.11260201438412762,0.06374185358363296,3.908578212924784e-05,6.66939924812238e-05,0.009926955711102503,1.406878141557644e-05,0.00491192143179706
1,32000,False,8,7092e_00000,2025-12-06_12-19-25,1765003765,12.716020822525024,103.80238938331604,3584,LAPTOP-HQRQ0VAR,127.0.0.1,103.80238938331604,8,12.998759743468769,1.6610654015316345e-05,12.99845184232461,5.682100469830985,7.313724421120804,0.002137416377873028,14,0.0004089999999905558,771.0448569130664,2278,4000,1933.944580078125,17085.951728820764,2278,7.0,0.0001563727696290307,0.00015232249925350842,2278.0,32000,3.1488449285714393,5.614719347618602,8923.24089922223,2,771.0448569130664,682.2735555013701,1,0,0,54.873684210526314,85.70526315789473,0.0002236030273643491,8923.24089922223,0.0005787548676177798,32000,32000,8923.24089922223,4000,4000,0.20000000298023224,961280,8.0,138244,9.826948,128.0,9.844667,-0.0030304193,0.0,5e-05,1.0074146,3.430821,-0.019396931,120192,421747.88,0.008393588,1.0,18598.595739139844,4000.0,120192,961280,138244,4002.058231662094,3758817,0,30060654,581770.8571160475,18601.132064312234,18602.85165871629,0.2799677863119073,2.486400172273004e-06,4.323818326529315e-05,2.3157273455027304e-05,3.5387372816950436e-06,9.793078299742254e-06,6.345133067013518e-05,2.3398475015752674e-06,3.707767142667546e-05,0.0002205694330804415,2.3809758487510794e-05,4.0263473964338036e-05,0.08858711076081305,0.11258010424028747,0.0632638280477979,3.907292430768313e-05,6.741405255620664e-05,0.00983201015399284,1.4030093602754767e-05,0.004924131217479204
1,36000,False,9,7092e_00000,2025-12-06_12-19-38,1765003778,12.840807676315308,116.64319705963135,3584,LAPTOP-HQRQ0VAR,127.0.0.1,116.64319705963135,9,12.997130132034082,1.6563547476340667e-05,12.996820540901362,5.682212051132676,7.311979456909596,0.0021387632140922983,15,0.0004089999999905558,1731.0000221157213,2278,4000,1933.944580078125,17085.951728820764,2278,8.0,0.00015138827487446254,0.00014469956967114953,2278.0,36000,3.145884960000012,5.615173683142416,8672.179630025215,1,1731.0000221157213,676.7086419756931,1,0,0,53.916666666666664,85.8,0.0002154765742857273,8672.179630025215,0.000565110191618455,36000,36000,8672.179630025215,4000,4000,0.20000000298023224,1081344,9.0,138244,9.876589,128.0,9.922712,-0.0007901192,0.0,5e-05,0.9735538,8.47318,-0.048292752,120064,263348.62,0.01084366,1.0,18586.30147805244,4000.0,120064,1081344,138244,4002.057649345473,3753876,0,33814530,581361.3793804985,18588.651111089333,18590.2399991171,0.2796245364487886,2.426169432936933e-06,4.166674593983077e-05,2.2163139928295453e-05,3.838443580352533e-06,8.961650172511462e-06,6.218454789845997e-05,2.228933170340176e-06,3.5938238807323804e-05,0.0002147070899732875,2.35272516202785e-05,3.967765908935228e-05,0.08869401965320405,0.11261745319788445,0.06289100076731846,3.9025195063853985e-05,6.737691203119635e-05,0.009735702052452834,1.3990792667268027e-05,0.004907174905304186
1,40000,False,10,7092e_00000,2025-12-06_12-19-51,1765003791,12.567824840545654,129.211021900177,3584,LAPTOP-HQRQ0VAR,127.0.0.1,129.211021900177,10,12.992782245713741,1.653191200101157e-05,12.992470861492347,5.681050916621349,7.308786350340498,0.0021410215819510194,17,0.0004089999999905558,1175.006203223615,2278,4000,1933.944580078125,17085.951728820764,2278,9.0,0.00015762958431094206,0.00014822791520469232,2278.0,40000,3.141504611764704,5.614294774310991,8808.865860434127,2,1175.006203223615,670.7754104839785,1,0,0,53.27777777777778,85.8,0.00022181449535279467,8808.865860434127,0.0005789933424975932,40000,40000,8808.865860434127,4000,4000,0.20000000298023224,1201536,10.0,138244,9.939103,128.0,10.0,-0.003720045,0.0,5e-05,0.9386462,6.592887,-0.06463215,120192,731856.3,0.018675076,1.0,18562.01797070593,4000.0,120192,1201536,138244,4002.067072852018,3758817,0,37573347,580595.7134249497,18564.209876133875,18565.6878378273,0.2786806640842999,2.431191143416916e-06,4.3772737079610136e-05,2.3141371669540563e-05,3.92858374639796e-06,9.233211925322202e-06,6.34421308451219e-05,2.363055245738597e-06,3.82750721543161e-05,0.0002175953194048572,2.4104646383368835e-05,4.095352583978462e-05,0.08855491845667257,0.11237957966590556,0.06243146975964658,3.890794311377674e-05,6.744214291277025e-05,0.009640445031927552,1.3928884741080538e-05,0.004897095156253198
1,44000,False,11,7092e_00000,2025-12-06_12-20-03,1765003803,12.736371278762817,141.94739317893982,3584,LAPTOP-HQRQ0VAR,127.0.0.1,141.94739317893982,11,12.990162877256603,1.648759287921803e-05,12.989849546877423,5.680216280455135,7.3069958698370945,0.002143320366131108,19,0.0004089999999905558,620.6574836033444,2278,4000,1933.944580078125,17085.951728820764,2278,10.0,0.00015223007371931272,0.00014512163875515677,2278.0,44000,3.138997221052633,5.613761239567881,9150.451799894625,2,620.6574836033444,664.5307274523574,1,0,0,53.92777777777778,85.8,0.00022304357775897898,9150.451799894625,0.0005687560392811295,44000,44000,9150.451799894625,4000,4000,0.20000000298023224,1321728,11.0,138244,10.021346,128.0,9.921953,-0.0018905401,0.0,5e-05,0.93654084,7.0871205,0.09657215,120192,793203.75,0.014098169,1.0,18512.116723267838,4000.0,120192,1321728,138244,4002.076402123498,3758817,0,41332164,579033.8186315262,18514.23616222369,18515.65542925416,0.27806040744345634,2.4877042610757697e-06,4.27227545073488e-05,2.3806473005039473e-05,3.459161784432923e-06,9.239976731441799e-06,6.301517738466779e-05,2.225351108549163e-06,3.629949082595355e-05,0.00021552555831630125,2.4203777534636518e-05,3.985894394138976e-05,0.08853127927210684,0.11225991986924788,0.06206827206205012,3.879586368409966e-05,6.738472148424482e-05,0.009546867581608982,1.3872595893573863e-05,0.004878441204691317
1,48000,False,12,7092e_00000,2025-12-06_12-20-16,1765003816,12.567144870758057,154.51453804969788,3584,LAPTOP-HQRQ0VAR,127.0.0.1,154.51453804969788,12,12.985872994484035,1.644071695081005e-05,12.985558450408648,5.679324649650584,7.303597200138724,0.002142442162468491,21,0.0004089999999905558,505.8748768881307,2278,4000,1933.944580078125,17339.9886474609,2278,11.0,0.00015049307470671932,0.0001492297027629884,2278.0,48000,3.12891953333333,5.613142071172202,9878.545567103785,2,505.8748768881307,658.0132859299961,1,0,0,53.294736842105266,85.8,0.0002166415863932828,9878.545567103785,0.0005606644597269426,48000,48000,9878.545567103785,4000,4000,0.20000000298023224,1441920,12.0,138244,10.0439625,128.0,9.921921,-0.0061024427,0.0,5e-05,0.91903603,7.7435474,0.12003915,120192,938492.56,0.010014619,1.0,18521.702892703746,4000.0,120192,1441920,138244,4002.085638102263,3758817,0,45090981,579339.4679024876,18523.798482430255,18525.239779485582,0.27739395936902184,2.365483692046322e-06,4.199259637342807e-05,2.310366299736551e-05,3.4165506593969026e-06,8.955151695425415e-06,6.252819422701073e-05,2.241111155967974e-06,3.611195184240806e-05,0.00021160812603325676,2.3279540218471446e-05,3.950846895810724e-05,0.08843756447938647,0.11225497967055449,0.061600232341428605,3.86859050472389e-05,6.748187426938845e-05,0.00945311690579151,1.3837869935285046e-05,0.004874674792645113
1,52000,False,13,7092e_00000,2025-12-06_12-20-29,1765003829,12.595896482467651,167.11043453216553,3584,LAPTOP-HQRQ0VAR,127.0.0.1,167.11043453216553,13,12.981930098539195,1.6376309781049473e-05,12.98161378090456,5.6773485991540795,7.301618407137337,0.0021496407408444136,22,0.0004089999999905558,1785.000012533219,2278,4000,1933.944580078125,17339.9886474609,2278,12.0,0.0001621177391343685,0.0001523474839049591,2278.0,52000,3.127023013636362,5.611439083460481,9872.724550767369,1,1785.000012533219,651.2831157488683,1,0,0,53.849999999999994,85.91111111111111,0.00022576123803378555,9872.724550767369,0.0005880194624997049,52000,52000,9872.724550767369,4000,4000,0.20000000298023224,1561984,13.0,138244,9.776654,128.0,9.852129,-0.0021486282,0.0,5e-05,0.88867754,15.694384,-0.07830489,120064,457161.0,0.01414806,1.0,18424.7904394032,4000.0,120064,1561984,138244,4002.0847817212407,3753876,0,48844857,576297.2017558208,18426.82773773374,18428.17876725396,0.27686450677532976,2.534174602991527e-06,4.441486838667553e-05,2.322589438133701e-05,3.793061764536531e-06,9.812697190942131e-06,6.469899968463117e-05,2.3111888401233667e-06,3.739024651530473e-05,0.0002267217572500526,2.4388160866050055e-05,4.106466120256e-05,0.08847022083459471,0.11220401987384805,0.06118538801801417,3.859004599796448e-05,6.747705552613986e-05,0.009360780736733168,1.3777491234143647e-05,0.00487212204472004
1,56000,False,14,7092e_00000,2025-12-06_12-20-42,1765003842,12.89840316772461,180.00883769989014,3584,LAPTOP-HQRQ0VAR,127.0.0.1,180.00883769989014,14,12.981069029553803,1.6321546683304838e-05,12.980751512095514,5.677853233162537,7.300252040065963,0.002148401333437008,24,0.0004089999999905558,1229.0036051052243,2278,4000,1933.944580078125,17339.9886474609,2278,13.0,0.0001607936080647099,0.0001532641674560261,2278.0,56000,3.130596679166672,5.6121959596258755,9879.037325223277,2,1229.0036051052243,644.3529918695184,1,0,0,54.705555555555556,86.09444444444443,0.00023060696575788754,9879.037325223277,0.0005970168977822637,56000,56000,9879.037325223277,4000,4000,0.20000000298023224,1682176,14.0,138244,9.827159,128.0,10.0,-0.009836912,0.0,5e-05,0.88622963,7.0576773,-0.17479277,120192,764258.9,0.00976165,1.0,18414.260713050255,4000.0,120192,1682176,138244,4002.0939339040283,3758817,0,52603674,575979.5815033413,18416.299162187537,18417.830563303673,0.27629449670757616,2.7080769892012836e-06,4.5020097993776904e-05,2.4350188044404076e-05,3.6406293038851406e-06,9.678291215708835e-06,6.642867498621907e-05,2.3092807703317235e-06,3.783110355693404e-05,0.00022788675967567106,2.5059559124845695e-05,4.15899053333174e-05,0.08824364162624938,0.11234284367511034,0.06080419413783602,3.852914553659586e-05,6.74832849699549e-05,0.00926905392936643,1.3738716323030189e-05,0.004864979824273932
1,60000,False,15,7092e_00000,2025-12-06_12-20-55,1765003855,12.698563814163208,192.70740151405334,3584,LAPTOP-HQRQ0VAR,127.0.0.1,192.70740151405334,15,12.978211482258265,1.6263331217911994e-05,12.97789236397456,5.675429105830913,7.299809752665302,0.0021524603201019264,26,0.0004089999999905558,673.9632738022127,2278,4000,1933.944580078125,17339.9886474609,2278,14.0,0.00014608718085541372,0.0001381766053063738,2278.0,60000,3.123267846153847,5.610086503029616,10263.132892315196,2,673.9632738022127,637.2741538071116,1,0,0,53.03333333333333,86.08888888888887,0.00021345956259592567,10263.132892315196,0.0005501225227550931,60000,60000,10263.132892315196,4000,4000,0.20000000298023224,1802368,15.0,138244,9.864795,128.0,9.843754,-0.003845811,0.0,5e-05,0.88153934,7.504838,0.018346952,120192,1202367.1,0.013474076,1.0,18409.971398600977,4000.0,120192,1802368,138244,4002.102994564988,3758817,0,56362491,575832.2704086232,18411.82505102098,18413.22153838602,0.27735317874050025,2.4295940376430927e-06,4.041092720349786e-05,2.2100477251318267e-05,3.7017266006792154e-06,8.747518215586858e-06,6.119018678502334e-05,2.133488513460975e-06,3.48168642970583e-05,0.00020723037502244884,2.3078596721672825e-05,3.804058250930109e-05,0.09009241320998704,0.11212008123835923,0.060348004196458985,3.858285408159946e-05,6.739345212048367e-05,0.00917829139007199,1.3692329159229072e-05,0.004846476026030342
1,64000,False,16,7092e_00000,2025-12-06_12-21-07,1765003867,12.477911949157715,205.18531346321106,3584,LAPTOP-HQRQ0VAR,127.0.0.1,205.18531346321106,16,12.973162431435682,1.622669790564213e-05,12.972842444334812,5.673142447772603,7.29704796513865,0.002150813716899151,28,0.0004089999999905558,374.38400410338556,2278,4000,1933.944580078125,17339.9886474609,2278,15.0,0.0001458484001971984,0.00013686155894443623,2278.0,64000,3.118009739285721,5.60808089899932,10486.405980518874,2,374.38400410338556,630.0735379707932,1,0,0,53.522222222222226,86.13333333333331,0.00020110282469516306,10486.405980518874,0.0005259987146573412,64000,64000,10486.405980518874,4000,4000,0.20000000298023224,1922560,16.0,138244,9.9878845,128.0,9.921877,-0.0043417215,0.0,5e-05,0.8984311,9.197116,0.06287094,120192,878570.56,0.015678922,1.0,18401.813267917725,4000.0,120192,1922560,138244,4002.1119646193383,3758817,0,60121308,575581.5505295417,18403.616758324544,18405.030688436484,0.2765891729530969,2.234162040179088e-06,4.044542056851662e-05,2.066212188012019e-05,3.1764234099269652e-06,8.457164360115042e-06,5.8709467726116176e-05,2.0845979506681784e-06,3.389680513961308e-05,0.00020015588317033446,2.2022931721644868e-05,3.663651642276273e-05,0.08998024907788753,0.11201838742597653,0.05989929315449507,3.854202554161773e-05,6.734151759930005e-05,0.009088250476170737,1.3662405868389813e-05,0.004837391265770658
1,68000,False,17,7092e_00000,2025-12-06_12-21-20,1765003880,12.720411777496338,217.9057252407074,3584,LAPTOP-HQRQ0VAR,127.0.0.1,217.9057252407074,17,12.970583773121326,1.6175430925964397e-05,12.970262806891464,5.672904744294876,7.294707206487264,0.0021493805797300654,29,0.0004089999999905558,1839.0000070980889,2278,4000,1933.944580078125,17339.9886474609,2278,16.0,0.00015186144717642159,0.00014245373324089632,2278.0,68000,3.1183405034482883,5.608079449009327,10680.135197080403,1,1839.0000070980889,622.7828874367011,1,0,0,53.652631578947364,86.36842105263159,0.00021529609716142454,10680.135197080403,0.0005628256724412776,68000,68000,10680.135197080403,4000,4000,0.20000000298023224,2042624,17.0,138244,9.992196,128.0,9.921885,-0.003015995,0.0,5e-05,0.9289092,6.533786,0.067687266,120064,830137.2,0.013120034,1.0,18365.779544168967,4000.0,120064,2042624,138244,4002.110844973145,3753876,0,63875184,574455.2668310518,18367.57996361431,18369.035278819785,0.27604963722356696,2.4229716723078567e-06,4.1744294646476426e-05,2.2310406638866146e-05,3.427923779309539e-06,9.101794417562539e-06,6.206158512354635e-05,2.2668214396966245e-06,3.5723716573622606e-05,0.00021355607895100906,2.3363947671524004e-05,3.957405052160537e-05,0.08998569558710856,0.11199293055171645,0.059483724222949494,3.844460528501967e-05,6.71541024223074e-05,0.008999627971407872,1.3622781809347326e-05,0.0048241613531115335
1,72000,False,18,7092e_00000,2025-12-06_12-21-33,1765003893,12.783742666244507,230.6894679069519,3584,LAPTOP-HQRQ0VAR,127.0.0.1,230.6894679069519,18,12.968626103390113,1.6117676615077936e-05,12.96830227082255,5.671453813851928,7.294171252422391,0.0021703427739315296,31,0.0004089999999905558,1283.0020951660752,2278,4000,1933.944580078125,17367.286659240704,2278,17.0,0.00015252421194888844,0.00014054806611485995,2278.0,72000,3.1201713064516268,5.606887052519234,10834.872179831216,2,1283.0020951660752,615.4341640406461,1,0,0,53.355555555555554,86.38333333333334,0.00021286896826032303,10834.872179831216,0.0005752942947388312,72000,72000,10834.872179831216,4000,4000,0.20000000298023224,2162816,18.0,138244,9.945721,128.0,9.921982,-0.0035281181,0.0,5e-05,0.8829085,8.639046,0.021228507,120192,856564.6,0.012551863,1.0,18340.072253986727,4000.0,120192,2162816,138244,4002.119736523414,3758817,0,67634001,573590.1786822502,18341.24187499032,18342.178080164613,0.2771599538513322,2.3965599953802503e-06,4.1818722511144234e-05,2.1923019697157127e-05,3.588677337367909e-06,8.962182615446006e-06,6.696787802464391e-05,2.2294595785596085e-06,3.701854851764155e-05,0.00021759646732006155,2.420333737652065e-05,3.990235260298994e-05,0.09159494563123825,0.11195900624620123,0.05912475998071917,3.837115923331695e-05,6.714456139800456e-05,0.008912107691693455,1.3582553992375718e-05,0.004806749739581023
1,76000,False,19,7092e_00000,2025-12-06_12-21-46,1765003906,12.64499807357788,243.33446598052979,3584,LAPTOP-HQRQ0VAR,127.0.0.1,243.33446598052979,19,12.965336898356211,1.606149984809362e-05,12.965012042114322,5.67079698371341,7.291531539898166,0.002174810346191736,33,0.0004089999999905558,727.5598223814442,2278,4000,1933.944580078125,19356.818542480465,2278,18.0,0.0001541761777989075,0.00014641663720099592,2278.0,76000,3.1180259757575874,5.6064519609940415,11233.568423184472,2,727.5598223814442,608.0355474921312,1,0,0,53.111111111111114,86.3777777777778,0.000222337586239937,11233.568423184472,0.0005707292207941122,76000,76000,11233.568423184472,4000,4000,0.20000000298023224,2283008,19.0,138244,9.953323,128.0,10.0,-0.006239772,0.0,5e-05,0.88128054,10.270383,-0.048252683,120192,1486887.2,0.007884024,1.0,18307.506967323123,4000.0,120192,2283008,138244,4002.12853915818,3758817,0,71392818,572585.2767270791,18308.62357563784,18309.748974826212,0.27640705331281906,2.4703283579880916e-06,4.332910744902379e-05,2.3184825743675877e-05,3.631174595342239e-06,9.464475886442562e-06,6.46824549689404e-05,2.2744978811443927e-06,3.77802792040902e-05,0.000214780333713027,2.3825345904815292e-05,3.977099321782683e-05,0.0913701941749254,0.11199009018373965,0.05866425338091238,3.8396447642565956e-05,6.725411578284848e-05,0.008824747614775145,1.3543728452093372e-05,0.004797241242184835
1,80000,False,20,7092e_00000,2025-12-06_12-21-58,1765003918,12.625519037246704,255.9599850177765,3584,LAPTOP-HQRQ0VAR,127.0.0.1,255.9599850177765,20,12.96189516637265,1.601288484978466e-05,12.961569477693182,5.670196013876275,7.288689743499185,0.00217502924272995,35,0.0004089999999905558,320.58293871572545,2278,4000,1933.944580078125,21303.224647521944,2278,19.0,0.0001459663205658069,0.00014126402096637522,2278.0,80000,3.1189634914285893,5.606134486384102,11543.408600507455,2,320.58293871572545,600.6224487082782,1,0,0,52.73888888888888,86.39444444444446,0.00020668142045092867,11543.408600507455,0.0005406001789501943,80000,80000,11543.408600507455,4000,4000,0.20000000298023224,2403200,20.0,138244,9.931746,128.0,9.921954,-0.0025655031,0.0,5e-05,0.8621356,7.4005327,0.007098206,120192,1387126.5,0.013466032,1.0,18311.392721309014,4000.0,120192,2403200,138244,4002.1372537665984,3758817,0,75151635,572711.9232434374,18312.494769620345,18313.600240471915,0.27553625277969135,2.3065169967098484e-06,4.076040490201103e-05,2.148175144546283e-05,3.419068853431221e-06,8.859811918071628e-06,6.022631784200489e-05,2.1036141517805348e-06,3.4888843317946266e-05,0.00020567564809378168,2.27123535795383e-05,3.856416094042374e-05,0.0913001522331766,0.11175621628190135,0.05820364584710166,3.832448316580732e-05,6.71475746260921e-05,0.008738538138627478,1.3484291166471062e-05,0.004779526829762308
1,84000,False,21,7092e_00000,2025-12-06_12-22-11,1765003931,12.823425769805908,268.7834107875824,3584,LAPTOP-HQRQ0VAR,127.0.0.1,268.7834107875824,21,12.960452166708922,1.5953756001827622e-05,12.960125624916252,5.669114100737512,7.288325548064194,0.00217564295030394,36,0.0004089999999905558,1893.0000040171922,2278,4000,1933.944580078125,21303.224647521944,2278,20.0,0.00016392396024148128,0.00015406851496136575,2278.0,84000,3.116011441666684,5.605305964520261,11704.101529439282,1,1893.0000040171922,593.2196461685214,1,0,0,52.76315789473684,86.4105263157895,0.0002238523304680006,11704.101529439282,0.0005891925982033157,84000,84000,11704.101529439282,4000,4000,0.20000000298023224,2523264,21.0,138244,9.947269,128.0,9.8456,-0.0010166168,0.0,5e-05,0.8240807,10.071844,0.09951116,120064,1166254.6,0.01079185,1.0,18257.405004358712,4000.0,120064,2523264,138244,4002.1358812289322,3753876,0,78905511,571016.7004575983,18258.479224037575,18259.52339152019,0.2765577212518946,2.5533432952286144e-06,4.548397119010873e-05,2.317644290612644e-05,3.776527518189048e-06,9.639694669778764e-06,6.470805070130226e-05,2.333451069564939e-06,3.771253343329975e-05,0.00022862658517432824,2.4273454835962472e-05,4.112288326114263e-05,0.09286252771084322,0.11170801211908209,0.05780091338862905,3.8393238333462805e-05,6.707909887842244e-05,0.008653891757242587,1.34464482567215e-05,0.004775407561464917
1,88000,False,22,7092e_00000,2025-12-06_12-22-24,1765003944,12.827926635742188,281.6113374233246,3584,LAPTOP-HQRQ0VAR,127.0.0.1,281.6113374233246,22,12.959203886041834,1.5962218443204173e-05,12.958875455667087,5.669012706730137,7.287172921583551,0.0021776425208014038,38,0.0004089999999905558,1337.0012176401533,2278,4000,1933.944580078125,21303.224647521944,2278,21.0,0.00015371036408703246,0.00014772779798678573,2278.0,88000,3.1197669868421194,5.605433764875058,11905.278869829672,2,1337.0012176401533,585.8242828288273,1,0,0,54.41666666666666,86.47222222222223,0.0002252835120492824,11905.278869829672,0.0005771729845187545,88000,88000,11905.278869829672,4000,4000,0.20000000298023224,2643456,22.0,138244,9.994886,128.0,10.0,-0.0052837133,0.0,5e-05,0.8122181,7.988504,-0.006817067,120192,827265.75,0.008518403,1.0,18235.149634614554,4000.0,120192,2643456,138244,4002.144522416643,3758817,0,82664328,570334.3023014306,18236.32774902311,18237.4412620334,0.27586334203937435,2.7017728198353594e-06,4.3301698596113504e-05,2.3115900376521365e-05,4.000746254545982e-06,9.789188482616363e-06,6.390642222779665e-05,2.415930295982769e-06,3.6750232901343236e-05,0.00021730839744461694,2.443616149152589e-05,4.035933231628852e-05,0.09290510043373451,0.11149057599789225,0.05737332525474122,3.832030595127565e-05,6.718230788973042e-05,0.008569403839669188,1.3415983774801207e-05,0.004769490485849117
1,92000,False,23,7092e_00000,2025-12-06_12-22-37,1765003957,12.720870733261108,294.3322081565857,3584,LAPTOP-HQRQ0VAR,127.0.0.1,294.3322081565857,23,12.956729354181418,1.5906596259419053e-05,12.956399454110414,5.668588665662834,7.285115255367716,0.0021812320955932386,40,0.0004089999999905558,781.3253499659661,2278,4000,1933.944580078125,21303.224647521944,2278,22.0,0.00015690795851276885,0.0001502570696621438,2278.0,92000,3.1193002950000164,5.605263753226308,12258.3735425949,2,781.3253499659661,578.4591874804688,1,0,0,54.25555555555555,86.35,0.00022704469241095656,12258.3735425949,0.0005906691075026624,92000,92000,12258.3735425949,4000,4000,0.20000000298023224,2763648,23.0,138244,9.944393,128.0,10.0,-0.0063815117,0.0,5e-05,0.78406525,11.096342,-0.057602186,120192,1785624.5,0.009977185,1.0,18201.331290811184,4000.0,120192,2763648,138244,4002.1530771924768,3758817,0,86423145,569248.7998597855,18202.223134986878,18203.05863528244,0.27546799961897983,2.5156412053753707e-06,4.366470531908932e-05,2.246006319842085e-05,3.579505215207454e-06,9.93935496526321e-06,6.562360784366672e-05,2.5795350691345542e-06,3.7353287233690655e-05,0.00022108921718576332,2.5618871980146845e-05,4.16201232909419e-05,0.09302668842939721,0.1114145852379125,0.057035113002195686,3.829310289222832e-05,6.709948480968708e-05,0.008485711801271306,1.336982393637627e-05,0.00475252958099011
1,96000,False,24,7092e_00000,2025-12-06_12-22-50,1765003970,12.751688480377197,307.0838966369629,3584,LAPTOP-HQRQ0VAR,127.0.0.1,307.0838966369629,24,12.9547108586396,1.588053029546589e-05,12.95437682856931,5.667964082006208,7.283712514814038,0.002183945774637002,42,0.0004089999999905558,311.9325801064348,2278,4000,1933.944580078125,21303.224647521944,2278,23.0,0.00014954235910862731,0.00017369868317759264,2278.0,96000,3.120200764285728,5.604685625694044,12279.328190576454,2,311.9325801064348,571.1490280534438,1,0,0,54.08947368421053,86.28947368421052,0.00020886792770932985,12279.328190576454,0.0005485999022916155,96000,96000,12279.328190576454,4000,4000,0.30000001192092896,2883840,24.0,138244,9.796395,128.0,9.921881,-0.004853964,0.0,5e-05,0.81863,13.071757,-0.1311498,120192,1065327.2,0.028319746,1.0,18170.556078599788,4000.0,120192,2883840,138244,4002.161546420552,3758817,0,90181962,568296.9457317141,18171.500863447138,18172.401282012128,0.2747764436227889,2.522076160594443e-06,4.115951304592522e-05,2.2235180771385138e-05,3.389463037922572e-06,8.89309091754046e-06,6.257498808556224e-05,2.1438865641914497e-06,3.482361357695907e-05,0.00020831832624997715,2.2868702110740327e-05,3.796512600155092e-05,0.09279976154510326,0.11137602538553286,0.05669211487217395,3.818917186407956e-05,6.719448995988363e-05,0.008405714683257692,1.3310125698872038e-05,0.004750950285180394
1,100000,False,25,7092e_00000,2025-12-06_12-23-03,1765003983,12.73539137840271,319.8192880153656,3584,LAPTOP-HQRQ0VAR,127.0.0.1,319.8192880153656,25,12.952551360053207,1.584472499458811e-05,12.952216193283618,5.665892747186146,7.283624416665897,0.0021827133168919235,43,0.0004089999999905558,1947.0000022719025,2278,4000,1933.944580078125,24768.288665771477,2278,24.0,0.00016691366708733988,0.00015770163597089644,2278.0,100000,3.118083437209312,5.602871141437102,12569.76913186006,1,1947.0000022719025,563.9092182909792,1,0,0,52.01666666666667,86.28888888888888,0.00023913965714077065,12569.76913186006,0.0006229450149625841,100000,100000,12569.76913186006,4000,4000,0.30000001192092896,3003904,25.0,138244,9.910581,128.0,9.922058,-0.0005877018,0.0,5e-05,0.7904852,11.467653,-0.014029421,120064,1912359.6,0.008506697,1.0,18086.36026776906,4000.0,120064,3003904,138244,4002.159930956346,3753876,0,93935838,565679.0861343258,18087.397564338353,18088.497552908764,0.27560733918655933,2.904830913033824e-06,4.62910137524169e-05,2.519565793511706e-05,3.8095372397117374e-06,9.883390928916629e-06,6.905121214590506e-05,2.455993645469546e-06,4.0209793426786546e-05,0.00023624697530966115,2.6564147889568096e-05,4.323454997096944e-05,0.09423692192965229,0.11126684513167642,0.05629655072345147,3.8140280145848574e-05,6.700554505917901e-05,0.008323962536425547,1.3271024443692354e-05,0.004732920782329194
1,104000,False,26,7092e_00000,2025-12-06_12-23-16,1765003996,12.704994916915894,332.5242829322815,3584,LAPTOP-HQRQ0VAR,127.0.0.1,332.5242829322815,26,12.950021997452675,1.57982777448142e-05,12.949685196350783,5.664427416714284,7.282554219499237,0.002184665183723563,45,0.0004089999999905558,1391.000707651561,2278,4000,1933.944580078125,24768.288665771477,2278,25.0,0.00015593491831516028,0.00014945904528808554,2278.0,104000,3.1163834444444545,5.601681308022732,12769.40682610405,2,1391.000707651561,556.7406536553739,1,0,0,53.55,86.3111111111111,0.00022460585969652014,12769.40682610405,0.0005835407893375747,104000,104000,12769.40682610405,4000,4000,0.30000001192092896,3124096,26.0,138244,10.000752,128.0,10.0,-0.0026835203,0.0,5e-05,0.80986375,8.752768,-0.0035648942,120192,1319379.5,0.014394117,1.0,18063.791675468572,4000.0,120192,3124096,138244,4002.168331646783,3758817,0,97694655,564961.0117308684,18064.585387209227,18065.495052184033,0.2746984787946946,2.574372030783705e-06,4.311796195643565e-05,2.3082743243040068e-05,3.599730134169057e-06,9.399094714795327e-06,6.459363151304617e-05,2.32031325347577e-06,3.6582594193904966e-05,0.00022003795945134516,2.447651670369899e-05,4.150027630606252e-05,0.09411063271035537,0.11099069568036143,0.055890179216216994,3.8035877343577045e-05,6.69514896083962e-05,0.008243110911061629,1.3222314199952844e-05,0.004715952574505077
1,108000,False,27,7092e_00000,2025-12-06_12-23-28,1765004008,12.733825445175171,345.25810837745667,3584,LAPTOP-HQRQ0VAR,127.0.0.1,345.25810837745667,27,12.947793218478145,1.577229496748754e-05,12.947454400387278,5.6633642275471425,7.281381229304245,0.002188164531886227,47,0.0004089999999905558,835.1890824730524,2278,4000,1933.944580078125,24768.288665771477,2278,26.0,0.00015398225190204614,0.00014688652342644652,2278.0,108000,3.1153479702127775,5.6008285899425045,12797.523802899292,2,835.1890824730524,549.6590749853468,1,0,0,54.468421052631584,86.29473684210525,0.00022565409247297523,12797.523802899292,0.0005780413650513616,108000,108000,12797.523802899292,4000,4000,0.30000001192092896,3244288,27.0,138244,9.577522,128.0,9.692025,-0.0045421124,0.0,5e-05,0.77527976,13.536028,-0.11900225,120192,1556932.9,0.014995899,1.0,18036.53043940998,4000.0,120192,3244288,138244,4002.1766483303154,3758817,0,101453472,564103.0767555315,18037.230204540014,18038.072140068572,0.27433709200674616,2.5895670709077626e-06,4.2693558838389456e-05,2.3034784370634467e-05,3.5819544833916853e-06,9.271802061565558e-06,6.393747867914083e-05,2.297832161339292e-06,3.6761750028150124e-05,0.00021719933164646277,2.4223379856339063e-05,4.045722898163541e-05,0.09410580638325262,0.11101311172355945,0.055591415424053554,3.795251857155147e-05,6.701697471329872e-05,0.00816293880194906,1.3184091057488614e-05,0.0047168030487581844
1,112000,False,28,7092e_00000,2025-12-06_12-23-41,1765004021,12.985735416412354,358.243843793869,3584,LAPTOP-HQRQ0VAR,127.0.0.1,358.243843793869,28,12.948157774293362,1.579357201883866e-05,12.947815199383404,5.66308490127167,7.282019641011202,0.0021881538865663745,49,0.0004089999999905558,329.52229585035644,2278,4000,1933.944580078125,24768.288665771477,2278,27.0,0.00016219267066135102,0.000152378657546191,2278.0,112000,3.11626560816328,5.600758118043078,12865.944806001617,2,329.52229585035644,542.6685737900019,1,0,0,53.42222222222222,86.29444444444442,0.0002387019519275826,12865.944806001617,0.0006145106596898707,112000,112000,12865.944806001617,4000,4000,0.30000001192092896,3364480,28.0,138244,9.822303,128.0,9.935326,-0.00149858,0.0,5e-05,0.69981027,12.423865,-0.116562575,120192,1773581.4,0.011796589,1.0,18008.646574990365,4000.0,120192,3364480,138244,4002.1848818470125,3758817,0,105212289,563233.158373086,18009.3633389133,18010.158817493273,0.27607197308667764,2.601366643595591e-06,4.6223409480884883e-05,2.469791386697957e-05,3.899046025166692e-06,1.0513563932579017e-05,6.841234685079161e-05,2.4282982052692204e-06,3.947847161897765e-05,0.00023029252544945405,2.6493937935549315e-05,4.339299467326589e-05,0.09612885831942045,0.1110859536063238,0.05531235726981343,3.794499338535149e-05,6.702080496423667e-05,0.008090195413927826,1.3150250147348423e-05,0.00470741401826992
1,116000,False,29,7092e_00000,2025-12-06_12-23-54,1765004034,12.778117656707764,371.0219614505768,3584,LAPTOP-HQRQ0VAR,127.0.0.1,371.0219614505768,29,12.946417615550429,1.5782636299302316e-05,12.946073233389571,5.662488397258954,7.280875870601089,0.0021861633477001717,50,0.0004089999999905558,2001.0000012838836,2278,4000,1933.944580078125,24768.288665771477,2278,28.0,0.00014968153589424712,0.0001430640490153866,2278.0,116000,3.117903884000016,5.600396318862649,12943.510213470452,1,2001.0000012838836,535.768821156661,1,0,0,54.73684210526316,85.83684210526316,0.00021922853797949675,12943.510213470452,0.0005554455142540126,116000,116000,12943.510213470452,4000,4000,0.30000001192092896,3484544,29.0,138244,9.90672,128.0,9.92906,-0.0012916327,0.0,5e-05,0.7697773,9.112067,-0.025610661,120064,1545935.6,0.010903172,1.0,17993.153885167205,4000.0,120064,3484544,138244,4002.1830330285425,3753876,0,108966165,562749.8533153161,17993.92498939385,17994.761070640834,0.2755258653558111,2.4533483436709932e-06,4.318746784001075e-05,2.312702638968618e-05,3.430509253832739e-06,9.08518768559338e-06,6.190437641932133e-05,2.2318881024019286e-06,3.5653723393346444e-05,0.00020918119165057897,2.460238314946793e-05,3.860063527371723e-05,0.095939119736228,0.11121324707025988,0.054915367697116496,3.7823543451528706e-05,6.691759691418595e-05,0.008011017459787379,1.3092747645460733e-05,0.004702305878086087
1,120000,False,30,7092e_00000,2025-12-06_12-24-07,1765004047,12.672003507614136,383.6939649581909,3584,LAPTOP-HQRQ0VAR,127.0.0.1,383.6939649581909,30,12.943615037394922,1.574380993521304e-05,12.943269452055674,5.661426001286363,7.279131696895077,0.0021884987142233555,52,0.0004089999999905558,1445.0004112633192,2278,4000,1933.944580078125,24768.288665771477,2278,29.0,0.00015431311513750386,0.00014723132940910703,2278.0,120000,3.116513661538481,5.599519120674023,13082.422785392167,2,1445.0004112633192,528.982118453437,1,0,0,54.727777777777774,84.61666666666666,0.0002182344848044814,13082.422785392167,0.0005764518722479404,120000,120000,13082.422785392167,4000,4000,0.30000001192092896,3604736,30.0,138244,10.055169,128.0,9.923354,-0.001120925,0.0,5e-05,0.8412992,13.454517,0.12864543,120192,613525.44,0.010565101,1.0,17970.892906396417,4000.0,120192,3604736,138244,4002.1912026982573,3758817,0,112724982,562040.3246604596,17971.564362223122,17972.259913546837,0.27491412670225257,2.423047685231318e-06,4.31160480712952e-05,2.2560628674263815e-05,3.4785850432296134e-06,9.23172811494715e-06,6.506152872563931e-05,2.2601512686089204e-06,3.705643159134611e-05,0.00021912995890942415,2.3995846236666698e-05,4.1505019260899086e-05,0.0958682005388649,0.11115789959955795,0.05451195602014503,3.774630801704927e-05,6.703342094476745e-05,0.007932887285189053,1.3045820167429804e-05,0.004700083819304324
1,124000,False,31,7092e_00000,2025-12-06_12-24-20,1765004060,12.878327131271362,396.5722920894623,3584,LAPTOP-HQRQ0VAR,127.0.0.1,396.5722920894623,31,12.94283879602097,1.569237183582066e-05,12.942492433535117,5.6598480622734995,7.279931342926128,0.0021896957270812803,54,0.0004089999999905558,889.1098883828362,2278,4000,1933.944580078125,26614.90498352048,2278,30.0,0.00015865016536313752,0.0001502032066596659,2278.0,124000,3.115284624074089,5.598125080467281,13422.792905171706,2,889.1098883828362,522.3209659270178,1,0,0,53.15555555555556,84.65555555555557,0.00022844990816542305,13422.792905171706,0.0006001609276741025,124000,124000,13422.792905171706,4000,4000,0.30000001192092896,3724928,31.0,138244,9.730152,128.0,9.962128,-0.0036377907,0.0,5e-05,0.7306405,12.408791,-0.23416199,120192,3397449.5,0.0072896504,1.0,17925.372107244868,4000.0,120192,3724928,138244,4002.199290671275,3758817,0,116483799,560613.5402071746,17926.021511689014,17926.6692917175,0.27581494043522853,2.5898141261600824e-06,4.3458036177548875e-05,2.436299393200779e-05,3.5929760413742136e-06,9.462483233739018e-06,6.697278481445284e-05,2.3561352774494875e-06,3.882890497071743e-05,0.00022707095559761263,2.5036542763342522e-05,4.253523784817693e-05,0.09755488153347543,0.11089525160356281,0.05408435945994256,3.768584493823848e-05,6.695608673507314e-05,0.007855276412338056,1.300636196745843e-05,0.004684203981110811
1,128000,False,32,7092e_00000,2025-12-06_12-24-33,1765004073,12.590782403945923,409.1630744934082,3584,LAPTOP-HQRQ0VAR,127.0.0.1,409.1630744934082,32,12.939245067060758,1.566244811816499e-05,12.938897301199765,5.658984214650764,7.277196191496868,0.0021917917698102587,56,0.0004089999999905558,362.3618615122875,2278,4000,1933.944580078125,26931.154762268096,2278,31.0,0.00015412236779823436,0.00014537105343896098,2278.0,128000,3.115324708928589,5.597545083662609,13659.82231371743,2,362.3618615122875,515.7696462947816,1,0,0,54.28333333333333,84.76666666666667,0.00021969946298423793,13659.82231371743,0.0005725438639464914,128000,128000,13659.82231371743,4000,4000,0.30000001192092896,3845120,32.0,138244,9.918581,128.0,9.921876,-0.0022991896,0.0,5e-05,0.71397835,18.060513,-0.008949006,120192,2146475.0,0.01884751,1.0,17963.259836386605,4000.0,120192,3845120,138244,4002.207297764562,3758817,0,120242616,561786.7538625423,17963.809201755266,17964.32759353517,0.2750570660308743,2.444914147386721e-06,4.2672928509341334e-05,2.2680565714116244e-05,3.5221006413256403e-06,9.176699629990352e-06,6.372169215725848e-05,2.290477962313065e-06,3.681609916336824e-05,0.0002160946741719885,2.4651372970676745e-05,4.045667451760991e-05,0.09744820271814,0.11073041108752686,0.05369284286534231,3.766998648874046e-05,6.687152586795072e-05,0.007778438648215461,1.2974298348218541e-05,0.0046677739413006816
1,132000,False,33,7092e_00000,2025-12-06_12-24-46,1765004086,12.7122220993042,421.8752965927124,3584,LAPTOP-HQRQ0VAR,127.0.0.1,421.8752965927124,33,12.936933001390152,1.5609823637630262e-05,12.936584264187765,5.6587509655042565,7.275112045581899,0.002194516852111443,57,0.0004089999999905558,2055.0000007249528,2278,4000,1933.944580078125,26931.154762268096,2278,32.0,0.00014698899562131027,0.00014012176870167135,2278.0,132000,3.116521949122826,5.59755798882598,13842.254546851436,1,2055.0000007249528,509.3529870538332,1,0,0,54.199999999999996,84.81052631578946,0.00021014234423143675,13842.254546851436,0.0005484233546868665,132000,132000,13842.254546851436,4000,4000,0.30000001192092896,3965184,33.0,138244,9.833422,128.0,9.843772,-0.0020536184,0.0,5e-05,0.7081743,13.449883,-0.013042327,120064,2934388.0,0.008974113,1.0,17947.78918862844,4000.0,120064,3965184,138244,4002.2052247869165,3753876,0,123996492,561287.5076515117,17948.218975264288,17948.661766169058,0.2744217743705652,2.532717196076222e-06,4.169023984678652e-05,2.187179820743228e-05,3.401848331641306e-06,9.026626159670105e-06,6.0948292980172e-05,2.1526267080596877e-06,3.5153442817898445e-05,0.00020660791151386982,2.245566906843781e-05,3.9708987623231264e-05,0.09738074069095826,0.1105478109766507,0.05340098143668963,3.766328662405577e-05,6.666781060752878e-05,0.007703197261731547,1.294455536448388e-05,0.004650613201888071
1,136000,False,34,7092e_00000,2025-12-06_12-24-58,1765004098,12.711513996124268,434.58681058883667,3584,LAPTOP-HQRQ0VAR,127.0.0.1,434.58681058883667,34,12.934624733376252,1.5560725399733256e-05,12.934275017545886,5.6562550848492155,7.2752948301260805,0.002196374683589463,59,0.0004089999999905558,1499.0002390124278,2278,4000,1933.944580078125,33425.105537414514,2278,33.0,0.00015352315257016007,0.00014493104387608874,2278.0,136000,3.114544555932217,5.5952665269377215,14425.075595532428,2,1499.0002390124278,503.0835542034309,1,0,0,53.233333333333334,84.8,0.0002173383468671808,14425.075595532428,0.0005626317350737009,136000,136000,14425.075595532428,4000,4000,0.30000001192092896,4085376,34.0,138244,10.037863,128.0,10.0,-0.0022960901,0.0,5e-05,0.7260141,12.286425,0.034925207,120192,2334567.0,0.00979048,1.0,17910.199282371133,4000.0,120192,4085376,138244,4002.2131725390473,3758817,0,127755309,560101.2138489679,17910.501285981027,17910.83647736057,0.2752015396268596,2.4722297753250433e-06,4.253493721587303e-05,2.2427265752088715e-05,3.5172127256134317e-06,9.087562825411302e-06,6.243633005710125e-05,2.2183169141876468e-06,3.617684991328077e-05,0.00021284052809975585,2.336262287128827e-05,4.0021474635701966e-05,0.09879955728404784,0.11028623486688335,0.05311584262232161,3.760165375758835e-05,6.659513250200014e-05,0.007628514289113189,1.2922109811592073e-05,0.004634191069869178
1,140000,False,35,7092e_00000,2025-12-06_12-25-11,1765004111,12.765172958374023,447.3519835472107,3584,LAPTOP-HQRQ0VAR,127.0.0.1,447.3519835472107,35,12.932867567042491,1.5508118145589562e-05,12.932516896370428,5.654815928000723,7.274970734824821,0.002199802936753579,61,0.0004089999999905558,943.0638634374058,2278,4000,1933.944580078125,33425.105537414514,2278,34.0,0.0001430164119965485,0.00013694682280663135,2278.0,140000,3.1113542459016554,5.594102740668345,14710.865596333482,2,943.0638634374058,496.9410622307721,1,0,0,54.43333333333334,84.87222222222222,0.00020254431177664717,14710.865596333482,0.000527641069803136,140000,140000,14710.865596333482,4000,4000,0.45000001788139343,4205568,35.0,138244,10.055894,128.0,10.0,-0.0028259754,0.0,5e-05,0.7313937,14.570755,0.049356792,120192,3603400.8,0.021791464,1.0,17872.910849617067,4000.0,120192,4205568,138244,4002.221040813657,3758817,0,131514126,558929.2083677272,17873.151635816288,17873.372761756516,0.2743946512305923,2.2609480883996625e-06,4.0617637777375794e-05,2.1217891745108274e-05,3.245245527336749e-06,8.676835074371994e-06,5.890203912673341e-05,2.0573890840053183e-06,3.41476826660004e-05,0.0002008807880904411,2.181996444909634e-05,3.738468678560788e-05,0.0986585157112061,0.11011262451821532,0.05271617519609804,3.7607637220639625e-05,6.649418117725895e-05,0.00755401414622153,1.289088871163711e-05,0.004618171159170556
1,144000,False,36,7092e_00000,2025-12-06_12-25-24,1765004124,12.679234027862549,460.03121757507324,3584,LAPTOP-HQRQ0VAR,127.0.0.1,460.03121757507324,36,12.930269814372066,1.5455036963194018e-05,12.929918373406723,5.6537768027207145,7.273409779476571,0.0022011239073877636,63,0.0004089999999905558,404.0641277668827,2278,4000,1933.944580078125,33830.23831939702,2278,35.0,0.00015596905680638295,0.0001477319328694833,2278.0,144000,3.111634484126997,5.593201520261662,15017.00673227461,2,404.0641277668827,490.9310238263688,1,0,0,53.705555555555556,85.38888888888889,0.00022330074349060695,15017.00673227461,0.0005833552531012581,144000,144000,15017.00673227461,4000,4000,0.45000001788139343,4325760,36.0,138244,9.853286,128.0,9.923296,-0.0020216703,0.0,5e-05,0.6817571,17.734587,-0.073135026,120192,2842700.5,0.00694456,1.0,17897.008625082235,4000.0,120192,4325760,138244,4002.2288304055205,3758817,0,135272943,559695.8756409561,17897.365639376585,17897.686869846533,0.27362143771828695,2.5211615231161816e-06,4.260082110095944e-05,2.323372102135949e-05,3.607366914128118e-06,9.5215749826275e-06,6.39914947325533e-05,2.455356839368999e-06,3.7828287404789486e-05,0.00021888568401920043,2.4752959345826123e-05,4.1328925061982136e-05,0.09840330255409423,0.11000502027303201,0.05237947744413685,3.761356084678665e-05,6.656923936589178e-05,0.007482824004760838,1.2862979825061547e-05,0.004616569447577709
1,148000,False,37,7092e_00000,2025-12-06_12-25-37,1765004137,12.764388084411621,472.79560565948486,3584,LAPTOP-HQRQ0VAR,127.0.0.1,472.79560565948486,37,12.928565965228346,1.5400486593309603e-05,12.928214151672655,5.652574212693508,7.272910031681804,0.0021995196683134086,64,0.0004089999999905558,2109.000000409,2278,4000,1933.944580078125,33830.23831939702,2278,36.0,0.00016208143395910415,0.00017688538599955434,2278.0,148000,3.1112009140625148,5.5921759700590465,15128.447958230969,1,2109.000000409,485.0635198728142,1,0,0,53.921052631578945,85.35789473684211,0.00023664113049943168,15128.447958230969,0.0006029466561628289,148000,148000,15128.447958230969,4000,4000,0.45000001788139343,4445824,37.0,138244,9.94841,128.0,10.0,-0.00024938583,0.0,5e-05,0.7285349,16.63192,-0.05591684,120064,2556989.0,0.009614712,1.0,17906.659174867546,4000.0,120064,4445824,138244,4002.2265421014654,3753876,0,139026819,559993.3056897782,17907.014866849127,17907.342839618585,0.27426417734110387,2.696044092620291e-06,4.5037487426787445e-05,2.4673943346869196e-05,3.845672590586656e-06,9.53949611896218e-06,6.706419520932479e-05,2.6518861776383047e-06,3.8244023382997045e-05,0.00022730063234582414,2.5608425832137424e-05,4.342238183129351e-05,0.09960335352855372,0.109893905070302,0.052018212669693274,3.7549425240259545e-05,6.646654697319884e-05,0.0074096837647130605,1.2814350026608951e-05,0.004606874753102734
1,152000,False,38,7092e_00000,2025-12-06_12-25-50,1765004150,12.843402624130249,485.6390082836151,3584,LAPTOP-HQRQ0VAR,127.0.0.1,485.6390082836151,38,12.927687219576061,1.538648172702304e-05,12.927331900155929,5.652796975566574,7.2718024103649865,0.002200111471631114,66,0.0004089999999905558,1553.000138905995,2278,4000,1933.944580078125,33830.23831939702,2278,37.0,0.0001539030822459964,0.00014779391410520056,2278.0,152000,3.1135508303030424,5.592611037358456,15349.404110879606,2,1553.000138905995,479.3243672466602,1,0,0,56.32222222222222,85.55000000000001,0.00021800649104025517,15349.404110879606,0.0005791924795958462,152000,152000,15349.404110879606,4000,4000,0.45000001788139343,4566016,38.0,138244,9.841527,128.0,9.921875,-0.0015751123,0.0,5e-05,0.76374227,13.087238,-0.087346606,120192,1350322.9,0.015553556,1.0,17927.43021576406,4000.0,120192,4566016,138244,4002.234276680451,3758817,0,142785636,560645.3453021186,17927.78934164613,17928.137396330196,0.2735483245676942,2.4599631922734316e-06,4.18150277055263e-05,2.2470170554597887e-05,3.467919121826455e-06,9.276648811560688e-06,6.32093456528961e-05,2.3297223107667835e-06,3.700927978105705e-05,0.00022488581810316233,2.37288095839835e-05,4.043229303284425e-05,0.09933219399326819,0.1098424800195984,0.05169993454299681,3.7481930988898314e-05,6.656588150244742e-05,0.007339907927067185,1.2788206527676952e-05,0.004602768005571947
1,156000,False,39,7092e_00000,2025-12-06_12-26-02,1765004162,12.440891981124878,498.07990026474,3584,LAPTOP-HQRQ0VAR,127.0.0.1,498.07990026474,39,12.922813597380301,1.5364616909874287e-05,12.92245769315437,5.650548894810907,7.269172396261336,0.002204073356913031,68,0.0004089999999905558,997.0371152849095,2278,4000,1933.944580078125,33830.23831939702,2278,38.0,0.00016354343976343423,0.00015325434567870034,2278.0,156000,3.1106473602941276,5.590587587984871,15411.960032182578,2,997.0371152849095,473.73389141992726,1,0,0,53.449999999999996,84.8777777777778,0.00023847882785931962,15411.960032182578,0.000615967453502282,156000,156000,15411.960032182578,4000,4000,0.45000001788139343,4686208,39.0,138244,9.800433,128.0,9.925857,-0.0026614666,0.0,5e-05,0.7311953,11.650981,-0.13105011,120192,2209351.8,0.012503774,1.0,17907.174273972025,4000.0,120192,4686208,138244,4002.2419339136463,3758817,0,146544453,560005.1028222516,17907.41961499551,17907.698018165887,0.2726077223220179,2.647138631302555e-06,4.606855862119266e-05,2.4347975038646274e-05,3.703785703404081e-06,9.873986930796983e-06,6.781312020255918e-05,2.651286700150924e-06,3.895116160416888e-05,0.00023374983236349231,2.576629274035368e-05,4.2983842565943446e-05,0.09910526705333607,0.10959442521940072,0.05131517519756721,3.741311167846413e-05,6.650422268680748e-05,0.00726859984779544,1.2741324460717747e-05,0.0045953823255157535
1,160000,False,40,7092e_00000,2025-12-06_12-26-15,1765004175,12.863703966140747,510.94360423088074,3584,LAPTOP-HQRQ0VAR,127.0.0.1,510.94360423088074,40,12.922152095406501,1.5323970739467063e-05,12.921795319222827,5.649734561862798,7.269325547298723,0.0022021106233439127,70,0.0004089999999905558,450.9170979443058,2278,4000,1933.944580078125,33830.23831939702,2278,39.0,0.0001562063869001737,0.0001534741881060661,2278.0,160000,3.110197841428583,5.589902884105022,15497.50950360979,2,450.9170979443058,468.2926121692558,1,0,0,52.988888888888894,85.06666666666666,0.000222320233688069,15497.50950360979,0.0005718751889849117,160000,160000,15497.50950360979,4000,4000,0.45000001788139343,4806400,40.0,138244,10.088999,128.0,10.0,-0.0034567118,0.0,5e-05,0.73033327,12.42416,0.0854359,120192,1945898.6,0.007916594,1.0,17946.373771674924,4000.0,120192,4806400,138244,4002.24951457451,3758817,0,150303270,561237.2888520551,17946.67989750865,17946.985619211628,0.27375318609879634,2.692284799713764e-06,4.362822330028863e-05,2.272250501128313e-05,5.5247277426396e-06,9.229959607050056e-06,6.277051634863968e-05,2.2784894177678908e-06,3.715757782859107e-05,0.00021744241880951995,2.391553925566751e-05,4.048234513550267e-05,0.10056394238280185,0.10961324196720562,0.05106032244559116,3.734298056182145e-05,6.65251804584348e-05,0.0071979518493175704,1.2693911215908589e-05,0.004590509502259991
1,164000,False,41,7092e_00000,2025-12-06_12-26-28,1765004188,12.51501989364624,523.458624124527,3584,LAPTOP-HQRQ0VAR,127.0.0.1,523.458624124527,41,12.918025635452437,1.5307731031612815e-05,12.9176679200306,5.64767909824417,7.267256388825736,0.002199637517110687,71,0.0004089999999905558,2163.0000002305387,2278,4000,1933.944580078125,33830.23831939702,2278,40.0,0.00016178365368950488,0.00015025309780712266,2278.0,164000,3.109602946478886,5.588044572263971,15551.575788363602,1,2163.0000002305387,462.9895399763609,1,0,0,54.18888888888888,84.72222222222223,0.00022963538018138584,15551.575788363602,0.0006005822804203919,164000,164000,15551.575788363602,4000,4000,0.45000001788139343,4926464,41.0,138244,10.029732,128.0,10.0,-0.0033504963,0.0,5e-05,0.6898394,8.876306,0.025620513,120064,1854524.2,0.009134363,1.0,17924.032244219776,4000.0,120064,4926464,138244,4002.247019428765,3753876,0,154057146,560539.2762803459,17924.356297714443,17924.708233741363,0.272978640237807,2.607555726020137e-06,4.448874906846161e-05,2.3519930457865717e-05,3.7416852596599476e-06,9.682032943559718e-06,6.954001947762099e-05,2.437704451664059e-06,3.814865093365388e-05,0.00022588296833509478,2.476781799123019e-05,4.252563426208494e-05,0.1004042189589745,0.10941691754753277,0.05072812222113514,3.726855075692626e-05,6.637092865449296e-05,0.0071284083308241555,1.2657972103178689e-05,0.004575322407237825
1,168000,False,42,7092e_00000,2025-12-06_12-26-41,1765004201,12.657212734222412,536.1158368587494,3584,LAPTOP-HQRQ0VAR,127.0.0.1,536.1158368587494,42,12.915374194097915,1.5258653721943608e-05,12.915015589830295,5.646712138261727,7.265565410937478,0.002204920141938124,73,0.0004089999999905558,1607.000080727499,2278,4000,1933.944580078125,33830.23831939702,2278,41.0,0.0001504894742395337,0.0001421063093397833,2278.0,168000,3.107843954794533,5.587245617541333,15769.253416610087,2,1607.000080727499,457.83298792535453,1,0,0,53.12105263157895,84.79473684210525,0.00021506466439700063,15769.253416610087,0.0005569306989857198,168000,168000,15769.253416610087,4000,4000,0.45000001788139343,5046656,42.0,138244,9.907788,128.0,10.0,-0.002019763,0.0,5e-05,0.74892455,8.247014,-0.09570834,120192,3457835.8,0.007770857,1.0,17963.768291873475,4000.0,120192,5046656,138244,4002.2545492344775,3758817,0,157815963,561754.3437392784,17963.71485949118,17963.732496665238,0.27228816883542845,2.4784946634898035e-06,4.210705687754615e-05,2.233527970606416e-05,3.4422015066913686e-06,9.135946345242217e-06,6.234453181356204e-05,2.2039193468820386e-06,3.506496173242162e-05,0.00021112823885697032,2.3360382012080003e-05,3.8984256458241137e-05,0.1002735517693858,0.10926646137205892,0.05039865899892345,3.731086524887766e-05,6.632321936775701e-05,0.007059387247514861,1.264139238073231e-05,0.004564914183166589
1,172000,False,43,7092e_00000,2025-12-06_12-26-54,1765004214,12.841581344604492,548.9574182033539,3584,LAPTOP-HQRQ0VAR,127.0.0.1,548.9574182033539,43,12.914592651156937,1.5218067184896146e-05,12.914233104931991,5.64558923787911,7.265903327828103,0.002206313940518786,75,0.0004089999999905558,1051.0215701570394,2278,4000,1933.944580078125,33830.23831939702,2278,42.0,0.0001502012704722804,0.00015307816008382005,2278.0,172000,3.1078026866666795,5.586280919365921,16090.859899597164,2,1051.0215701570394,452.81951038467133,1,0,0,52.37222222222223,84.80555555555556,0.00022222873575753247,16090.859899597164,0.0005966779360915496,172000,172000,16090.859899597164,4000,4000,0.45000001788139343,5166848,43.0,138244,9.884577,128.0,9.922356,-0.0026870966,0.0,5e-05,0.72344977,12.296833,-0.04105154,120192,4029866.5,0.0072741657,1.0,17991.28090004794,4000.0,120192,5166848,138244,4002.262003742133,3758817,0,161574780,562624.5702589445,17991.307000031,17991.388631347316,0.27326811114707367,2.567087497527893e-06,4.151341264282499e-05,2.2537934725669294e-05,3.510538051542133e-06,9.041191277120269e-06,6.890651484438484e-05,2.564287121821031e-06,3.674798865431896e-05,0.0002290260494845114,2.5301896295308416e-05,3.9966767260563355e-05,0.10158120925169213,0.10927719975833794,0.05013821640893414,3.724475659663696e-05,6.63589871760663e-05,0.006990525375040343,1.261497845667251e-05,0.004557258041333474
1,176000,False,44,7092e_00000,2025-12-06_12-27-07,1765004227,12.891422510147095,561.848840713501,3584,LAPTOP-HQRQ0VAR,127.0.0.1,561.848840713501,44,12.914264068645368,1.5170886512213651e-05,12.913902947882674,5.645201990500319,7.265947441549824,0.0022145308011144553,77,0.0004089999999905558,500.7634842507346,2278,4000,1933.944580078125,33830.23831939702,2278,43.0,0.00016022811593608736,0.00015039215707314633,2278.0,176000,3.10829621688313,5.586105678172262,16372.676473543239,2,500.7634842507346,447.9313780817057,1,0,0,55.04210526315791,85.31052631578946,0.00022112446606763588,16372.676473543239,0.0005860714642361732,176000,176000,16372.676473543239,4000,4000,0.45000001788139343,5287040,44.0,138244,10.059841,128.0,10.0,-0.005120635,0.0,5e-05,0.75201756,10.418277,0.055523932,120192,2944657.2,0.009594431,1.0,17917.572952603026,4000.0,120192,5287040,138244,4002.269383704712,3758817,0,165333597,560323.8526626657,17917.640732560125,17917.74743223146,0.27233808303560264,2.4719826130824385e-06,4.409124903892935e-05,2.3126728110289748e-05,3.6828924153116396e-06,9.67419108136829e-06,6.454533689277705e-05,2.3355687380605506e-06,3.843273812227993e-05,0.00022330688054437585,2.3919260663100997e-05,4.178368085468674e-05,0.10133593915917542,0.10905666476075324,0.04974737824484401,3.718130903023151e-05,6.639639730560533e-05,0.006922428121289467,1.2585828671747196e-05,0.004553261460921126
1,180000,False,45,7092e_00000,2025-12-06_12-27-32,1765004252,25.64161443710327,587.4904551506042,3584,LAPTOP-HQRQ0VAR,127.0.0.1,587.4904551506042,45,13.041483873958914,1.5172177645682046e-05,13.041120736403846,5.646245460595317,7.392116269134325,0.00221752349310419,79,0.0004089999999905558,1478.9865029369075,2278,4000,1933.944580078125,33830.23831939702,2278,44.0,0.00016464995943451277,0.00017387061959550241,2278.0,180000,3.110080577215205,5.587312385390541,16534.393548120424,2,1478.9865029369075,443.1605853763475,1,0,0,86.97714285714287,86.98285714285714,0.00022639796285026624,16534.393548120424,0.000600511279065515,180000,180000,16534.393548120424,4000,4000,0.45000001788139343,5407232,45.0,138244,9.891236,128.0,10.0,-0.005980253,0.0,5e-05,0.71279967,8.8502445,-0.116674185,120192,2724688.0,0.017578756,1.0,17801.08906333427,4000.0,120192,5407232,138244,4002.276689867665,3758817,0,169092414,556705.7937537647,17801.363024537386,17801.6432338458,0.271836910205245,2.616276573221092e-06,4.526212109741012e-05,2.3430098142714524e-05,3.7033057940792656e-06,9.796721621409535e-06,6.641829436035662e-05,2.3861184880841032e-06,3.7465687055886015e-05,0.00023511553375914988,2.464591609702306e-05,4.1257786924121516e-05,0.10111725176758321,0.1091438961131445,0.049429370462395164,3.71994959400814e-05,6.675343333076731e-05,0.006855842840075935,1.2539970384827744e-05,0.004568509846311594
1,184000,False,46,7092e_00000,2025-12-06_12-27-45,1765004265,12.978119134902954,600.4685742855072,3584,LAPTOP-HQRQ0VAR,127.0.0.1,600.4685742855072,46,13.040776888219323,1.5177455868715151e-05,13.040411441039804,5.645634323989364,7.392011651442984,0.002222536258172263,80,0.0004089999999905558,1661.0000461338323,2278,4000,1933.944580078125,33830.23831939702,2278,45.0,0.0001581014288951358,0.00014745715229140036,2278.0,184000,3.1111576287500187,5.586918745536635,16736.45127277374,1,1661.0000461338323,438.13794815959494,1,0,0,71.59473684210526,88.14736842105263,0.00022352573343422074,16736.45127277374,0.000568214790954624,184000,184000,16736.45127277374,4000,4000,0.45000001788139343,5527296,46.0,138244,9.881339,128.0,9.922683,-0.0020788908,0.0,5e-05,0.7034437,12.532719,-0.044437643,120064,3059258.5,0.006873902,1.0,17775.466460189324,4000.0,120064,5527296,138244,4002.2739229689882,3753876,0,172846290,555901.8491825053,17775.778018998655,17776.091382232742,0.2712861321031924,2.501497756148711e-06,4.33051189124059e-05,2.2983012060089008e-05,3.694397989976313e-06,1.0300627037181126e-05,6.310973215340161e-05,2.2839642265040186e-06,3.66499219569811e-05,0.00021457734619699092,2.4355472562876054e-05,4.0008198107317017e-05,0.10089958224990725,0.1091919781520131,0.04913319475777192,3.713450098092867e-05,6.654789899788481e-05,0.0067895084116750175,1.2498570679403144e-05,0.004551742747848908
1,188000,False,47,7092e_00000,2025-12-06_12-27-58,1765004278,12.765432596206665,613.2340068817139,3584,LAPTOP-HQRQ0VAR,127.0.0.1,613.2340068817139,47,13.037973044337129,1.51436813104122e-05,13.037607141629405,5.6455751377494705,7.389268654928554,0.0022204348955906636,82,0.0004089999999905558,1105.0125358508183,2278,4000,1933.944580078125,33830.23831939702,2278,46.0,0.0001482142612553532,0.00014197169646642518,2278.0,188000,3.112731135365873,5.587038307081267,16810.833840346913,2,1105.0125358508183,433.2722162798042,1,0,0,57.85555555555556,88.11666666666666,0.00021335548183968619,16810.833840346913,0.0005535050118003226,188000,188000,16810.833840346913,4000,4000,0.45000001788139343,5647488,47.0,138244,9.891052,128.0,9.880658,-0.00828135,0.0,5e-05,0.68818617,17.817745,0.0071451254,120192,1998785.4,0.007223239,1.0,17751.775726192882,4000.0,120192,5647488,138244,4002.2811837392987,3758817,0,176605107,555188.2682328571,17752.284417478273,17752.805791909755,0.27084501778216025,2.462924386063439e-06,4.197636107877024e-05,2.2642388802487806e-05,3.897183564213089e-06,9.088076416775351e-06,6.136683840654534e-05,2.2822701870174524e-06,3.533180433261066e-05,0.00021196556810747458,2.2842321894072577e-05,3.870416325649566e-05,0.10067372842740613,0.10929548237049297,0.04888418781019345,3.708015597020535e-05,6.668942000689166e-05,0.006723966327558124,1.2530584972099039e-05,0.0045477823203699756
1,192000,False,48,7092e_00000,2025-12-06_12-28-11,1765004291,12.880507230758667,626.1145141124725,3584,LAPTOP-HQRQ0VAR,127.0.0.1,626.1145141124725,48,13.036345229893756,1.513224449695461e-05,13.035976840213111,5.644568373371976,7.388643055379269,0.002222450546634998,84,0.0004089999999905558,552.3495434748162,2278,4000,1933.944580078125,33830.23831939702,2278,47.0,0.00015189532496731023,0.00014305618227799567,2278.0,192000,3.1109612107143056,5.586166291010454,17001.572820481793,2,552.3495434748162,428.58141269229026,1,0,0,57.21578947368422,88.12105263157893,0.0002169047639216906,17001.572820481793,0.0005654999087231625,192000,192000,17001.572820481793,4000,4000,0.45000001788139343,5767680,48.0,138244,9.871469,128.0,9.940475,-0.007826686,0.0,5e-05,0.71635556,13.293385,-0.075583704,120192,3446113.0,0.014616371,1.0,17773.747059203622,4000.0,120192,5767680,138244,4002.288371901906,3758817,0,180363924,555873.8735569146,17774.241279053967,17774.67678875479,0.2704958036043384,2.4898224392087013e-06,4.2103572230282764e-05,2.2574111710735207e-05,3.5059119660415353e-06,9.094904330827707e-06,6.248063789291373e-05,2.247502876347824e-06,3.5616214807840575e-05,0.00021496786502475383,2.3587215030347403e-05,3.971677729465913e-05,0.10052293014313256,0.10936639054678735,0.04868546693209197,3.707435441128706e-05,6.675352580690983e-05,0.006659861664282018,1.2507279121438403e-05,0.004540658497166984
1,196000,False,49,7092e_00000,2025-12-06_12-28-24,1765004304,12.540708065032959,638.6552221775055,3584,LAPTOP-HQRQ0VAR,127.0.0.1,638.6552221775055,49,13.031416218594819,1.5086922051944814e-05,13.03104754381098,5.642793285638257,7.385492291825478,0.002219445041167077,86,0.0004089999999905558,887.9884336997358,2278,4000,1933.944580078125,35151.49556732181,2278,48.0,0.00015527998582646883,0.0001463082016445737,2278.0,196000,3.109510151162808,5.584520608100348,17222.539289518838,2,887.9884336997358,424.05151280327266,1,0,0,53.84444444444444,88.87222222222222,0.00021897982899805527,17222.539289518838,0.0005745905667667215,196000,196000,17222.539289518838,4000,4000,0.45000001788139343,5887872,49.0,138244,9.95416,128.0,10.0,-0.0033535957,0.0,5e-05,0.63931036,14.741592,-0.05045194,120192,3738420.2,0.010249272,1.0,17766.313541948606,4000.0,120192,5887872,138244,4002.295488182887,3758817,0,184122741,555651.8106929066,17766.88325636941,17767.383737162905,0.26977397956829463,2.494421705084122e-06,4.2918173921179546e-05,2.2517925717130113e-05,3.486409659891508e-06,9.498144393837662e-06,6.420521759918391e-05,2.2719800175733916e-06,3.657595290582445e-05,0.00021656604026452252,2.379614497166023e-05,4.155736327147234e-05,0.10031535184170155,0.10923689564132069,0.04837277126276938,3.712061086600768e-05,6.679299055035265e-05,0.006595378047638973,1.2631206329936414e-05,0.0045339189121942096
1,200000,True,50,7092e_00000,2025-12-06_12-28-37,1765004317,13.030979633331299,651.6862018108368,3584,LAPTOP-HQRQ0VAR,127.0.0.1,651.6862018108368,50,13.031381735408871,1.5158052830182748e-05,13.031010763372871,5.6427243997818755,7.385521458907222,0.0022220095907557647,87,0.0004089999999905558,1715.0000261653736,2278,4000,1933.944580078125,35151.49556732181,2278,49.0,0.00015646267671606356,0.00014945921098900327,2278.0,200000,3.1104975321839228,5.584627846019345,17282.307206778685,1,1715.0000261653736,419.68393243875227,1,0,0,53.861111111111114,88.84444444444445,0.0002244382250264642,17282.307206778685,0.0005885211747654385,200000,200000,17282.307206778685,4000,4000,0.45000001788139343,6007936,50.0,138244,9.730521,128.0,9.846851,-0.004804969,0.0,5e-05,0.66665334,13.9524555,-0.12058714,120064,1491806.4,0.00945993,1.0,17757.76608339889,4000.0,120064,6007936,138244,4002.292533301058,3753876,0,187876617,555372.9104869717,17758.27989485706,17758.741801677224,0.2716790807726102,2.5587442743987798e-06,4.3542996714459574e-05,2.323011302935139e-05,3.591216655178214e-06,9.37849280339077e-06,6.523779301862622e-05,2.326817157143646e-06,3.812876900320231e-05,0.00021985803456644784,2.4696252137552043e-05,4.178435258213358e-05,0.10271326532328433,0.10912935168490794,0.04805611155014233,3.705240475669629e-05,6.676406064471374e-05,0.006533542267164238,1.2585894267228354e-05,0.004527789723072179
