num_training_step_calls_per_iteration,num_env_steps_sampled_lifetime,done,training_iteration,trial_id,date,timestamp,time_this_iter_s,time_total_s,pid,hostname,node_ip,time_since_restore,iterations_since_restore,timers/training_iteration,timers/restore_env_runners,timers/training_step,timers/env_runner_sampling_timer,timers/learner_update_timer,timers/synch_weights,env_runners/num_env_steps_sampled,env_runners/num_episodes_lifetime,env_runners/episode_return_mean,env_runners/episode_len_max,env_runners/env_to_module_sum_episodes_length_out,env_runners/env_step_timer,env_runners/env_to_module_sum_episodes_length_in,env_runners/num_episodes,env_runners/weights_seq_no,env_runners/episode_return_max,env_runners/env_reset_timer,env_runners/episode_duration_sec_mean,env_runners/episode_return_min,env_runners/sample,env_runners/episode_len_min,env_runners/episode_len_mean,env_runners/num_env_steps_sampled_lifetime,env_runners/rlmodule_inference_timer,env_runners/num_env_steps_sampled_lifetime_throughput,fault_tolerance/num_healthy_workers,fault_tolerance/num_remote_worker_restarts,env_runner_group/actor_manager_num_outstanding_async_reqs,perf/cpu_util_percent,perf/ram_util_percent,env_runners/env_to_module_connector/connector_pipeline_timer,env_runners/module_to_env_connector/connector_pipeline_timer,env_runners/num_agent_steps_sampled/default_agent,env_runners/agent_episode_return_mean/default_agent,env_runners/num_module_steps_sampled_lifetime/default_policy,env_runners/num_agent_steps_sampled_lifetime/default_agent,env_runners/num_module_steps_sampled/default_policy,env_runners/module_episode_return_mean/default_policy,learners/default_policy/policy_loss,learners/default_policy/vf_explained_var,learners/default_policy/entropy,learners/default_policy/num_trainable_parameters,learners/default_policy/mean_kl_loss,learners/default_policy/module_train_batch_size_mean,learners/default_policy/diff_num_grad_updates_vs_sampler_policy,learners/default_policy/weights_seq_no,learners/default_policy/gradients_default_optimizer_global_norm,learners/default_policy/num_module_steps_trained,learners/default_policy/curr_kl_coeff,learners/default_policy/vf_loss,learners/default_policy/curr_entropy_coeff,learners/default_policy/total_loss,learners/default_policy/vf_loss_unclipped,learners/default_policy/default_optimizer_learning_rate,learners/default_policy/num_module_steps_trained_lifetime,learners/default_policy/num_module_steps_trained_lifetime_throughput,learners/__all_modules__/learner_connector_sum_episodes_length_in,learners/__all_modules__/num_module_steps_trained_lifetime,learners/__all_modules__/num_trainable_parameters,learners/__all_modules__/num_env_steps_trained_lifetime,learners/__all_modules__/learner_connector_sum_episodes_length_out,learners/__all_modules__/num_non_trainable_parameters,learners/__all_modules__/num_module_steps_trained,learners/__all_modules__/num_env_steps_trained,learners/__all_modules__/num_env_steps_trained_lifetime_throughput,learners/__all_modules__/num_module_steps_trained_throughput,learners/__all_modules__/num_module_steps_trained_lifetime_throughput,learners/__all_modules__/learner_connector/connector_pipeline_timer,env_runners/env_to_module_connector/timers/connectors/numpy_to_tensor,env_runners/env_to_module_connector/timers/connectors/add_states_from_episodes_to_batch,env_runners/env_to_module_connector/timers/connectors/batch_individual_items,env_runners/env_to_module_connector/timers/connectors/add_time_dim_to_batch_and_zero_pad,env_runners/env_to_module_connector/timers/connectors/add_observations_from_episodes_to_batch,env_runners/module_to_env_connector/timers/connectors/un_batch_to_individual_items,env_runners/module_to_env_connector/timers/connectors/normalize_and_clip_actions,env_runners/module_to_env_connector/timers/connectors/get_actions,env_runners/module_to_env_connector/timers/connectors/remove_single_ts_time_rank_from_batch,env_runners/module_to_env_connector/timers/connectors/listify_data_for_vector_env,env_runners/module_to_env_connector/timers/connectors/tensor_to_numpy,learners/__all_modules__/learner_connector/timers/connectors/numpy_to_tensor,learners/__all_modules__/learner_connector/timers/connectors/general_advantage_estimation,learners/__all_modules__/learner_connector/timers/connectors/add_states_from_episodes_to_batch,learners/__all_modules__/learner_connector/timers/connectors/add_columns_from_episodes_to_train_batch,learners/__all_modules__/learner_connector/timers/connectors/add_one_ts_to_episodes_and_truncate,learners/__all_modules__/learner_connector/timers/connectors/batch_individual_items,learners/__all_modules__/learner_connector/timers/connectors/add_time_dim_to_batch_and_zero_pad,learners/__all_modules__/learner_connector/timers/connectors/add_observations_from_episodes_to_batch
1,4000.0,False,1,871eb_00000,2025-12-14_20-09-07,1765723147,12.744184494018555,12.744184494018555,24416,LAPTOP-HQRQ0VAR,127.0.0.1,12.744184494018555,1,12.73512960000005,1.9100000031357922e-05,12.7343153999999,1.7757596999999805,10.95222369999999,0.0043955999999525375,4000.0,10.0,238.8460311457001,368,206.495755569057,9.751752267775918e-05,206.495755569057,10.0,0.0,2612.141339228423,0.00034169999997857303,0.5321152100000063,-1947.165813947081,1.6854418000000067,279,322.8,4000.0,0.00021151904594919998,574.1231127848903,4,0,0,34.98947368421052,90.53684210526316,0.00028665391323989516,0.0007383762937346709,4000.0,238.8460311457001,4000.0,4000.0,4000.0,238.8460311457001,0.1046831,0.0,1.089649,138756,0.004198421,128.0,1.0,1.0,0.52513206,120448,0.10000000149011612,10.0,0.0,10.105522,145334.69,5e-05,120448,13956.78565604968,4000,120448,138756,3777174,4014,0,120448,3777174,437847.29216157825,13958.172586202907,13960.511822661463,0.3533509999999751,5.550324127136908e-05,3.263566489997351e-06,2.9082081857048795e-05,4.162239471165815e-06,1.2518543408387049e-05,2.9759109241661985e-05,4.7165644092673544e-05,0.000283557226734599,3.0159341371803277e-06,5.186668002890404e-05,8.183749786775714e-05,0.001121699999998782,0.11757920000002287,9.500000032858225e-06,0.12446909999994205,0.010015800000019226,0.09833900000000995,3.0200000082913903e-05,0.0004406000000471977
1,8000.0,False,2,871eb_00000,2025-12-14_20-09-19,1765723159,11.089473485946655,23.83365797996521,24416,LAPTOP-HQRQ0VAR,127.0.0.1,23.83365797996521,2,12.71858528700005,1.9098000030908225e-05,12.717771085999901,1.7751192199999808,10.93630970999999,0.004405139999953463,4000.0,23.0,257.59808750531505,380,174.5742806802362,8.581459297998008e-05,174.5742806802362,13.0,1.0,2953.466762631291,0.00034169999997857303,0.5289355695652217,-1947.165813947081,1.6847872970000066,279,324.5652173913044,8000.0,0.00018531539092816953,569.522608689712,4,0,0,34.91875,91.1875,0.00024538287819186123,0.000651856654430303,4000.0,257.59808750531505,8000.0,8000.0,4000.0,257.59808750531505,0.10520388,0.0,1.0898336,138756,0.015755938,128.0,1.0,2.0,1.1974066,120576,0.10000000149011612,9.98243,0.0,10.08921,298365.1,5e-05,241024,13923.793591753536,4000.0,241024,138756,7561188,4014.03,0,120576,3784014,436811.5429872821,13925.07767888218,13927.260882218596,0.35201680099997473,4.8809921386522634e-05,2.7801208152056834e-06,2.5077362335000027e-05,3.617316338161139e-06,1.094558289776933e-05,2.5950013157485535e-05,4.1431366972091234e-05,0.0002538362636522872,2.635250085445917e-06,4.5284731779452635e-05,7.305857569422722e-05,0.0011126699999988432,0.11664887400002272,9.49900003320181e-06,0.12426257499994221,0.009986448000018982,0.09818934100001002,3.017500008240859e-05,0.00043962200004671103
1,12000.0,False,3,871eb_00000,2025-12-14_20-09-29,1765723169,10.8442063331604,34.67786431312561,24416,LAPTOP-HQRQ0VAR,127.0.0.1,34.67786431312561,3,12.699750734130047,1.9203020030079187e-05,12.698934676139901,1.776965232799981,10.915638364899992,0.004399206599953868,4000.0,36.0,204.1137926306518,380,120.85435146128906,0.00010753234242774878,120.85435146128906,13.0,2.0,2953.466762631291,0.00034169999997857303,0.5299284450000016,-2717.23741106752,1.6865005122800065,254,311.89,12000.0,0.00024193550561118907,561.4951298261248,4,0,0,33.260000000000005,90.20666666666666,0.0003016789335158046,0.0008004356421829854,4000.0,204.1137926306518,12000.0,12000.0,4000.0,204.1137926306518,0.07425548,0.0,1.081553,138756,0.0026270328,128.0,1.0,3.0,0.43875203,120576,0.05000000074505806,9.938141,0.0,10.012658,230613.6,5e-05,361600,14091.779698422644,4000.0,361600,138756,11345202,4014.0597000000002,0,120576,3784014,442082.2339607623,14092.945199720303,14094.992936546483,0.352613324989975,6.263594970938889e-05,3.4577858720973666e-06,3.131488906888979e-05,4.695558800770802e-06,1.3686695279982884e-05,3.090353769191048e-05,5.089311241373981e-05,0.000323941979040947,3.274316800971515e-06,5.42373914266101e-05,8.787673082286934e-05,0.0011050632999990626,0.11574229526002339,9.490010032880036e-06,0.12399134124994295,0.009932322520018477,0.10003552859001003,3.0170250080720964e-05,0.0004374347800466921
1,16000.0,False,4,871eb_00000,2025-12-14_20-09-40,1765723180,10.371690034866333,45.04955434799194,24416,LAPTOP-HQRQ0VAR,127.0.0.1,45.04955434799194,4,12.676383430788746,1.9156989829637157e-05,12.675561783378502,1.776447521471982,10.892765566250993,0.004406558533954073,4000.0,50.0,201.742208847329,354,162.5550233013857,0.00011402693808907393,162.5550233013857,14.0,3.0,2671.940919429848,0.00034169999997857303,0.497526363000004,-2717.23741106752,1.6856843089072067,254,296.27,16000.0,0.0002511704974154993,550.947084385963,4,0,0,28.613333333333337,89.22666666666666,0.00032004335679149175,0.0008383265480498787,4000.0,201.742208847329,16000.0,16000.0,4000.0,201.742208847329,-0.08691018,0.0,1.0096356,138756,0.031334206,128.0,1.0,4.0,0.41036984,120576,0.07500000298023224,9.926598,0.0,9.841254,156907.42,5e-05,482176,14113.409292598386,4000.0,482176,138756,15130158,4014.099103,0,120576,3784956,442791.20987974055,14114.46502439366,14116.54594290459,0.3511983307400751,6.547586254731693e-05,3.5580557471876626e-06,3.351685208850489e-05,4.815732604549543e-06,1.4145065896979248e-05,3.3472171520800934e-05,5.341459347917199e-05,0.0003307771326405907,3.3871961318838183e-06,5.949336428495406e-05,9.296700780292558e-05,0.0010958016669994437,0.1147352153074234,9.47610993200567e-06,0.12373021483744376,0.00987842629481831,0.09996287630410976,3.0117547580763017e-05,0.0004354564322460876
1,20000.0,False,5,871eb_00000,2025-12-14_20-09-51,1765723191,11.352010250091553,56.401564598083496,24416,LAPTOP-HQRQ0VAR,127.0.0.1,56.401564598083496,5,12.66304844648086,1.9210419931290652e-05,12.662228560544717,1.7751650372572625,10.880727012588483,0.004397284948614685,4000.0,63.0,139.73769244674202,345,157.06325396156882,8.096401145394616e-05,157.06325396156882,13.0,4.0,2671.940919429848,0.00034169999997857303,0.47263141600000497,-2414.4913270439147,1.6840109453181344,257,304.58,20000.0,0.00017114321036395638,538.5717327727825,4,0,0,26.325,89.92500000000001,0.00023659086114032068,0.00062549638685052,4000.0,139.73769244674202,20000.0,20000.0,4000.0,139.73769244674202,-0.1448797,1.1920929e-07,0.96778625,138756,0.01623194,128.0,1.0,5.0,0.4828695,120576,0.07500000298023224,9.921954,0.0,9.778293,162425.23,5e-05,602752,14282.100337286045,4000.0,602752,138756,18914172,4014.12811197,0,120576,3784014,448053.56249671336,14282.71700022941,14284.208772655958,0.3499741464326738,4.6118720377053936e-05,2.5794668893156973e-06,2.4235981740639667e-05,3.33653417188362e-06,1.0376220970234996e-05,2.548694721290214e-05,3.9608910477890554e-05,0.00024173868713290425,2.4776643314004296e-06,4.3301506459851173e-05,6.902381955905068e-05,0.0010882426503291667,0.11374809315434933,9.478348832327024e-06,0.12358511668906959,0.009883903031870304,0.09987834754106836,3.0109372105466187e-05,0.0004359738679242864
1,24000.0,False,6,871eb_00000,2025-12-14_20-10-02,1765723202,10.162142038345337,66.56370663642883,24416,LAPTOP-HQRQ0VAR,127.0.0.1,66.56370663642883,6,12.637883165016051,1.9190315731998235e-05,12.63706446093927,1.7739857608846898,10.8567348274626,0.004403084099128386,4000.0,71.0,241.7918210662821,414,249.4794335607159,9.052361269799904e-05,249.4794335607159,8.0,5.0,1961.7772783189612,0.00034169999997857303,0.5152495140000064,-2414.4913270439147,1.682516991614953,268,334.25,24000.0,0.0001898960020683536,524.8118177791747,4,0,0,29.96,90.77333333333334,0.00027015714602071286,0.0006859274384923817,4000.0,241.7918210662821,24000.0,24000.0,4000.0,241.7918210662821,-0.0051688324,0.0,0.95462835,138756,0.0016513765,128.0,1.0,6.0,0.14580488,120448,0.03750000149011612,9.912148,0.0,9.907104,152752.25,5e-05,723200,14183.713695657387,4000.0,723200,138756,22689464,4014.1068308503,0,120448,3775292,444893.88475167454,14183.816492824826,14184.77455665405,0.3487661539683468,5.079326170735994e-05,3.000583300608538e-06,2.7196878750334474e-05,3.766655651934528e-06,1.1322646812532269e-05,2.8397903930149657e-05,4.277199043097121e-05,0.0002600017648204192,2.7735722774723176e-06,4.8015720949043175e-05,7.498034436572695e-05,0.0010807802238263352,0.1129730502228055,9.448565344408078e-06,0.12318926752217994,0.009822241001550849,0.09992068506565834,3.0056278384467505e-05,0.00043303312924521255
1,28000.0,False,7,871eb_00000,2025-12-14_20-10-12,1765723212,10.562076568603516,77.12578320503235,24416,LAPTOP-HQRQ0VAR,127.0.0.1,77.12578320503235,7,12.61697154936589,1.923141257534054e-05,12.616152492329878,1.7757842172758418,10.834021904187974,0.004400005258136481,4000.0,81.0,-7.869252376987142,479,205.62392383166844,0.00011303210157053024,205.62392383166844,10.0,6.0,1961.7772783189612,0.00034169999997857303,0.6248344590000113,-2414.4913270439147,1.6845222354488028,290,388.55,28000.0,0.00025391855262223893,510.17490265232226,4,0,0,41.34000000000001,88.77333333333333,0.00032114692504316904,0.0008284274286664453,4000.0,-7.869252376987142,28000.0,28000.0,4000.0,-7.869252376987142,0.06981169,0.0,0.9021703,138756,0.008614168,128.0,1.0,7.0,1.8913199,120448,0.03750000149011612,10.0,0.0,10.070135,202968.77,5e-05,843648,14340.384180010618,4000.0,843648,138756,26466638,4014.1057625417966,0,120448,3777174,449808.5038861132,14340.552500780897,14341.526392017144,0.3477039714286642,6.430006541538812e-05,3.7090218836987148e-06,3.259585737183625e-05,4.825372975928012e-06,1.4557300102205845e-05,3.260246521554245e-05,5.165002651839086e-05,0.00032976927108049734,3.4444576745015847e-06,5.726390096597962e-05,9.154147878278059e-05,0.0010721634215878834,0.11204181272057777,9.437079690868128e-06,0.12329172784695787,0.009768985591535382,0.09975954121500166,3.00577156003151e-05,0.00043067079795302133
1,32000.0,False,8,871eb_00000,2025-12-14_20-10-22,1765723222,9.76866364479065,86.894446849823,24416,LAPTOP-HQRQ0VAR,127.0.0.1,86.894446849823,8,12.58840516887223,1.9290098449749228e-05,12.587584168406579,1.774819463103084,10.806415076146095,0.004394876205554406,4000.0,90.0,-63.32903876135315,515,184.489387812288,8.787022117012648e-05,184.489387812288,9.0,7.0,3008.6219935958634,0.00034169999997857303,0.7268403730000046,-2230.8121968822807,1.6835434458443146,302,441.02,32000.0,0.00018766429421981888,495.01613498291624,4,0,0,25.45,86.7642857142857,0.0002612194554079937,0.0006747488822261452,4000.0,-63.32903876135315,32000.0,32000.0,4000.0,-63.32903876135315,0.0027887365,0.0,0.9646449,138756,0.008895411,128.0,1.0,8.0,0.68838936,120448,0.03750000149011612,9.971343,0.0,9.974466,118384.664,5e-05,964096,14522.197057163332,4000.0,964096,138756,30242871,4014.0947049163788,0,120448,3776233,455438.24010168103,14522.335341126221,14522.529246831573,0.34768909171437784,5.005369279674223e-05,2.8655044500389675e-06,2.76087815557298e-05,3.6765080640307345e-06,1.1017916847520247e-05,2.7588756244433067e-05,4.2297328311685115e-05,0.00025781518443849166,2.7608940991941387e-06,4.6657345997026566e-05,7.485795150122932e-05,0.0010636647873721902,0.11108845659337242,9.43770889315116e-06,0.12283087956848794,0.00972496173562005,0.10122221380285147,2.998913844418095e-05,0.00042854208997322176
1,36000.0,False,9,871eb_00000,2025-12-14_20-10-32,1765723232,10.177324295043945,97.07177114486694,24416,LAPTOP-HQRQ0VAR,127.0.0.1,97.07177114486694,9,12.564203488183507,1.9262197465403583e-05,12.563382420722514,1.7728303384720523,10.784208947384634,0.004391796443498337,4000.0,98.0,118.59694956253107,528,195.4546219815344,8.348089010099533e-05,195.4546219815344,8.0,8.0,3008.6219935958634,0.00034169999997857303,0.7478514089999987,-2230.8121968822807,1.6817863676358717,403,457.2,36000.0,0.00018092680577850982,479.6433337544595,4,0,0,24.28666666666667,86.61999999999999,0.0002496961568751747,0.000646612627751202,4000.0,118.59694956253107,36000.0,36000.0,4000.0,118.59694956253107,0.030366097,0.0,0.87865293,138756,0.011490096,128.0,1.0,9.0,0.14848645,120448,0.03750000149011612,10.0,0.0,10.030797,181547.6,5e-05,1084544,14592.30932703885,4000.0,1084544,138756,34018163,4014.0737578672147,0,120448,3775292,457628.5488802275,14592.32203859675,14592.555649235246,0.3459874837972347,4.8218688562800044e-05,2.904139338464517e-06,2.5108842349014025e-05,3.4955991713170517e-06,1.0658343059236385e-05,2.612369465703203e-05,4.1157557725456326e-05,0.00024928271479002305,2.577920573613084e-06,4.476378520351299e-05,7.087315541000082e-05,0.001054721139498855,0.11013845402743883,9.453331803941926e-06,0.12247374877280294,0.009662277118263552,0.10091048666482391,2.9978247060487415e-05,0.0004256676690729967
1,40000.0,False,10,871eb_00000,2025-12-14_20-10-42,1765723242,9.981512546539307,107.05328369140625,24416,LAPTOP-HQRQ0VAR,127.0.0.1,107.05328369140625,10,12.538207053301672,1.928257549146233e-05,12.537381047515288,1.7724575730873322,10.758571477910788,0.0043960354790633,4000.0,106.0,435.3140761590135,547,220.11764360641536,8.684445821111373e-05,220.11764360641536,8.0,9.0,3008.6219935958634,0.00034169999997857303,0.7450167569999974,-2230.8121968822807,1.681254184959513,403,472.05,40000.0,0.0001879970329456027,464.1916612353318,4,0,0,26.864285714285717,85.00714285714285,0.00025423030853098053,0.0006659210842157705,4000.0,435.3140761590135,40000.0,40000.0,4000.0,435.3140761590135,-0.052277256,0.0,0.8749179,138756,0.012204163,128.0,1.0,10.0,1.3687218,120448,0.03750000149011612,10.0,0.0,9.948182,126879.87,5e-05,1204992,14695.544596440459,4000.0,1204992,138756,37793455,4014.0530202885425,0,120448,3775292,460875.536595508,14695.798294711669,14696.274760249913,0.3445390949592613,4.852901532362864e-05,2.8925879258201373e-06,2.5974436546260982e-05,3.7750970631192153e-06,1.0951918766273941e-05,2.7645752194221156e-05,4.2075415893492875e-05,0.0002564873032376234,2.6917115433306745e-06,4.59208462250165e-05,7.260863643013986e-05,0.001046031928103268,0.10924230648716456,9.42279848551355e-06,0.12204838828507451,0.00960549734708048,0.10086004079817489,2.9896464590014263e-05,0.00042337199238265893
1,44000.0,False,11,871eb_00000,2025-12-14_20-10-52,1765723252,10.068882465362549,117.1221661567688,24416,LAPTOP-HQRQ0VAR,127.0.0.1,117.1221661567688,11,12.513386536768657,1.9311749737578825e-05,12.512558058040135,1.7706789633564595,10.73554400113168,0.004382199124272554,4000.0,112.0,572.921255185485,728,423.4461290839566,7.992687762188141e-05,423.4461290839566,6.0,10.0,2426.428998864725,0.00034169999997857303,0.7865694420000022,-1779.0922342331996,1.6794676641099175,405,510.57,44000.0,0.00017175170127355007,448.8605694552715,4,0,0,22.893333333333334,85.46000000000001,0.00023141646315467964,0.0006236197603269236,4000.0,572.921255185485,44000.0,44000.0,4000.0,572.921255185485,-0.016994491,0.0,0.75040805,138756,0.026412066,128.0,1.0,11.0,0.22888733,120320,0.05625000223517418,10.0,0.0,9.983995,131321.11,5e-05,1325312,14764.343427966025,4000.0,1325312,138756,41562855,4014.0124900856567,0,120320,3769400,462958.19601959793,14764.25482156318,14764.42107805916,0.34306298900966886,4.507518976447339e-05,2.6497883008005926e-06,2.3712177554522198e-05,3.2914240982263318e-06,1.0270961245389789e-05,2.4816939900698816e-05,3.969066237641806e-05,0.00024243726549381307,2.506498536042335e-06,4.311761516237887e-05,6.843231185922225e-05,0.0010375826088213644,0.10829354242229207,9.393570501062739e-06,0.12171757240222357,0.009543005373610315,0.10074651339019351,2.9803499943821394e-05,0.0004203652724590314
1,48000.0,False,12,871eb_00000,2025-12-14_20-11-03,1765723263,10.527268648147583,127.64943480491638,24416,LAPTOP-HQRQ0VAR,127.0.0.1,127.64943480491638,12,12.49341691540097,1.926563224085508e-05,12.492589008459733,1.7692918817228958,10.716971265120364,0.004375497133030469,4000.0,116.0,752.4018010434477,885,477.0198319664243,8.79017708217966e-05,477.0198319664243,4.0,11.0,2426.428998864725,0.00034169999997857303,0.8588174760000061,-1779.0922342331996,1.6779420557188178,405,562.95,48000.0,0.0001857912203846852,433.7448822581017,4,0,0,33.67333333333333,86.28,0.00025933615730333565,0.0006738330974976319,4000.0,752.4018010434477,48000.0,48000.0,4000.0,752.4018010434477,0.10152989,0.0,0.70433533,138756,0.002004168,128.0,1.0,12.0,0.34863412,120320,0.02812500111758709,9.9287,0.0,10.030343,199106.47,5e-05,1445632,14721.53680073077,4000.0,1445632,138756,45330375,4013.9523651848,0,120320,3767520,461566.0090391363,14721.231475260402,14721.24968391459,0.34314962511957225,4.9302717875310205e-05,2.8814404320238624e-06,2.6368830401952383e-05,3.5643915940045485e-06,1.1043707836768636e-05,2.7417535814360778e-05,4.239240189346773e-05,0.000258878774270139,2.7011095788805433e-06,4.6744501595438604e-05,7.439599577443588e-05,0.0010288437827334516,0.10735262299806893,9.371634796325076e-06,0.12129974867820156,0.009480004319874532,0.10227571325629167,2.973946494470188e-05,0.0004171606197345336
1,52000.0,False,13,871eb_00000,2025-12-14_20-11-14,1765723274,10.982703685760498,138.63213849067688,24416,LAPTOP-HQRQ0VAR,127.0.0.1,138.63213849067688,13,12.47814697324696,1.9231975918386152e-05,12.477320499375136,1.771662438905667,10.69935202246916,0.0043615721616987475,4000.0,119.0,1003.6535267360913,987,705.5706217891305,0.0001247901497095039,705.5706217891305,3.0,12.0,4947.021828419021,0.00034169999997857303,0.9474484850000101,-1779.0922342331996,1.6802362451616293,405,617.57,52000.0,0.00029017166625466384,418.87163686710045,4,0,0,49.76875,82.65625,0.0003632529954609732,0.0009353514511061896,4000.0,1003.6535267360913,52000.0,52000.0,4000.0,1003.6535267360913,-0.006638076,0.0,0.730156,138756,0.007617276,128.0,1.0,13.0,0.86286175,120320,0.02812500111758709,10.0,0.0,9.993577,699764.5,5e-05,1565952,14756.179611465022,4000.0,1565952,138756,49096955,4013.882841532952,0,120320,3766580,462597.1881889323,14755.447494500135,14755.29433344723,0.34194006386837655,7.447072176335223e-05,4.2276678126702605e-06,3.695149576740484e-05,5.744391974260483e-06,1.595193617437253e-05,3.6420307227317283e-05,5.866023555660801e-05,0.0003795348234261222,3.733679850255361e-06,6.272754879628943e-05,0.00010377473721824657,0.0010212353449061719,0.10645643976808852,9.3549184491906e-06,0.12111225819141894,0.009430488276674915,0.10221730512372952,2.9689070295654426e-05,0.0004140800135375033
1,56000.0,False,14,871eb_00000,2025-12-14_20-11-25,1765723285,10.648985385894775,149.28112387657166,24416,LAPTOP-HQRQ0VAR,127.0.0.1,149.28112387657166,14,12.459737327514489,1.9363656159293763e-05,12.458908066381385,1.7710446955166097,10.681562640244469,0.00435551744008322,4000.0,122.0,1275.0217601778609,1446,839.2998290716794,9.116848731926496e-05,839.2998290716794,3.0,13.0,5410.714363224313,0.00034169999997857303,1.118283392000011,-1779.0922342331996,1.6797413209600136,405,699.89,56000.0,0.000197142931360336,404.3398151028325,4,0,0,46.606666666666676,82.48666666666666,0.00026954887334185753,0.0006958883008196185,4000.0,1275.0217601778609,56000.0,56000.0,4000.0,1275.0217601778609,0.13442075,0.0,0.6964064,138756,0.002217289,128.0,1.0,14.0,1.0836482,120320,0.014062500558793545,10.0,0.0,10.134483,393331.16,5e-05,1686272,14891.270827994995,4000.0,1686272,138756,52863535,4013.814013117623,0,120320,3766580,466828.9949799557,14891.014252862635,14891.06680081918,0.3408683452296924,5.1118468509211327e-05,3.053662814685923e-06,2.718517067455851e-05,3.826432744497774e-06,1.1592756665510483e-05,2.8283010708470992e-05,4.32224783110747e-05,0.0002688161547396225,2.838171399363753e-06,4.8688715741432416e-05,7.573951253481334e-05,0.0010142579914563321,0.10562125337040672,9.328369265552715e-06,0.12095988860950455,0.009388384393909044,0.10219200307249206,2.9601179594785004e-05,0.0004112422134012259
1,60000.0,False,15,871eb_00000,2025-12-14_20-11-36,1765723296,10.703558444976807,159.98468232154846,24416,LAPTOP-HQRQ0VAR,127.0.0.1,159.98468232154846,15,12.442030945239344,1.9314019598246757e-05,12.44120126771757,1.7712524925614435,10.663645896842025,0.004355306265683003,4000.0,126.0,1819.597187277439,1624,562.7861314272163,0.00010271634065575169,562.7861314272163,4.0,14.0,6300.952651131287,0.00034169999997857303,1.3635211480000056,-1779.0922342331996,1.679584680000414,416,845.1,60000.0,0.00022990100618173326,390.2095411639981,4,0,0,46.71333333333333,83.45333333333335,0.0002896581864674686,0.0007704665384410132,4000.0,1819.597187277439,60000.0,60000.0,4000.0,1819.597187277439,0.052819446,0.0,0.60533625,138756,0.021094378,128.0,1.0,15.0,0.57216877,120320,0.02109375037252903,9.929837,0.0,9.982953,276289.12,5e-05,1806592,14871.619883200305,4000.0,1806592,138756,56631055,4013.7558729864463,0,120320,3767520,466177.38515465986,14871.283801718282,14871.180979468736,0.3394905727773948,6.0359663590952766e-05,3.270992853957207e-06,3.022003539322653e-05,4.446025951537881e-06,1.3287854451750975e-05,3.057991264786106e-05,4.932596684114686e-05,0.0003088495786083662,3.0964001431119874e-06,5.342050269734493e-05,8.573423512925171e-05,0.0010060464115411,0.10470857183670146,9.371085573918063e-06,0.12080736372340978,0.009337499549969736,0.10194814904176745,2.967516779903986e-05,0.00040829879126687697
1,64000.0,False,16,871eb_00000,2025-12-14_20-11-46,1765723306,10.66480565071106,170.64948797225952,24416,LAPTOP-HQRQ0VAR,127.0.0.1,170.64948797225952,16,12.424158819786948,1.9320879404033075e-05,12.423328603040396,1.7741640436358281,10.642882034873605,0.004339645203026693,4000.0,129.0,2362.4139729680046,1700,474.213469951324,0.00010809604184160165,474.213469951324,3.0,15.0,6454.8136397791495,0.00034169999997857303,1.6082573230000026,-440.4256614885653,1.6825849232004095,416,974.1,64000.0,0.0002405363448851165,376.4934140632158,4,0,0,47.906666666666666,83.11333333333332,0.0003125601189649545,0.0008042182561013998,4000.0,2362.4139729680046,64000.0,64000.0,4000.0,2362.4139729680046,-0.14350563,0.0,0.5151872,138756,0.007099731,128.0,1.0,16.0,0.7241656,120320,0.02109375037252903,9.93858,0.0,9.795223,461027.16,5e-05,1926912,14980.827269687454,4000.0,1926912,138756,60397635,4013.688314256582,0,120320,3766580,469583.248114163,14980.711077218368,14980.656227639172,0.34018061104961966,6.226398412042598e-05,3.6207015981496656e-06,3.1905634398783696e-05,4.724002807900382e-06,1.374414263176752e-05,3.204456085475317e-05,5.079353025569114e-05,0.00031702298432179814,3.574171186848795e-06,5.600261507330861e-05,8.87710273693684e-05,0.0010005249474270758,0.10386962811833347,9.369374718401353e-06,0.12049630008617672,0.009285747554469656,0.10385198155134943,2.9624416120655745e-05,0.00040561780335453387
1,68000.0,False,17,871eb_00000,2025-12-14_20-11-56,1765723316,9.231867790222168,179.8813557624817,24416,LAPTOP-HQRQ0VAR,127.0.0.1,179.8813557624817,17,12.392094650589078,1.927767060847716e-05,12.391261337009992,1.77423248719947,10.61073896052487,0.004340381750995391,4000.0,130.0,2481.154747867572,1739,763.6148569043194,9.824395717452215e-05,763.6148569043194,1.0,16.0,6454.8136397791495,0.00034169999997857303,1.7058059460000026,-440.4256614885653,1.6825211552184052,524,1023.42,68000.0,0.00021082227453045858,363.27869884254403,4,0,0,37.107142857142854,82.80714285714284,0.0002856967977804708,0.0007418593531413677,4000.0,2481.154747867572,68000.0,68000.0,4000.0,2481.154747867572,-0.01893492,0.0,0.46205097,138756,0.0064641316,128.0,1.0,17.0,0.72149175,120192,0.02109375037252903,9.973469,0.0,9.954671,673215.8,5e-05,2047104,15122.249687964973,4000.0,2047104,138756,64158330,4013.6014311140166,0,120192,3760695,473964.10247297,15122.041848312523,15121.980074770225,0.3385173009391239,5.695370221354134e-05,3.253916411541607e-06,2.8558862206102775e-05,4.128215062654666e-06,1.254283356655904e-05,3.005703280886161e-05,4.7102220954721984e-05,0.00028863073703165246,2.9963274909071985e-06,5.166843570494154e-05,8.13909648181865e-05,0.000992294697951166,0.10297202783714998,9.34868097000985e-06,0.12014413408531496,0.009226254078925761,0.1035175547358376,2.9610171958055084e-05,0.0004023836253205048
1,72000.0,False,18,871eb_00000,2025-12-14_20-12-05,1765723325,9.342247724533081,189.22360348701477,24416,LAPTOP-HQRQ0VAR,127.0.0.1,189.22360348701477,18,12.361487592083188,1.9219893902619982e-05,12.360655406639893,1.7730668413274748,10.581315172919622,0.004328105933485972,4000.0,132.0,2705.282369887473,1787,712.705115722224,8.69217905755412e-05,712.705115722224,2.0,17.0,6454.8136397791495,0.00034169999997857303,1.845146457000011,-440.4256614885653,1.6812218456662218,536,1105.98,72000.0,0.00018484826368973258,350.69435258436,4,0,0,36.83846153846154,82.92307692307692,0.00025439331682583125,0.0006608292657046851,4000.0,2705.282369887473,72000.0,72000.0,4000.0,2705.282369887473,-0.055953026,5.9604645e-08,0.46202475,138756,0.00037907483,128.0,1.0,18.0,0.13183235,120192,0.010546875186264515,10.0,0.0,9.944054,627903.2,5e-05,2167296,15255.523126032136,4000.0,2167296,138756,67919964,4013.5254168028764,0,120192,3761634,478087.57930578955,15255.197541483567,15255.008267116984,0.3369140029297319,4.935557062135238e-05,2.9077475627673852e-06,2.600069536778823e-05,3.6548484371917327e-06,1.097828453672298e-05,2.7246541177095216e-05,4.136386357800044e-05,0.00025508817522955,2.6753430881096874e-06,4.6546599995825834e-05,7.259478272747991e-05,0.0009841817509727688,0.10208197555877782,9.324194160476604e-06,0.11988657774446104,0.009170558538136152,0.10313719418847954,2.952507023760075e-05,0.0003993047890688929
1,76000.0,False,19,871eb_00000,2025-12-14_20-12-14,1765723334,9.368581056594849,198.59218454360962,24416,LAPTOP-HQRQ0VAR,127.0.0.1,198.59218454360962,19,12.331438001162356,1.9165694963927487e-05,12.330607435573492,1.7721607709142007,10.552190086190427,0.0043160468741511825,4000.0,134.0,3743.7099564314785,2283,754.7083160585742,8.954467924835565e-05,754.7083160585742,2.0,18.0,18280.572804287014,0.00034169999997857303,2.0363503880000224,-440.4256614885653,1.6804231024595597,569,1222.61,76000.0,0.00019375735489371177,338.6856645324698,4,0,0,37.0,83.10000000000001,0.00025738768037974027,0.0006709321314158233,4000.0,3743.7099564314785,76000.0,76000.0,4000.0,3743.7099564314785,-0.07247985,3.5762787e-07,0.4908366,138756,0.004135434,128.0,1.0,19.0,0.746137,120192,0.0052734375931322575,10.0,0.0,9.927564,1403066.2,5e-05,2287488,15365.749629171516,4000.0,2287488,138756,71681598,4013.4501626348474,0,120192,3761634,481499.6535631414,15365.448368495572,15365.151468918155,0.3357084079004354,5.135552946737772e-05,2.92980024604097e-06,2.65655525061717e-05,3.803708262152599e-06,1.160422663469075e-05,2.7307282487592266e-05,4.2424625365159206e-05,0.000264457079226484,2.732076559319266e-06,4.631336150955592e-05,7.36067793654118e-05,0.0009798849334621152,0.10133945880319009,9.32395221988759e-06,0.11959829596701708,0.009109903952755634,0.10303627324659628,2.9486819534462193e-05,0.000396146741178938
1,80000.0,False,20,871eb_00000,2025-12-14_20-12-25,1765723345,9.969427585601807,208.56161212921143,24416,LAPTOP-HQRQ0VAR,127.0.0.1,208.56161212921143,20,12.307654973150731,1.9101038014990748e-05,12.306822902217759,1.7716614572050593,10.528896702328524,0.004317822405408995,4000.0,136.0,4721.582853018411,2283,745.6897452328171,9.341153338725479e-05,745.6897452328171,2.0,19.0,18280.572804287014,0.00034169999997857303,2.1890435630000273,-440.4256614885653,1.6799257196849655,569,1321.54,80000.0,0.00020566190861198724,327.2334805339926,4,0,0,38.25333333333334,83.73333333333335,0.00027517597335311524,0.0007149638719134249,4000.0,4721.582853018411,80000.0,80000.0,4000.0,4721.582853018411,-0.022629647,0.0,0.3922627,138756,0.008616515,128.0,1.0,20.0,0.76488936,120192,0.0052734375931322575,9.927164,0.0,9.90458,792185.5,5e-05,2407680,15403.347631972158,4000.0,2407680,138756,75443232,4013.375661008499,0,120192,3761634,482675.472335799,15403.395675966583,15403.173348934017,0.33424915982143155,5.39463180077588e-05,3.125369855271247e-06,2.7553376659376227e-05,3.892540796696863e-06,1.1776074936526474e-05,2.926775304533229e-05,4.4508454423180605e-05,0.00027763265294074605,2.8716111010964196e-06,4.9822577304857177e-05,7.865783844551987e-05,0.0009719190841286642,0.10051009221515696,9.311712698280017e-06,0.11939866100734567,0.009053883913227392,0.10268084951413076,2.9427951339885973e-05,0.0003931112737673118
1,84000.0,False,21,871eb_00000,2025-12-14_20-12-35,1765723355,10.705094337463379,219.2667064666748,24416,LAPTOP-HQRQ0VAR,127.0.0.1,219.2667064666748,21,12.291463531419225,1.906302763570511e-05,12.290630852195582,1.7713861976330094,10.512978810305237,0.004321061181353561,4000.0,138.0,6508.557193632208,2283,618.5186604107819,9.0120513108949e-05,618.5186604107819,2.0,20.0,23773.485343258515,0.00034169999997857303,2.404203443000025,-440.4256614885653,1.679341873738116,672,1449.94,84000.0,0.00019489850187154916,316.2628414598514,4,0,0,40.58666666666667,83.93333333333332,0.00026240119452679636,0.0006799793118941588,4000.0,6508.557193632208,84000.0,84000.0,4000.0,6508.557193632208,0.002987951,1.7881393e-07,0.4137747,138756,0.0019850412,128.0,1.0,21.0,0.093754895,120192,0.0026367187965661287,10.0,0.0,10.002998,2842056.0,5e-05,2527872,15435.747221133028,4000.0,2527872,138756,79204866,4013.3019043984136,0,120192,3761634,483561.8860962831,15434.504808914993,15433.592642812486,0.3350002252232183,5.263224058865383e-05,2.9154146417128343e-06,2.6433142215533626e-05,3.7440647874748557e-06,1.1422026937548407e-05,2.7360203813881763e-05,4.2946441215406053e-05,0.00026491995518940795,2.788588151672846e-06,4.710940329375713e-05,7.442173276764661e-05,0.0009641488932873454,0.09969293929300561,9.388595572004874e-06,0.11950713339727084,0.00900651607409492,0.1042040160189889,2.9535671827063776e-05,0.0003904071610298377
1,88000.0,False,22,871eb_00000,2025-12-14_20-12-45,1765723365,9.625262975692749,228.89196944236755,24416,LAPTOP-HQRQ0VAR,127.0.0.1,228.89196944236755,22,12.264685407105032,1.9053397359686884e-05,12.263850287673627,1.7716126326566792,10.485969407202184,0.004317319569540761,4000.0,140.0,8146.159673634337,2283,609.0418408497121,9.52312019163487e-05,609.0418408497121,2.0,21.0,23773.485343258515,0.00034169999997857303,2.5976198640000088,-440.4256614885653,1.6795145890007352,672,1563.93,88000.0,0.00020503079816471136,305.69606308197393,4,0,0,36.621428571428574,83.42857142857143,0.0002730433220880712,0.0007151744954386099,4000.0,8146.159673634337,88000.0,88000.0,4000.0,8146.159673634337,0.14248738,0.0,0.48178127,138756,0.0047503416,128.0,1.0,22.0,0.39847377,120192,0.0013183593982830644,10.0,0.0,10.1425,2500604.0,5e-05,2648064,15579.03832620096,4000.0,2648064,138756,82966500,4013.2288853544296,0,120192,3761634,488023.56762373203,15577.826285793122,15576.979335314758,0.33426623597098776,5.373076829715837e-05,3.1053335060801614e-06,2.753155895872885e-05,3.9818348866729044e-06,1.2018124760727796e-05,2.8711989071753976e-05,4.560256912074796e-05,0.00027768106891781,2.9109128654600853e-06,4.943374612408146e-05,7.974212113919681e-05,0.0009567174043545766,0.09891352590007571,9.454709615880864e-06,0.1194000270632974,0.008951009913354598,0.1044286408587973,2.9633315109051464e-05,0.00038742908941742876
1,92000.0,False,23,871eb_00000,2025-12-14_20-12-55,1765723375,9.732758283615112,238.62472772598267,24416,LAPTOP-HQRQ0VAR,127.0.0.1,238.62472772598267,23,12.239225052033984,1.8987863385205987e-05,12.23838858679689,1.7704779813301128,10.461648218130161,0.004311368373843918,4000.0,142.0,10246.795577452292,2283,608.7429910507198,9.038566497449372e-05,608.7429910507198,2.0,22.0,31250.726362405156,0.00034169999997857303,2.8010812089999932,245.91021611291035,1.678265763610728,789,1683.52,92000.0,0.00019232589523621732,295.6567295645482,4,0,0,38.50714285714287,83.56428571428572,0.0002696611478538604,0.0006926549696065534,4000.0,10246.795577452292,92000.0,92000.0,4000.0,10246.795577452292,-0.16019928,5.9604645e-08,0.3916321,138756,0.008629189,128.0,1.0,23.0,0.5611891,120192,0.0013183593982830644,10.0,0.0,9.839812,5882619.5,5e-05,2768256,15568.30875588102,4000.0,2768256,138756,86728134,4013.1565965008854,0,120192,3761634,487668.23818131286,15567.179243891656,15566.461031724337,0.33311253461127727,5.065770991674626e-05,3.063846694677121e-06,2.6955269994637554e-05,3.7168198548518957e-06,1.144773287804247e-05,2.827091525787337e-05,4.3368577293514555e-05,0.0002632264185029086,2.836289329021209e-06,4.816909087787294e-05,7.643930955334191e-05,0.0009490702303130044,0.09806681964107496,9.431162521475475e-06,0.11937137979266338,0.008909638814219224,0.10420967745020844,2.957798195814829e-05,0.0003846717985225944
1,96000.0,False,24,871eb_00000,2025-12-14_20-13-04,1765723384,9.438096046447754,248.06282377243042,24416,LAPTOP-HQRQ0VAR,127.0.0.1,248.06282377243042,24,12.211003028513643,1.892398475126318e-05,12.210168245928923,1.7695174395168105,10.434405888948861,0.0042971586901061724,4000.0,144.0,11860.17366171171,2283,589.5624555744714,9.492838460117264e-05,589.5624555744714,2.0,23.0,31250.726362405156,0.00034169999997857303,2.9446034830000087,245.91021611291035,1.6770371249746212,789,1789.02,96000.0,0.00020458670538396316,286.09330948953254,4,0,0,37.9,83.44615384615385,0.00028225542215614487,0.0007142553358733334,4000.0,11860.17366171171,96000.0,96000.0,4000.0,11860.17366171171,0.008655419,-1.1920929e-07,0.4394557,138756,0.0046771807,128.0,1.0,24.0,0.9685134,120192,0.0006591796991415322,10.0,0.0,10.008661,3169518.8,5e-05,2888448,15661.600580074357,4000.0,2888448,138756,90489768,4013.0850305358763,0,120192,3761634,490574.9464848784,15660.572221381623,15659.970337468467,0.33171535526516366,5.354368101449402e-05,3.2219724506028605e-06,3.2531550056104456e-05,3.962644708513404e-06,1.1968006161108154e-05,2.891122824367268e-05,4.504225406109916e-05,0.00027605520084132706,2.977664562766965e-06,4.974957639049714e-05,7.90692760338905e-05,0.0009413455280101905,0.09722807144466514,9.412850895159344e-06,0.11920089099473802,0.008861055426078315,0.10388828167570655,2.9546202138809764e-05,0.0003817990805369557
1,100000.0,False,25,871eb_00000,2025-12-14_20-13-14,1765723394,9.545445442199707,257.6082692146301,24416,LAPTOP-HQRQ0VAR,127.0.0.1,257.6082692146301,25,12.184094802228506,1.893074490461994e-05,12.183261213469635,1.7693881141216425,10.40764200205937,0.004287247103203497,4000.0,144.0,11860.17366171171,2283,901.0297261001267,9.534547679269173e-05,901.0297261001267,0.0,24.0,31250.726362405156,0.00034169999997857303,2.9446034830000087,245.91021611291035,1.6769812089748752,789,1789.02,100000.0,0.00021222402759296272,277.0058337246843,4,0,0,37.778571428571425,83.30714285714284,0.0002774376834514973,0.0007162838714293148,4000.0,11860.17366171171,100000.0,100000.0,4000.0,11860.17366171171,-0.03079829,0.0,0.37235692,138756,0.0077147256,128.0,1.0,25.0,1.0209767,120192,0.0006591796991415322,10.0,0.0,9.969207,1350063.5,5e-05,3008640,15710.794640281172,4000.0,3008640,138756,94249524,4012.9941802305175,0,120192,3759756,492076.0424880957,15709.70031768539,15709.081607115819,0.33237198271251167,5.53084711664065e-05,3.230666914346807e-06,2.8293119049648484e-05,4.11759964233558e-06,1.22892989506122e-05,2.9209064724496803e-05,4.514162880158077e-05,0.00028232305793483517,2.9005022253400506e-06,5.001328764169661e-05,7.915033532826434e-05,0.0009336920727301925,0.09643407973021889,9.395722388173394e-06,0.11932715608479084,0.008812816871816101,0.10527806185895007,2.9509740118245683e-05,0.00037887908973227477
1,104000.0,False,26,871eb_00000,2025-12-14_20-13-24,1765723404,9.745980501174927,267.35424971580505,24416,LAPTOP-HQRQ0VAR,127.0.0.1,267.35424971580505,26,12.15959341120622,1.8912437457074682e-05,12.158761304334938,1.7691761099804264,10.383364119038779,0.004279587632170211,4000.0,146.0,13471.486251946573,2283,830.0639755859515,9.43053986043243e-05,830.0639755859515,2.0,25.0,31250.726362405156,0.00034169999997857303,3.081214987000004,1649.1621605830678,1.6766866226351251,976,1882.67,104000.0,0.00020771829774434404,268.3753399817686,4,0,0,36.6,83.19285714285715,0.00026661834523860733,0.0007009889983827418,4000.0,13471.486251946573,104000.0,104000.0,4000.0,13471.486251946573,-0.05714786,0.0,0.31111166,138756,0.0057469113,128.0,1.0,26.0,0.12304845,120192,0.0006591796991415322,10.0,0.0,9.942856,2169721.8,5e-05,3128832,15716.7232530127,4000.0,3128832,138756,98011158,4012.9242384282124,0,120192,3761634,492236.95401512034,15715.636279740149,15714.983995666144,0.330934481885387,5.4677159136068166e-05,3.0835477521007637e-06,2.7184125654553463e-05,4.010449172135171e-06,1.2176403412403463e-05,2.759907083046971e-05,4.5074506133319056e-05,0.00028022727636658605,2.837212779461762e-06,4.841639675809938e-05,7.680591761020059e-05,0.0009262291520047531,0.09563127293291564,9.380765163296396e-06,0.1190772875239418,0.008758570703098116,0.10496494524036075,2.9489642716937355e-05,0.00037602529883543355
1,108000.0,False,27,871eb_00000,2025-12-14_20-13-33,1765723413,9.569502115249634,276.9237518310547,24416,LAPTOP-HQRQ0VAR,127.0.0.1,276.9237518310547,27,12.133551887094159,1.8894313084004877e-05,12.132721416291588,1.769024792880621,10.35749814784839,0.0042672167558484315,4000.0,148.0,15132.155330947275,2283,821.0572661060066,9.344907719108655e-05,821.0572661060066,2.0,26.0,31250.726362405156,0.00034169999997857303,3.215107252999993,1649.1621605830678,1.676406919158774,976,1967.56,108000.0,0.0002015239543673049,260.1546099166598,4,0,0,32.050000000000004,83.17857142857143,0.00027015545697051975,0.0007019913515272951,4000.0,15132.155330947275,108000.0,108000.0,4000.0,15132.155330947275,0.13166873,0.0,0.37935984,138756,0.0035724456,128.0,1.0,27.0,0.12550637,120192,0.0003295898495707661,9.9246235,0.0,10.0562935,889608.9,5e-05,3249024,15808.64225693047,4000.0,3249024,138756,101772792,4012.8549960439304,0,120192,3761634,495090.02470829204,15807.619265539144,15807.053338081743,0.3297418240665333,5.2879331788456335e-05,3.046552337545078e-06,2.7738025604577958e-05,3.885456700227371e-06,1.2122722361559629e-05,2.8445034266201546e-05,4.4617065053990904e-05,0.0002730801661395016,2.8169843755154298e-06,4.861879866455788e-05,7.715949228142733e-05,0.0009186588604854358,0.09484023820358825,9.375957511779789e-06,0.11875154364870152,0.00870145199606627,0.10496407178795722,2.9443746289480377e-05,0.00037312104584628225
1,112000.0,False,28,871eb_00000,2025-12-14_20-13-44,1765723424,10.261064052581787,287.1848158836365,24416,LAPTOP-HQRQ0VAR,127.0.0.1,287.1848158836365,28,12.114692407223218,1.884736995212419e-05,12.113861509128672,1.7678076279518158,10.339858560369903,0.004265345588290049,4000.0,150.0,16708.009350098815,2283,689.4489639198498,8.913252981658322e-05,689.4489639198498,2.0,27.0,31250.726362405156,0.00034169999997857303,3.330912774999995,1649.1621605830678,1.6751530394671859,1187,2041.65,112000.0,0.00019233468975782709,252.35393343195219,4,0,0,27.35333333333333,83.5,0.0002615383054312908,0.0006737929353912908,4000.0,16708.009350098815,112000.0,112000.0,4000.0,16708.009350098815,-0.0849663,0.0,0.30501324,138756,0.005099889,128.0,1.0,28.0,0.611496,120192,0.0003295898495707661,10.0,0.0,9.915035,3633082.0,5e-05,3369216,15698.766765941511,4000.0,3369216,138756,105534426,4012.7864460834912,0,120192,3761634,491679.0232437988,15698.118428891092,15697.980035466815,0.3287398398258681,4.950363858570849e-05,2.8818235187008995e-06,2.629629383718774e-05,3.640718051287888e-06,1.1176991803562583e-05,2.72482703451805e-05,4.2352573759008014e-05,0.0002594737079380693,2.741733345718998e-06,4.6433279946695634e-05,7.495174295202681e-05,0.000911402271881393,0.0940512068215521,9.435197937526259e-06,0.11858043621221265,0.008646686476106382,0.10499354007007743,2.9480308827682556e-05,0.000370212835388129
1,116000.0,False,29,871eb_00000,2025-12-14_20-13-53,1765723433,9.683855295181274,296.86867117881775,24416,LAPTOP-HQRQ0VAR,127.0.0.1,296.86867117881775,29,12.090271759150989,1.8876896252734673e-05,12.089439482037385,1.766807810672298,10.316454947766204,0.00425024713240636,4000.0,152.0,18225.929827689062,2283,680.3540983185153,8.30749644228305e-05,680.3540983185153,2.0,28.0,31250.726362405156,0.00034169999997857303,3.4062181149999926,2706.222315583309,1.6738897425725143,1187,2106.2,116000.0,0.00017690379816155105,244.87119575184988,4,0,0,28.615384615384617,84.00769230769232,0.0002417286663362709,0.000636063816996308,4000.0,18225.929827689062,116000.0,116000.0,4000.0,18225.929827689062,-0.10713565,0.0,0.2833873,138756,0.0023343153,128.0,1.0,29.0,0.5002292,120192,0.00016479492478538305,9.968792,0.0,9.861658,3842834.5,5e-05,3489408,15761.606311856194,4000.0,3489408,138756,109296060,4012.718581622656,0,120192,3761634,493673.6084163728,15761.322730197731,15761.413784350005,0.32818246342760776,4.717356318392046e-05,2.6561288204338077e-06,2.4509412293827438e-05,3.4523317581881486e-06,1.0787401103517954e-05,2.596505981283665e-05,3.9796952808556713e-05,0.0002470586233260836,2.5449336357570235e-06,4.405042277329366e-05,7.039256325072305e-05,0.0009041922491609552,0.09331603175333646,9.493845956741526e-06,0.11905649285009057,0.008593503611346323,0.10476382666937648,2.956450573765304e-05,0.0003673797070346685
1,120000.0,False,30,871eb_00000,2025-12-14_20-14-03,1765723443,9.779285907745361,306.6479570865631,24416,LAPTOP-HQRQ0VAR,127.0.0.1,306.6479570865631,30,12.067056432559477,1.883012728916669e-05,12.06622413121701,1.7656572705655753,10.29439373828854,0.004246829661080818,4000.0,154.0,19862.994873928277,2283,572.0880875530027,8.736009309269755e-05,572.0880875530027,2.0,29.0,31250.726362405156,0.00034169999997857303,3.455774158999998,2706.222315583309,1.672774340396788,1419,2157.56,120000.0,0.0001869844041938906,237.7608313834608,4,0,0,36.400000000000006,84.44,0.00026211877752058295,0.0006675539960771235,4000.0,19862.994873928277,120000.0,120000.0,4000.0,19862.994873928277,-0.083187796,-1.1920929e-07,0.2236449,138756,0.0031006252,128.0,1.0,30.0,0.40472427,120192,8.239746239269152e-05,10.0,0.0,9.916813,4105918.2,5e-05,3609600,15716.954073543584,4000.0,3609600,138756,113057694,4012.6513958064293,0,120192,3761634,492248.1048487433,15716.560412773772,15716.612469748228,0.32846893879333344,4.920707274011297e-05,2.9463275893500797e-06,2.6241859551264615e-05,3.670189501708716e-06,1.1058701129143792e-05,2.717574027154208e-05,4.150473447934257e-05,0.00025486042499287426,2.7097225976094302e-06,4.663759144789852e-05,7.330139758742423e-05,0.0008969553266687674,0.09257961943580384,9.466907498821416e-06,0.1188581479215902,0.00855234357523407,0.10604292840268131,2.951686068146936e-05,0.0003648339099655666
1,124000.0,False,31,871eb_00000,2025-12-14_20-14-13,1765723453,10.229939460754395,316.8778965473175,24416,LAPTOP-HQRQ0VAR,127.0.0.1,316.8778965473175,31,12.04852687323388,1.8765826016871446e-05,12.047695661904841,1.7666939798599213,10.274836150905653,0.004240432364469548,4000.0,156.0,21577.438312559807,2283,561.0946659793296,9.53044006653864e-05,561.0946659793296,2.0,30.0,31250.726362405156,0.00034169999997857303,3.5298550300000033,2706.222315583309,1.6736336242428205,1473,2211.71,124000.0,0.0002104369220801536,230.9788258362125,4,0,0,43.25,85.63571428571429,0.0002759040153056283,0.0007101178855161295,4000.0,21577.438312559807,124000.0,124000.0,4000.0,21577.438312559807,0.0006907042,0.0,0.19669807,138756,0.002256964,128.0,1.0,31.0,1.1969465,120192,4.119873119634576e-05,9.952699,0.0,9.953389,4074235.0,5e-05,3729792,15639.768837610838,4000.0,3729792,138756,116819328,4012.584881848365,0,120192,3761634,489817.55087153125,15639.369709221823,15639.394807051669,0.3272455624053993,5.583220949997836e-05,3.111656466943715e-06,2.8195352800997438e-05,4.093186749772881e-06,1.2504230330129404e-05,2.8445822356697668e-05,4.5291275092779804e-05,0.0002815689755860756,2.872059187942394e-06,4.88865122705842e-05,7.862902592771426e-05,0.0008897107734017035,0.09179426224144513,9.462238422469105e-06,0.11851899544237418,0.008513178139481329,0.10599981711865375,2.9484692076378076e-05,0.00036228657086620074
1,128000.0,False,32,871eb_00000,2025-12-14_20-14-23,1765723463,9.63177490234375,326.50967144966125,24416,LAPTOP-HQRQ0VAR,127.0.0.1,326.50967144966125,32,12.024310432501542,1.871716775555598e-05,12.023480159285793,1.7661263320613225,10.251191711396597,0.004237477040825639,4000.0,157.0,21983.44548341893,2283,773.0401869496783,9.169245009585981e-05,773.0401869496783,1.0,31.0,31250.726362405156,0.00034169999997857303,3.540473217999997,2706.222315583309,1.673220095750392,1473,2217.54,128000.0,0.0001962418928741702,224.50102009237048,4,0,0,43.43571428571429,85.73571428571428,0.0002732584118689042,0.0006931804890227039,4000.0,21983.44548341893,128000.0,128000.0,4000.0,21983.44548341893,0.0016732328,-1.1920929e-07,0.14823891,138756,0.0024308162,128.0,1.0,32.0,0.3604856,120192,2.059936559817288e-05,10.0,0.0,10.001674,2775930.5,5e-05,3849984,15606.863116914174,4000.0,3849984,138756,120580023,4012.5090330298817,0,120192,3760695,488645.1418363226,15605.472967671925,15604.222351295763,0.32606133978134483,5.1690758864130824e-05,3.0867061100825852e-06,2.7849939859237922e-05,3.831215861789356e-06,1.1478211396167221e-05,2.85204307961905e-05,4.3500469220290674e-05,0.00026494891597947937,2.80416144614124e-06,4.898200719511423e-05,7.587065393270812e-05,0.0008831916656669122,0.09112005261903046,9.471616038891334e-06,0.11839916448795199,0.008461262358085872,0.10567697394746883,2.9572845157034734e-05,0.00035948770515864157
1,132000.0,False,33,871eb_00000,2025-12-14_20-14-33,1765723473,10.16534948348999,336.67502093315125,24416,LAPTOP-HQRQ0VAR,127.0.0.1,336.67502093315125,33,12.005596425176527,1.9113996079709195e-05,12.004766022692936,1.76490611574071,10.23370097528263,0.00423675627041658,4000.0,159.0,23020.599650091408,2283,880.8136864446305,8.497694421210406e-05,880.8136864446305,2.0,32.0,31250.726362405156,0.00034169999997857303,3.6001425299999847,2706.222315583309,1.6720022925428875,1473,2254.34,132000.0,0.00017976230688187633,218.371360038553,4,0,0,26.213333333333328,85.16000000000001,0.00025135123133825994,0.0006470699215455226,4000.0,23020.599650091408,132000.0,132000.0,4000.0,23020.599650091408,-0.16790107,-1.1920929e-07,0.112213686,138756,0.0016352163,128.0,1.0,33.0,0.3766525,120192,1.029968279908644e-05,10.0,0.0,9.832099,4282140.0,5e-05,3970176,15611.864641799475,4000.0,3970176,138756,124341657,4012.4439426995827,0,120192,3761634,488770.799265052,15610.3444600935,15608.941898688545,0.3248408863835305,4.740376537437949e-05,2.759359707526782e-06,2.5230295371342667e-05,3.4834880212427773e-06,1.0535634886907502e-05,2.6139504416194142e-05,4.0367596405157657e-05,0.00024928129238478887,2.558937441712308e-06,4.496169791101314e-05,7.091149336330469e-05,0.0008762517490104684,0.09046770509284043,9.439899878457048e-06,0.11815670884307274,0.00842756273450505,0.10540071720799385,2.9501116705808335e-05,0.00035726982810801235
1,136000.0,False,34,871eb_00000,2025-12-14_20-14-44,1765723484,10.162747621536255,346.8377685546875,24416,LAPTOP-HQRQ0VAR,127.0.0.1,346.8377685546875,34,11.986996811924763,1.9076856120569655e-05,11.986165475466008,1.762862892583304,10.217138476529804,0.004243289707712528,4000.0,160.0,23596.42584300771,2283,896.2924505073826,8.906359644005338e-05,896.2924505073826,1.0,33.0,31250.726362405156,0.00034169999997857303,3.626368654999983,8246.917547014204,1.6701529081174582,1808,2271.26,136000.0,0.00018922588959309884,212.51562073767838,4,0,0,24.69285714285715,85.23571428571428,0.0002644834694852512,0.0006773638785903135,4000.0,23596.42584300771,136000.0,136000.0,4000.0,23596.42584300771,-0.05988147,0.0,0.086792,138756,0.0010081873,128.0,1.0,34.0,0.0040806807,120192,5.14984139954322e-06,10.0,0.0,9.940119,841454.25,5e-05,4090368,15626.207095209636,4000.0,4090368,138756,128102352,4012.3695032725873,0,120192,3760695,489195.5920095489,15624.771548710693,15623.382322314923,0.3254511575196936,4.923220462673418e-05,2.9679218965160457e-06,2.675813020027958e-05,3.6617517955012563e-06,1.1058865192737263e-05,2.7695260138935538e-05,4.221210965735354e-05,0.00025733231628634275,2.775502064376704e-06,4.809758563678792e-05,7.383282758404569e-05,0.0008692512315197804,0.08971666604191134,9.456500879051167e-06,0.11777877175464234,0.008375153107161627,0.10720814503591371,2.948110553862438e-05,0.00035459012982592817
1,140000.0,False,35,871eb_00000,2025-12-14_20-14-54,1765723494,10.390352964401245,357.22812151908875,24416,LAPTOP-HQRQ0VAR,127.0.0.1,357.22812151908875,35,11.970870008805514,1.9087087559652287e-05,11.97003296971135,1.7615945656574714,10.202263728764505,0.004243881810635346,4000.0,162.0,23771.511373902107,2283,764.1780151751848,8.462267093980663e-05,764.1780151751848,2.0,34.0,31250.726362405156,0.00034169999997857303,3.61342238099998,12367.131105409266,1.668745963786284,1878,2276.01,140000.0,0.00017765596413923918,206.9126733649176,4,0,0,25.246666666666666,85.42666666666669,0.0002502485567193762,0.0006464779603402974,4000.0,23771.511373902107,140000.0,140000.0,4000.0,23771.511373902107,0.021458033,1.1920929e-07,0.094526954,138756,0.0007187382,128.0,1.0,35.0,0.34010667,120192,2.57492069977161e-06,10.0,0.0,10.021458,2082772.1,5e-05,4210560,15623.827068417251,4000.0,4210560,138756,131863986,4012.305808239861,0,120192,3761634,489200.40694556554,15623.527341642555,15622.800942836648,0.3260557749444966,4.740256992829621e-05,2.8019888568528875e-06,2.525254791635868e-05,3.425989425276267e-06,1.0544420182557513e-05,2.633416820297728e-05,4.0392110480204773e-05,0.0002463089031725483,2.6055260525914072e-06,4.5203250484001495e-05,7.18987742952752e-05,0.0008628037192028935,0.08895338038149152,9.515935869644469e-06,0.1185955100370945,0.008384325576090503,0.10775927558555408,2.9624294482814415e-05,0.00035383122852847683
1,144000.0,False,36,871eb_00000,2025-12-14_20-15-05,1765723505,10.579938411712646,367.8080599308014,24416,LAPTOP-HQRQ0VAR,127.0.0.1,367.8080599308014,36,11.956755098717458,1.900421668332834e-05,11.955919086014237,1.7651539030008967,10.184596387476859,0.004239946992528186,4000.0,164.0,24130.189742622864,2283,755.1558611971654,8.25450880141911e-05,755.1558611971654,2.0,35.0,31250.726362405156,0.00034169999997857303,3.601299405999987,20622.65759966671,1.6680981783984212,2283,2283.0,144000.0,0.00017083878669857958,201.53804818791022,4,0,0,27.64,87.21333333333332,0.0002391761138195133,0.0006336989385184674,4000.0,24130.189742622864,144000.0,144000.0,4000.0,24130.189742622864,-0.12435529,0.0,0.11129766,138756,0.00038018657,128.0,1.0,36.0,1.0871184,120192,1.287460349885805e-06,10.0,0.0,9.875645,2985940.5,5e-05,4330752,15682.349883182913,4000.0,4330752,138756,135625620,4012.2427501574625,0,120192,3761634,490992.60286602366,15682.188691969048,15681.589175032796,0.32474795219505154,4.591242527372775e-05,2.68073479931958e-06,2.4292382783908388e-05,3.3488863970400773e-06,1.0293902040900963e-05,2.5712389446985146e-05,3.9862667758315296e-05,0.000241373591758773,2.5663286254768443e-06,4.47517678994392e-05,6.966608569352253e-05,0.0008561016820107767,0.08824525557767596,9.486776511008763e-06,0.11841488193672157,0.008333937320329828,0.10740653082970064,2.9522051539542832e-05,0.00035128391624262266
1,148000.0,False,37,871eb_00000,2025-12-14_20-15-15,1765723515,9.736374616622925,377.5444345474243,24416,LAPTOP-HQRQ0VAR,127.0.0.1,377.5444345474243,37,11.934404552730284,1.8974174516091094e-05,11.933569662154094,1.7637322359708867,10.163682012602091,0.004229254522603455,4000.0,166.0,24040.664216850684,2283,626.927365771522,8.632500601826391e-05,626.927365771522,2.0,36.0,31250.726362405156,0.00034169999997857303,3.578513500999977,20622.65759966671,1.6664433156144374,2283,2283.0,148000.0,0.0001823919756417652,196.39003937558027,4,0,0,26.97857142857143,87.77857142857144,0.0002526155328770002,0.0006541593918932582,4000.0,24040.664216850684,148000.0,148000.0,4000.0,24040.664216850684,0.0521791,0.0,0.10638633,138756,0.00015447068,128.0,1.0,37.0,0.44700995,120192,6.437301749429025e-07,10.0,0.0,10.052178,2903649.0,5e-05,4450944,15674.993814144324,4000.0,4450944,138756,139387254,4012.1803226558877,0,120192,3761634,490756.6994489463,15674.866223446037,15674.26711449067,0.32344885467310147,4.915526825664908e-05,2.8244063575771984e-06,2.5784217919037476e-05,3.6647012397345925e-06,1.100632761430226e-05,2.63998600462863e-05,4.1416832180437e-05,0.00025167506393109043,2.647162899868784e-06,4.5676225462177405e-05,7.278567097250136e-05,0.0008492896651911417,0.08752299802190003,9.464908744691186e-06,0.118053043117353,0.008282830947125982,0.10725931152140347,2.946883102285429e-05,0.00034868507707993515
1,152000.0,False,38,871eb_00000,2025-12-14_20-15-25,1765723525,10.696156978607178,388.2405915260315,24416,LAPTOP-HQRQ0VAR,127.0.0.1,388.2405915260315,38,11.92189599620298,1.892143277274434e-05,11.921062746532554,1.7681158516111783,10.14680235947607,0.004221179977378113,4000.0,168.0,23822.538852861162,2283,617.5391414199547,8.487523811389868e-05,617.5391414199547,2.0,37.0,31250.726362405156,0.00034169999997857303,3.5638006609999504,20622.65759966671,1.6678221462082936,2283,2283.0,152000.0,0.00018179318443941884,191.50555980642912,4,0,0,27.925,86.8375,0.00024480218148304,0.0006440064385022377,4000.0,23822.538852861162,152000.0,152000.0,4000.0,23822.538852861162,-0.08244715,1.7881393e-07,0.12356171,138756,0.0009102543,128.0,1.0,38.0,0.03683768,120192,3.2186508747145126e-07,10.0,0.0,9.917554,2846668.5,5e-05,4571136,15718.029472580913,4000.0,4571136,138756,143148888,4012.118519429329,0,120192,3761634,492044.07409679866,15717.801517495192,15717.201029372794,0.3223971481263703,4.823159621525836e-05,2.7503761714127956e-06,2.493276550748166e-05,3.5608790319412894e-06,1.0863905703582256e-05,2.627279558272109e-05,4.130179372546701e-05,0.0002493028534113946,2.5775739748660572e-06,4.4583915311146365e-05,7.09781311815909e-05,0.0008436097685379262,0.08682610404168234,9.441259656723955e-06,0.11809677768617793,0.008230552637653762,0.1069277304061903,2.9548142711454114e-05,0.0003460132263099203
1,156000.0,False,39,871eb_00000,2025-12-14_20-15-37,1765723537,11.267407178878784,399.5079987049103,24416,LAPTOP-HQRQ0VAR,127.0.0.1,399.5079987049103,39,11.91522812324095,1.887721844408237e-05,11.914395648067229,1.7751173700950649,10.13313564388131,0.004220067177604363,4000.0,170.0,23963.419274206437,2283,592.0076390140981,8.64314792362341e-05,592.0076390140981,2.0,38.0,28742.55674374944,0.00034169999997857303,3.5431740389999526,20622.65759966671,1.6688578829962113,2283,2283.0,156000.0,0.00018728802623111813,186.81838986856357,4,0,0,27.231250000000003,87.75625,0.0002592867639729777,0.0006660869534838886,4000.0,23963.419274206437,156000.0,156000.0,4000.0,23963.419274206437,-0.029239938,0.0,0.15283842,138756,0.0010425925,128.0,1.0,39.0,0.3324772,120192,1.6093254373572563e-07,10.0,0.0,9.97076,3727817.0,5e-05,4691328,15705.755531344084,4000.0,4691328,138756,146910522,4012.0573342350353,0,120192,3761634,491736.10666361614,15705.986522714386,15705.886158528421,0.3237739166451074,5.016857055410346e-05,2.9845362117871182e-06,2.6902423606946925e-05,3.673495592584236e-06,1.161289804306136e-05,2.6908453813821032e-05,4.2425691115382596e-05,0.0002562206335372815,2.741084108329872e-06,4.595980876204468e-05,7.372521868049487e-05,0.0008378006708537588,0.08623825200126503,9.429847060060847e-06,0.11786147990931486,0.008182449111276592,0.1091898221021284,2.9534661285219206e-05,0.000343505094047146
1,160000.0,False,40,871eb_00000,2025-12-14_20-15-47,1765723547,10.304171323776245,409.8121700286865,24416,LAPTOP-HQRQ0VAR,127.0.0.1,409.8121700286865,40,11.898956960008539,1.893744625935394e-05,11.898119970586558,1.7743964433941144,10.117591198442497,0.0042091745058283996,4000.0,172.0,23863.305483329663,2283,574.711026907201,9.192626738969757e-05,574.711026907201,2.0,39.0,28742.55674374944,0.00034169999997857303,3.529375146999964,20622.65759966671,1.6683027874162497,2283,2283.0,160000.0,0.0001967405768757283,182.28917827388617,4,0,0,26.464285714285715,87.67857142857144,0.0002676118290116354,0.0006946774701819996,4000.0,23863.305483329663,160000.0,160000.0,4000.0,23863.305483329663,-0.09229733,5.9604645e-08,0.17804447,138756,0.0013825186,128.0,1.0,40.0,0.023991676,120192,8.046627186786282e-08,10.0,0.0,9.907702,3464251.5,5e-05,4811520,15539.859377613644,4000.0,4811520,138756,150672156,4011.996760892685,0,120192,3761634,486532.5844203231,15539.69095016121,15539.658137196697,0.32280607647865667,5.248790962436842e-05,3.0521132518353895e-06,2.745808730958683e-05,3.891633912517789e-06,1.1821377915012243e-05,2.8108433550725434e-05,4.42269210181534e-05,0.00027003591035348255,2.8212454398354192e-06,4.8050049154061615e-05,7.689668573506199e-05,0.0008334406641448539,0.08577428548125283,9.433548589894934e-06,0.11752545511022146,0.008130731620163869,0.10908513788110642,2.9555314672933432e-05,0.00034093204310608983
1,164000.0,False,41,871eb_00000,2025-12-14_20-15-57,1765723557,10.042752742767334,419.85492277145386,24416,LAPTOP-HQRQ0VAR,127.0.0.1,419.85492277145386,41,11.880272269408453,1.8869071797250713e-05,11.879437135880693,1.772657370960174,10.100657070458073,0.004203427760771008,4000.0,172.0,23863.305483329663,2283,901.0290849454253,8.815771937389357e-05,901.0290849454253,0.0,40.0,28742.55674374944,0.00034169999997857303,3.529375146999964,20622.65759966671,1.6668466052920872,2283,2283.0,164000.0,0.0001859162975318948,177.99686791343032,4,0,0,24.619999999999997,87.80666666666664,0.00025817311241050896,0.0006708780501471726,4000.0,23863.305483329663,164000.0,164000.0,4000.0,23863.305483329663,0.011815503,-1.1920929e-07,0.1361028,138756,0.0023031274,128.0,1.0,41.0,0.4096865,120192,4.023313593393141e-08,9.924414,0.0,9.93623,1576721.4,5e-05,4931712,15422.370778984916,4000.0,4931712,138756,154431912,4011.916793283758,0,120192,3759756,482839.92181468464,15422.226128102364,15422.223157866129,0.3214412707138685,4.9184379742930015e-05,2.9684557372278937e-06,2.6473708924333383e-05,3.6817372394287913e-06,1.1219629860524349e-05,2.7088697657401294e-05,4.2520647600375946e-05,0.00025800834456130565,2.813220240783763e-06,4.671167587036673e-05,7.355528646255616e-05,0.0008292472575028411,0.08510682562644203,9.413213105855515e-06,0.11726281355911738,0.008090028303962942,0.10870343450229618,2.954576152570939e-05,0.000338453722674611
1,168000.0,False,42,871eb_00000,2025-12-14_20-16-08,1765723568,10.384167671203613,430.23909044265747,24416,LAPTOP-HQRQ0VAR,127.0.0.1,430.23909044265747,42,11.865205426714367,1.8878381079460422e-05,11.864371686521887,1.7708225852505737,10.087438104753494,0.0041958064831617925,4000.0,174.0,23895.319400388817,2283,839.5585528638354,8.481735345688236e-05,839.5585528638354,2.0,41.0,28742.55674374944,0.00034169999997857303,3.5167807209999635,20622.65759966671,1.6651942822391654,2283,2283.0,168000.0,0.00017785914601803655,173.94495412369307,4,0,0,26.0,87.50000000000001,0.00025040220620506853,0.0006455172571231364,4000.0,23895.319400388817,168000.0,168000.0,4000.0,23895.319400388817,0.13441251,0.0,0.11267894,138756,0.000778334,128.0,1.0,42.0,0.104745306,120192,2.0116567966965704e-08,9.922438,0.0,10.0568495,1795203.9,5e-05,5051904,15473.013742640847,4000.0,5051904,138756,158193546,4011.8576253509204,0,120192,3761634,484446.65741308813,15473.073295667691,15473.280772460581,0.3202403550067302,4.781793234396842e-05,2.7595807488325706e-06,2.5310229715411257e-05,3.4773282141632967e-06,1.0866094037025492e-05,2.6117841989965713e-05,4.0705578270001976e-05,0.00024771660644371576,2.593859179941386e-06,4.520512884724712e-05,7.091035756725404e-05,0.0008226847849291291,0.08451864437017656,9.388080974963812e-06,0.11706533342352621,0.008052784020923595,0.1083405711572726,2.9552303911281433e-05,0.0003361911854488975
1,172000.0,False,43,871eb_00000,2025-12-14_20-16-18,1765723578,10.770334720611572,441.00942516326904,24416,LAPTOP-HQRQ0VAR,127.0.0.1,441.00942516326904,43,11.854087644447223,1.8821597268787296e-05,11.853251807656667,1.7700774963980683,10.077054922705958,0.004202787418328601,4000.0,176.0,23958.48562853828,2283,830.5529726310605,9.577847536948565e-05,830.5529726310605,2.0,42.0,28742.55674374944,0.00034169999997857303,3.5040247109999654,20622.65759966671,1.664361192916774,2283,2283.0,172000.0,0.000211657864420166,170.07755773125484,4,0,0,28.993333333333336,87.77333333333333,0.000278049801500728,0.0007286892384689387,4000.0,23958.48562853828,172000.0,172000.0,4000.0,23958.48562853828,0.014922898,0.0,0.08474256,138756,0.00127401,128.0,1.0,43.0,0.20600899,120192,1.0058283983482852e-08,9.925161,0.0,9.9400835,1258976.4,5e-05,5172096,15310.341800614977,4000.0,5172096,138756,161955180,4011.799049097411,0,120192,3761634,479331.97418168664,15310.148096621495,15310.100033459103,0.32122851345666403,5.495462302681286e-05,3.218440590154451e-06,2.85123321369726e-05,4.101722095433869e-06,1.2326755815161146e-05,2.9075785996287406e-05,4.620304460445826e-05,0.00028558331635666814,2.938461630318435e-06,5.084755124040893e-05,7.948175172664735e-05,0.000816391937079275,0.08385045192647562,9.454200164810213e-06,0.11701713708928999,0.008008240180713094,0.11010265644570036,2.968778087073939e-05,0.0003336662735944554
1,176000.0,False,44,871eb_00000,2025-12-14_20-16-29,1765723589,10.093278884887695,451.10270404815674,24416,LAPTOP-HQRQ0VAR,127.0.0.1,451.10270404815674,44,11.83638187500275,1.8841381297393265e-05,11.835544553580101,1.7690351534340893,10.060387685478899,0.004202987544145111,4000.0,178.0,24083.957154733125,2283,698.760875545129,8.441990139479137e-05,698.760875545129,2.0,43.0,29105.274654671877,0.00034169999997857303,3.5002332169999613,20622.65759966671,1.6634253252376066,2283,2283.0,176000.0,0.00017872646445000974,166.36553525434678,4,0,0,28.307142857142857,87.39999999999999,0.0002497683842926378,0.0006449095603871805,4000.0,24083.957154733125,176000.0,176000.0,4000.0,24083.957154733125,-0.093641564,0.0,0.09585512,138756,0.0003611611,128.0,1.0,44.0,0.15149404,120192,5.029141991741426e-09,9.925349,0.0,9.831707,4001447.0,5e-05,5292288,15439.605848688298,4000.0,5292288,138756,165716814,4011.741058606437,0,120192,3761634,483389.75082128396,15439.601239814478,15439.75319298829,0.32027937432209763,4.801023957713618e-05,2.7527877512767793e-06,2.538940657995905e-05,3.5485603170388866e-06,1.0820699487168164e-05,2.6549810746766725e-05,4.088816820072379e-05,0.00024816499985285735,2.6189590820077786e-06,4.490674530352072e-05,7.072143014485677e-05,0.0008098880177065649,0.08318355340720984,9.42365816391002e-06,0.11674795471839639,0.0079592057789067,0.11015476088124203,2.959790306253255e-05,0.0003311106108596085
1,180000.0,False,45,871eb_00000,2025-12-14_20-16-39,1765723599,10.161648988723755,461.2643530368805,24416,LAPTOP-HQRQ0VAR,127.0.0.1,461.2643530368805,45,11.819544427252723,1.8860967483439434e-05,11.8187053570443,1.7674226098997483,10.045169996624109,0.004196211668703101,4000.0,180.0,24000.756768973126,2283,689.6829758368342,8.650712458345373e-05,689.6829758368342,2.0,44.0,29105.274654671877,0.00034169999997857303,3.4831893399999556,20622.65759966671,1.6619880294852307,2283,2283.0,180000.0,0.00018456300842219925,162.8673326766969,4,0,0,24.619999999999997,86.57999999999998,0.00025983338569902844,0.0006566076880446871,4000.0,24000.756768973126,180000.0,180000.0,4000.0,24000.756768973126,-0.06370165,-1.1920929e-07,0.07153218,138756,0.0011571208,128.0,1.0,45.0,0.017169962,120192,2.514570995870713e-09,10.0,0.0,9.936298,3212054.0,5e-05,5412480,15553.92878476382,4000.0,5412480,138756,169478448,4011.6836480203724,0,120192,3761634,486954.1424768704,15553.832347137775,15553.90038187587,0.31992288857887724,4.846421360706432e-05,2.881088825767888e-06,2.6357775458719788e-05,3.5489276920564824e-06,1.0926944314570607e-05,2.6751537284529793e-05,4.112727833992158e-05,0.00024927873025767103,2.7463476118254305e-06,4.557930815246584e-05,7.208076489700491e-05,0.0008044641375301351,0.08252113287313805,9.490421582660241e-06,0.11684097017121378,0.007915754721118131,0.11042239227243032,2.967992403163499e-05,0.00032870450475270657
1,184000.0,False,46,871eb_00000,2025-12-14_20-16-49,1765723609,10.08300518989563,471.3473582267761,24416,LAPTOP-HQRQ0VAR,127.0.0.1,471.3473582267761,46,11.802084787980196,1.892635780773638e-05,11.801242148473856,1.7658467178007493,10.029283412657868,0.004196748552017114,4000.0,182.0,24085.771738356896,2283,576.710574391446,8.787099344359056e-05,576.710574391446,2.0,45.0,29105.274654671877,0.00034169999997857303,3.466651692999956,20622.65759966671,1.6604547021903784,2283,2283.0,184000.0,0.00018239458334275873,159.55538185355425,4,0,0,24.306666666666665,86.59333333333333,0.00026000267180969285,0.0006699398186577726,4000.0,24085.771738356896,184000.0,184000.0,4000.0,24085.771738356896,-0.01909195,0.0,0.052899446,138756,0.0007972634,128.0,1.0,46.0,0.01993314,120192,1.2572854979353565e-09,10.0,0.0,9.980907,3432701.0,5e-05,5532672,15402.2093162325,4000.0,5532672,138756,173240082,4011.6268115401685,0,120192,3761634,482219.06640508707,15402.309978776722,15402.57447073195,0.3184535046930883,4.867919694703639e-05,3.0269083560425e-06,2.6250557839013732e-05,3.7123700277861097e-06,1.0984978203563173e-05,2.7273371263805175e-05,4.2312590221946056e-05,0.00025589740280073487,2.7066069953032638e-06,4.674678251038643e-05,7.375231983946101e-05,0.0007985144961546604,0.08186944554440602,9.467517367106604e-06,0.1164993854695031,0.007866678173906832,0.11000929934970698,2.964812479235488e-05,0.0003262284597050646
1,188000.0,False,47,871eb_00000,2025-12-14_20-16-59,1765723619,9.748049259185791,481.0954074859619,24416,LAPTOP-HQRQ0VAR,127.0.0.1,481.0954074859619,47,11.781418830100396,1.8866094229674382e-05,11.780577379989118,1.763956241622742,10.01052081653129,0.004187446066498031,4000.0,184.0,24018.40137756197,2283,566.0879384693518,8.688353084719579e-05,566.0879384693518,2.0,46.0,29105.274654671877,0.00034169999997857303,3.448720829999936,20622.65759966671,1.6588708389184754,2283,2283.0,188000.0,0.00018230844139608624,156.42843131604067,4,0,0,25.146153846153847,86.63846153846156,0.0002596370857686026,0.0006627842509571394,4000.0,24018.40137756197,188000.0,188000.0,4000.0,24018.40137756197,-0.20281038,-1.1920929e-07,0.06910295,138756,0.00052502664,128.0,1.0,47.0,0.04588443,120192,6.286427489676782e-10,10.0,0.0,9.79719,4400684.0,5e-05,5652864,15551.927533283122,4000.0,5652864,138756,177001716,4011.5705434247666,0,120192,3761634,486889.61814906786,15551.975631426109,15551.96712888082,0.3170106596461563,4.8668472539753816e-05,2.9475977518384215e-06,2.615894823270128e-05,3.7180844002086447e-06,1.0796830917684706e-05,2.694398740794663e-05,4.13956876763323e-05,0.00025175793981841354,2.6950313552976507e-06,4.580374129182429e-05,7.27806243179113e-05,0.0007945733511929081,0.08122109208896242,9.438842193496278e-06,0.11617302661480815,0.007820477392167877,0.10959995635620874,2.9546643544507436e-05,0.0003239361751067018
1,192000.0,False,48,871eb_00000,2025-12-14_20-17-09,1765723629,10.555678367614746,491.65108585357666,24416,LAPTOP-HQRQ0VAR,127.0.0.1,491.65108585357666,48,11.76909814879939,1.921343328738861e-05,11.768257669189229,1.7627700832065158,9.999396505365976,0.0041826936058318685,4000.0,185.0,24065.12091766386,2283,758.3188977030937,8.520215873583303e-05,758.3188977030937,1.0,47.0,29105.274654671877,0.00034169999997857303,3.441255313999925,20622.65759966671,1.657692632779291,2283,2283.0,192000.0,0.00017962445674140964,153.5005808884869,4,0,0,24.5375,86.775,0.00025312044836091986,0.0006545711900520858,4000.0,24065.12091766386,192000.0,192000.0,4000.0,24065.12091766386,0.09975749,-1.1920929e-07,0.06978744,138756,8.71662e-07,128.0,1.0,48.0,0.049881298,120192,3.143213744838391e-10,10.0,0.0,10.099758,2816805.0,5e-05,5773056,15577.130090645669,4000.0,5773056,138756,180762411,4011.5048379905193,0,120192,3760695,487684.6460742877,15577.402995943521,15577.675730050603,0.31766661904969623,4.7935193693060344e-05,2.8724265579012756e-06,2.582666141270623e-05,3.6936589584159977e-06,1.0839654583987116e-05,2.7069981204266205e-05,4.118150331834252e-05,0.00025117227399215375,2.707977380357996e-06,4.5443966159415335e-05,7.201943160339448e-05,0.0007887086176810682,0.08058353816807282,9.408453772309225e-06,0.11581614134866017,0.007773643618246234,0.11131204979264767,2.9450177110037866e-05,0.0003213948133545546
1,196000.0,False,49,871eb_00000,2025-12-14_20-17-20,1765723640,10.136630535125732,501.7877163887024,24416,LAPTOP-HQRQ0VAR,127.0.0.1,501.7877163887024,49,11.752684421311395,1.9155298953949034e-05,11.751844664497336,1.7618941453744505,9.983867632312315,0.004174545669774125,4000.0,188.0,24165.690000235714,2283,843.8732796294075,8.928403608131627e-05,843.8732796294075,3.0,48.0,29105.274654671877,0.00034169999997857303,3.4447800349999147,21049.496946929474,1.6567471674514977,2283,2283.0,196000.0,0.0001882417835437138,150.6824474178464,4,0,0,29.928571428571427,87.39999999999999,0.00026851241181764703,0.0006807824308519854,4000.0,24165.690000235714,196000.0,196000.0,4000.0,24165.690000235714,-0.03828599,0.0,0.051687624,138756,0.0007345085,128.0,1.0,49.0,0.24457681,120192,1.5716068724191956e-10,9.929474,0.0,9.891189,3831116.2,5e-05,5893248,15713.930808515584,4000.0,5893248,138756,184524045,4011.449789610614,0,120192,3761634,491961.99422228825,15714.264027367846,15714.52747769333,0.31646356185920077,5.000738492284353e-05,3.028740899499953e-06,2.708228918653026e-05,3.7588178976042753e-06,1.1224850658825765e-05,2.808395830041427e-05,4.29071862137283e-05,0.00025814792678398063,2.7655170668387226e-06,4.764391743849306e-05,7.476757963260797e-05,0.0007825795315050486,0.0799579277863935,9.381369235440155e-06,0.1155603689351716,0.007730682182065217,0.11104840529472197,2.9393675339018714e-05,0.00031898686522147525
1,200000.0,True,50,871eb_00000,2025-12-14_20-17-30,1765723650,9.946879386901855,511.73459577560425,24416,LAPTOP-HQRQ0VAR,127.0.0.1,511.73459577560425,50,11.734496067098283,1.909274596442491e-05,11.733655510852362,1.7603936989207067,9.96717074498919,0.004184049213076937,4000.0,188.0,24165.690000235714,2283,901.0406077677367,8.546937034746696e-05,901.0406077677367,0.0,49.0,29105.274654671877,0.00034169999997857303,3.4447800349999147,21049.496946929474,1.6549651575269824,2283,2283.0,200000.0,0.00017649598598740035,148.0217487252539,4,0,0,24.6,87.15,0.000251816273642488,0.0006548463701601484,4000.0,24165.690000235714,200000.0,200000.0,4000.0,24165.690000235714,-0.10462228,0.0,0.061595738,138756,0.00028069576,128.0,1.0,50.0,0.21331853,120192,7.858034362095978e-11,9.923927,0.0,9.819305,1228784.1,5e-05,6013440,15794.335804007755,4000.0,6013440,138756,188283801,4011.375291714508,0,120192,3759756,494442.11188204953,15794.322017024953,15794.470947390622,0.31616655224060847,4.768951837861248e-05,2.800903031106268e-06,2.5782872858663418e-05,3.6413716526419862e-06,1.0993146090009125e-05,2.6744514460733762e-05,4.173025664945121e-05,0.00024890472566424217,2.679868286080369e-06,4.623507081095678e-05,7.213946639941216e-05,0.0007793307361896973,0.07950628550852866,9.39055554293939e-06,0.11528451424581825,0.007682053360243328,0.11153666724177441,2.9434738585351166e-05,0.000316571996570146
