num_training_step_calls_per_iteration,num_env_steps_sampled_lifetime,done,training_iteration,trial_id,date,timestamp,time_this_iter_s,time_total_s,pid,hostname,node_ip,time_since_restore,iterations_since_restore,timers/training_iteration,timers/restore_env_runners,timers/training_step,timers/env_runner_sampling_timer,timers/learner_update_timer,timers/synch_weights,env_runners/episode_return_max,env_runners/episode_len_mean,env_runners/env_to_module_sum_episodes_length_in,env_runners/episode_len_min,env_runners/env_step_timer,env_runners/num_env_steps_sampled_lifetime,env_runners/episode_len_max,env_runners/weights_seq_no,env_runners/num_env_steps_sampled,env_runners/episode_return_mean,env_runners/num_episodes_lifetime,env_runners/episode_duration_sec_mean,env_runners/rlmodule_inference_timer,env_runners/env_to_module_sum_episodes_length_out,env_runners/num_episodes,env_runners/sample,env_runners/env_reset_timer,env_runners/episode_return_min,env_runners/num_env_steps_sampled_lifetime_throughput,fault_tolerance/num_healthy_workers,fault_tolerance/num_remote_worker_restarts,env_runner_group/actor_manager_num_outstanding_async_reqs,perf/cpu_util_percent,perf/ram_util_percent,env_runners/module_to_env_connector/connector_pipeline_timer,env_runners/agent_episode_return_mean/default_agent,env_runners/num_agent_steps_sampled/default_agent,env_runners/env_to_module_connector/connector_pipeline_timer,env_runners/num_module_steps_sampled_lifetime/default_policy,env_runners/num_module_steps_sampled/default_policy,env_runners/module_episode_return_mean/default_policy,env_runners/num_agent_steps_sampled_lifetime/default_agent,learners/default_policy/gradients_default_optimizer_global_norm,learners/default_policy/weights_seq_no,learners/default_policy/default_optimizer_learning_rate,learners/default_policy/vf_explained_var,learners/default_policy/entropy,learners/default_policy/curr_entropy_coeff,learners/default_policy/module_train_batch_size_mean,learners/default_policy/curr_kl_coeff,learners/default_policy/num_trainable_parameters,learners/default_policy/vf_loss_unclipped,learners/default_policy/vf_loss,learners/default_policy/mean_kl_loss,learners/default_policy/policy_loss,learners/default_policy/diff_num_grad_updates_vs_sampler_policy,learners/default_policy/total_loss,learners/default_policy/num_module_steps_trained,learners/default_policy/num_module_steps_trained_lifetime,learners/default_policy/num_module_steps_trained_lifetime_throughput,learners/__all_modules__/learner_connector_sum_episodes_length_out,learners/__all_modules__/learner_connector_sum_episodes_length_in,learners/__all_modules__/num_trainable_parameters,learners/__all_modules__/num_env_steps_trained,learners/__all_modules__/num_non_trainable_parameters,learners/__all_modules__/num_module_steps_trained,learners/__all_modules__/num_module_steps_trained_lifetime,learners/__all_modules__/num_env_steps_trained_lifetime,learners/__all_modules__/num_env_steps_trained_lifetime_throughput,learners/__all_modules__/num_module_steps_trained_throughput,learners/__all_modules__/num_module_steps_trained_lifetime_throughput,learners/__all_modules__/learner_connector/connector_pipeline_timer,env_runners/module_to_env_connector/timers/connectors/get_actions,env_runners/module_to_env_connector/timers/connectors/tensor_to_numpy,env_runners/module_to_env_connector/timers/connectors/remove_single_ts_time_rank_from_batch,env_runners/module_to_env_connector/timers/connectors/un_batch_to_individual_items,env_runners/module_to_env_connector/timers/connectors/listify_data_for_vector_env,env_runners/module_to_env_connector/timers/connectors/normalize_and_clip_actions,env_runners/env_to_module_connector/timers/connectors/batch_individual_items,env_runners/env_to_module_connector/timers/connectors/add_time_dim_to_batch_and_zero_pad,env_runners/env_to_module_connector/timers/connectors/add_states_from_episodes_to_batch,env_runners/env_to_module_connector/timers/connectors/add_observations_from_episodes_to_batch,env_runners/env_to_module_connector/timers/connectors/numpy_to_tensor,learners/__all_modules__/learner_connector/timers/connectors/add_states_from_episodes_to_batch,learners/__all_modules__/learner_connector/timers/connectors/add_observations_from_episodes_to_batch,learners/__all_modules__/learner_connector/timers/connectors/add_columns_from_episodes_to_train_batch,learners/__all_modules__/learner_connector/timers/connectors/add_one_ts_to_episodes_and_truncate,learners/__all_modules__/learner_connector/timers/connectors/numpy_to_tensor,learners/__all_modules__/learner_connector/timers/connectors/batch_individual_items,learners/__all_modules__/learner_connector/timers/connectors/general_advantage_estimation,learners/__all_modules__/learner_connector/timers/connectors/add_time_dim_to_batch_and_zero_pad
1,4000,False,1,300a5_00000,2025-12-04_15-03-10,1764840790,15.883777379989624,15.883777379989624,15276,LAPTOP-HQRQ0VAR,127.0.0.1,15.883777379989624,1,15.875038800000084,2.6700000034907134e-05,15.87447330000009,6.9518360999998094,8.918675000000121,0.003135799999881783,5506.161605834972,2276.0,1625.0000673090874,2276,0.00018024890936902871,4000,2276,0.0,4000,5506.161605834972,1,4.250015700000176,0.00016414414434843974,1625.0000673090874,1,6.906876599999805,0.0018164000000524538,5506.161605834972,572.8344626836534,1,0,0,77.88260869565217,91.79999999999998,0.0006365897730258515,5506.161605834972,4000,0.0002460499780391122,4000,4000,5506.161605834972,4000,1.8840228,1.0,5e-05,0.0010010004,1.0755088,0.0,128.0,0.20000000298023224,138244,259366.81,9.937686,0.017996788,-0.101493895,1.0,9.839792,120064,120064,11431.897589575581,4002,4000,138244,3753876,0,120064,120064,3753876,357182.388396932,11430.439406616615,11429.01806707435,0.2689480999999887,0.00024487979647941593,7.157460503311665e-05,2.596584146228837e-06,2.6739818504022483e-05,4.5036011053061055e-05,3.987045359299281e-05,2.5045440594818034e-05,3.960577087567064e-06,2.9714804850148617e-06,1.061217429332534e-05,4.8004962411806793e-05,9.500000032858225e-06,7.520000008298666e-05,0.11701579999999012,0.005092599999898084,0.0006017000000611006,0.08285499999988133,0.06252050000011877,4.6899999915694934e-05
1,8000,False,2,300a5_00000,2025-12-04_15-03-26,1764840806,15.240800857543945,31.12457823753357,15276,LAPTOP-HQRQ0VAR,127.0.0.1,31.12457823753357,2,15.868766242000083,2.6938000032714627e-05,15.86819899900009,6.9524102819998115,8.91183757000012,0.003126920999884533,8462.803367614793,2276.0,1073.0172761232443,2276,0.00017256712585952548,8000,2276,1.0,4000,6459.963376363153,3,3.9627119000000826,0.00016436111464056274,1073.0172761232443,2,6.907420993999806,0.0018164000000524538,5410.92515563969,572.0250055788631,1,0,0,79.98636363636363,87.30454545454546,0.00061239881360986,6459.963376363153,4000,0.00023395443887688452,8000,4000,6459.963376363153,8000,2.3207154,2.0,5e-05,0.0016506314,1.0730207,0.0,128.0,0.20000000298023224,138244,460770.44,9.844194,0.0065861386,-0.102375865,1.0,9.7431345,120192,240256,11699.972204632177,4002.01,4000.0,138244,3758817,0,120192,240256,7512693,365595.23251774546,11698.693916352999,11697.447265020066,0.2704855099999873,0.00023727268851256357,6.861453147954411e-05,2.4516045655518618e-06,2.5722665585478566e-05,4.257819226108041e-05,3.8690369608124004e-05,2.538871559076843e-05,3.7450127173695596e-06,2.6541214646675514e-06,1.0041142254992924e-05,4.678666115913469e-05,9.52500003222667e-06,7.5235000081193e-05,0.1169713519999891,0.005094603999898482,0.0005978910000612813,0.08488896699988345,0.06207153300011668,4.693599991696829e-05
1,12000,False,3,300a5_00000,2025-12-04_15-03-45,1764840825,18.660516500473022,49.78509473800659,15276,LAPTOP-HQRQ0VAR,127.0.0.1,49.78509473800659,3,15.896592150580082,2.6846620032620194e-05,15.89602396701009,6.9524460311798135,8.939617539300118,0.003131666789886276,12321.589889526389,2276.0,525.4342367371406,2276,0.00027406294850044436,12000,2276,2.0,4000,6849.583010864284,5,3.867321520000087,0.00030236807004524946,525.4342367371406,2,6.907371669059809,0.0018164000000524538,2546.4350357055773,570.518094413445,1,0,0,84.81851851851853,87.27777777777777,0.0008763054130482332,6849.583010864284,4000,0.00032495350004950685,12000,4000,6849.583010864284,12000,3.6278944,3.0,5e-05,0.0014628172,1.0563097,0.0,128.0,0.20000000298023224,138244,575533.4,9.937962,0.009644256,-0.16006848,1.0,9.779821,120192,360448,11627.514371048172,4002.0199000000002,4000.0,138244,3758817,0,120192,360448,11271510,363326.39775003336,11625.9323369749,11624.634579838397,0.2701779018999887,0.00036736063278705047,9.875600208583243e-05,3.4299948011238734e-06,3.3688794613489225e-05,6.066173976955592e-05,5.558076423047391e-05,3.3945895226155604e-05,6.170573158075509e-06,3.871838718313624e-06,1.548062040370777e-05,8.013518765092757e-05,9.56275003054543e-06,7.535665008022079e-05,0.11704222347998967,0.005089021959899561,0.0005947860900600061,0.08484011532988447,0.06175161067011449,4.6948639918173286e-05
1,16000,False,4,300a5_00000,2025-12-04_15-04-03,1764840843,18.554553985595703,68.3396487236023,15276,LAPTOP-HQRQ0VAR,127.0.0.1,68.3396487236023,4,15.92310470507428,2.678815383290066e-05,15.922534853339991,6.960497579868015,8.958071343907118,0.0031346061219864178,17758.962310790972,2276.0,1107.1289171758626,2276,0.00023187413638374522,16000,2276,3.0,4000,8611.972503662122,7,3.992565857142933,0.00021862883319272614,1107.1289171758626,2,6.91535663136921,0.0018164000000524538,2546.4350357055773,568.2422865359268,1,0,0,83.01111111111112,87.64444444444443,0.0008229047344078071,8611.972503662122,4000,0.0003119489345324277,16000,4000,8611.972503662122,16000,3.5546074,4.0,5e-05,0.0013254285,1.0593588,0.0,128.0,0.20000000298023224,138244,1073910.1,9.827202,0.009351126,0.046363875,1.0,9.875437,120192,480640,11720.979512204149,4002.0297010000004,4000.0,138244,3758817,0,120192,480640,15030327,366239.94418134453,11719.220912630975,11717.727162120238,0.27004805488098726,0.0003249924043638082,9.141549731557824e-05,3.3655698582232353e-06,3.40443810806968e-05,5.606598578125583e-05,5.148907354146965e-05,3.215319225058072e-05,4.972754242258585e-06,3.531838551165217e-06,1.3316121648009417e-05,6.364928976647113e-05,9.580122531205232e-06,7.573108357838964e-05,0.117305685245188,0.005085142740302041,0.0005909062291582775,0.08489854817658551,0.06130893356341223,4.680415351987631e-05
1,20000,False,5,300a5_00000,2025-12-04_15-04-20,1764840860,16.13158130645752,84.47123003005981,15276,LAPTOP-HQRQ0VAR,127.0.0.1,84.47123003005981,5,15.925137159023537,2.6791272293546382e-05,15.924566140806588,6.9664448900693365,8.954154901468048,0.0031330510607637573,17758.962310790972,2276.0,1693.0000329685322,2276,0.00021084784125378789,20000,2276,4.0,4000,8129.956904411325,8,4.01772583750008,0.00020221763035575507,1693.0000329685322,1,6.921324967055514,0.0018164000000524538,2546.4350357055773,565.3090092322626,1,0,0,79.5608695652174,89.33043478260869,0.0007465335060002395,8129.956904411325,4000,0.0002890166200739426,20000,4000,8129.956904411325,20000,5.1429634,5.0,5e-05,0.0029375553,1.0692961,0.0,128.0,0.20000000298023224,138244,190775.12,9.626292,0.012030372,-0.124136284,1.0,9.504561,120064,600704,11830.640264018653,4002.0294039900004,4000.0,138244,3753876,0,120064,600704,18784203,369690.8551021488,11829.053527524657,11827.755496328931,0.27160979033217475,0.00029040330843601436,8.264628343464118e-05,3.030032362153605e-06,3.135442640627964e-05,5.165107088918232e-05,4.7615646406765893e-05,3.076426176550644e-05,6.075177459780969e-06,3.225108868586864e-06,1.239589126939507e-05,5.7334547672419836e-05,9.580321304741309e-06,7.57497727442845e-05,0.11737003039273314,0.0050784473128980415,0.0005886021668638457,0.08684597469482207,0.06087003822777464,4.666611198270751e-05
1,24000,False,6,300a5_00000,2025-12-04_15-04-35,1764840875,14.918906688690186,99.39013671875,15276,LAPTOP-HQRQ0VAR,127.0.0.1,99.39013671875,6,15.915024824433301,2.6714359569787626e-05,15.91445339239852,6.962142085168643,8.94834994545337,0.003128958550153971,17758.962310790972,2276.0,1141.0087224708382,2276,0.00019351576590574194,24000,2276,5.0,4000,8369.808781433117,10,3.990895300000125,0.00018081153339140636,1141.0087224708382,2,6.916959385384962,0.0018164000000524538,2546.4350357055773,561.9053958630072,1,0,0,75.64285714285715,88.84761904761902,0.0006955082866477186,8369.808781433117,4000,0.0002657559122551362,24000,4000,8369.808781433117,24000,4.692613,6.0,5e-05,0.0027185678,1.0520289,0.0,128.0,0.20000000298023224,138244,558890.2,9.8626995,0.0071532847,0.029580347,1.0,9.89371,120192,720896,11845.642094982628,4002.0391099501007,4000.0,138244,3758817,0,120192,720896,22543020,370180.44051375147,11844.230628055717,11843.087028180747,0.27120645242885283,0.00026686315575412005,7.751335863573582e-05,2.943926100140429e-06,2.9412977718061324e-05,4.855127439349307e-05,4.383323791679164e-05,2.765151743982309e-05,4.068488497591127e-06,3.2214658960315722e-06,1.1137047035674978e-05,5.132150108248417e-05,9.582518087581117e-06,7.567827501533704e-05,0.11732777508880671,0.00508356483977276,0.0005849661451974846,0.08686584994787348,0.06048935384549783,4.663145086451822e-05
1,28000,False,7,300a5_00000,2025-12-04_15-04-52,1764840892,17.115910291671753,116.50604701042175,15276,LAPTOP-HQRQ0VAR,127.0.0.1,116.50604701042175,7,15.926975463188965,2.689421597171063e-05,15.926401710474533,6.965132879316956,8.957307228998836,0.003128598964655058,17758.962310790972,2276.0,591.2387835561159,2276,0.00016368026710496432,28000,2276,6.0,4000,8444.595345179248,12,4.003364833333403,0.00015360245250064107,591.2387835561159,2,6.920063658531111,0.0018164000000524538,2546.4350357055773,558.0621300103365,1,0,0,86.884,88.64,0.0005911142355838799,8444.595345179248,4000,0.00023300458678467514,28000,4000,8444.595345179248,28000,3.5697606,7.0,5e-05,0.0038511753,1.0565245,0.0,128.0,0.20000000298023224,138244,533507.44,10.0,0.009264803,0.039788738,1.0,10.041641,120192,841088,12031.33947851997,4002.0487188506,4000.0,138244,3758817,0,120192,841088,26301837,376003.3966250642,12029.960278887182,12028.889255245069,0.2708075099045648,0.00022231004129892552,6.653826956204352e-05,2.492248094603872e-06,2.4874709891829845e-05,4.214547566871918e-05,3.773302673530286e-05,2.3567914758459752e-05,3.4352875332096143e-06,2.570551182556056e-06,9.724217756416476e-06,4.5825777612346736e-05,9.589692908832678e-06,7.55744922670593e-05,0.11733773033792019,0.005064161191371161,0.0005811264837438456,0.08688541344839798,0.060086552307042386,4.658513635253891e-05
1,32000,False,8,300a5_00000,2025-12-04_15-05-08,1764840908,16.221915006637573,132.72796201705933,15276,LAPTOP-HQRQ0VAR,127.0.0.1,132.72796201705933,8,15.929855216557073,2.6956273813090505e-05,15.929279220369787,6.965728682523785,8.959585319708848,0.003132241975007063,17758.962310790972,2276.0,611.6252299006246,2276,0.00020136120619985192,32000,2276,7.0,4000,8970.284973144535,14,3.978068078571482,0.0001995491279337742,611.6252299006246,2,6.920658410945801,0.0018164000000524538,2546.4350357055773,553.7874026469436,1,0,0,79.9608695652174,91.24347826086954,0.0006921627849427952,8970.284973144535,4000,0.00025751983430959873,32000,4000,8970.284973144535,32000,4.0648956,8.0,5e-05,0.0004040599,1.0527471,0.0,128.0,0.20000000298023224,138244,820752.3,9.921959,0.012767146,0.09813048,1.0,10.022642,120192,961280,12094.94884471974,4002.058231662094,4000.0,138244,3758817,0,120192,961280,30060654,377996.8547810646,12093.580087146207,12092.47918055536,0.2726619648055175,0.00026957463507612766,8.38814573220911e-05,2.940545448953376e-06,2.8160940550389554e-05,4.751683845823124e-05,4.380389554589692e-05,2.6759214356982582e-05,4.209325874671484e-06,3.08994834491192e-06,1.1329522220557538e-05,5.3067633605953144e-05,9.587795977005914e-06,7.557274734225767e-05,0.11731249903454144,0.0050470805794576405,0.0005821352189096519,0.08906837431391744,0.059800896783970804,4.644228498831171e-05
1,36000,False,9,300a5_00000,2025-12-04_15-05-25,1764840925,16.4971182346344,149.22508025169373,15276,LAPTOP-HQRQ0VAR,127.0.0.1,149.22508025169373,9,15.935466246391501,2.6880711074242423e-05,15.934889614166085,6.96971936269855,8.961205781511756,0.00313207055525531,17758.962310790972,2276.0,1761.0000161329497,2276,0.0002152088878574028,36000,2276,8.0,4000,9277.176882425943,15,3.9791132666667335,0.00021279674335519493,1761.0000161329497,1,6.924481657836346,0.0018164000000524538,2546.4350357055773,549.1449449470642,1,0,0,74.78333333333333,88.0,0.0007545901292174447,9277.176882425943,4000,0.00029371714814982355,36000,4000,9277.176882425943,36000,3.886728,9.0,5e-05,0.00035071373,1.0378685,0.0,128.0,0.20000000298023224,138244,945473.94,10.0,0.018966898,-0.16313225,1.0,9.840662,120064,1081344,12153.820267958376,4002.057649345473,4000.0,138244,3753876,0,120064,1081344,33814530,379858.3295205791,12152.81981936785,12151.84737013995,0.27257315015746175,0.00028945231177452156,8.379276905559143e-05,3.0637929329858176e-06,3.241105526315562e-05,5.294369766228734e-05,4.812541524950946e-05,3.069391337986229e-05,4.59357450618578e-06,3.3146380117084257e-06,1.2784046999270791e-05,5.854923243331675e-05,9.569918015447308e-06,7.56860198647084e-05,0.11724680404419786,0.005027238773661108,0.0005795188667187163,0.08935442057078022,0.0595151958161334,4.6270862136665656e-05
1,40000,False,10,300a5_00000,2025-12-04_15-05-40,1764840940,15.587555408477783,164.8126356601715,15276,LAPTOP-HQRQ0VAR,127.0.0.1,164.8126356601715,10,15.931933789927584,2.6829903963631722e-05,15.931355333024422,6.966444182071566,8.96094552269664,0.003132455849702515,17758.962310790972,2276.0,1209.0044038524416,2276,0.00019286783840718146,40000,2276,9.0,4000,9305.29194237204,17,3.97170311764714,0.00017995092253668757,1209.0044038524416,2,6.921203362257983,0.0018164000000524538,2546.4350357055773,544.2106376134443,1,0,0,70.29090909090908,84.09545454545454,0.0006785260560037752,9305.29194237204,4000,0.0002559854967583773,40000,4000,9305.29194237204,40000,12.652288,10.0,5e-05,0.0025246143,1.0086894,0.0,128.0,0.20000000298023224,138244,747120.0,9.930275,0.013977703,0.03106045,1.0,9.964131,120192,1201536,12276.647266679236,4002.067072852018,4000.0,138244,3758817,0,120192,1201536,37573347,383720.33697601303,12275.738472717743,12274.922606626142,0.27213961965588734,0.00027138599368073873,7.44075738049203e-05,2.6813367384610893e-06,2.745883317226414e-05,5.025183539593222e-05,4.2400006022658155e-05,2.6339632177129933e-05,4.25015410882849e-06,3.003946751087913e-06,1.1446804102090677e-05,5.219887299537389e-05,9.566218835515304e-06,7.569615966742174e-05,0.11718156400375665,0.005023479385926548,0.0005766036780533528,0.0894307863650713,0.05907852385797211,4.616215351417786e-05
1,44000,False,11,300a5_00000,2025-12-04_15-05-58,1764840958,17.042890548706055,181.85552620887756,15276,LAPTOP-HQRQ0VAR,127.0.0.1,181.85552620887756,11,15.942914887028307,2.6714604920312198e-05,15.942335179694178,6.968564654250851,8.969792941469672,0.003141581291202271,17758.962310790972,2276.0,658.130330225527,2276,0.00020416138381891481,44000,2276,10.0,4000,9825.280892221548,19,3.962552952631672,0.0001856083493867099,658.130330225527,2,6.923306327635404,0.0018164000000524538,2546.4350357055773,539.0133157249726,1,0,0,72.91199999999999,85.78399999999999,0.0006971363594768025,9825.280892221548,4000,0.00026252251622615417,44000,4000,9825.280892221548,44000,8.272878,11.0,5e-05,0.0069198012,0.98191345,0.0,128.0,0.20000000298023224,138244,979859.94,9.850952,0.01002675,-0.015680524,1.0,9.837277,120192,1321728,12171.271423244278,4002.076402123498,4000.0,138244,3758817,0,120192,1321728,41332164,380438.4291454528,12170.373427711558,12169.622302199223,0.27398927545932505,0.00027603022216050703,7.732893998520034e-05,2.8195077583949023e-06,2.8354219643631892e-05,4.8452921672149316e-05,4.522850388951519e-05,2.7405956688161003e-05,4.304678142479799e-06,3.122303841342854e-06,1.1616646977776939e-05,5.471114780242805e-05,9.563556645902168e-06,7.563819807273439e-05,0.1171241893637188,0.0050100085920685945,0.0005732096412718328,0.09177397550142066,0.05866189861939378,4.605053197928928e-05
1,48000,False,12,300a5_00000,2025-12-04_15-06-13,1764840973,15.614291906356812,197.46981811523438,15276,LAPTOP-HQRQ0VAR,127.0.0.1,197.46981811523438,12,15.939665556158024,2.6641458870391897e-05,15.93908503689724,6.971511302708341,8.963602668054977,0.003135956478288456,17882.071357727084,2276.0,395.12016991685255,2276,0.0001992455347704875,48000,2276,11.0,4000,10545.75737362816,21,3.974674457142934,0.00019141230591578662,395.12016991685255,2,6.926305409359053,0.0018164000000524538,2546.4350357055773,533.5539489727855,1,0,0,69.96363636363638,83.24545454545454,0.0006942664390979131,10545.75737362816,4000,0.00026851232218231717,48000,4000,10545.75737362816,48000,4.124605,12.0,5e-05,0.001462698,1.0018721,0.0,128.0,0.20000000298023224,138244,1838207.9,10.0,0.011064118,-0.0022504593,1.0,9.999963,120192,1441920,12334.094311626759,4002.085638102263,4000.0,138244,3758817,0,120192,1441920,45090981,385531.94108849135,12333.155522241494,12332.363808273687,0.27352255970473366,0.0002735559650643802,7.790619241969874e-05,2.8240429046791965e-06,2.814183706974389e-05,4.736627506448907e-05,4.330339618051881e-05,2.75658069779158e-05,4.369084739106558e-06,3.169685815776939e-06,1.209927879949276e-05,5.525443542240469e-05,9.576921077235272e-06,7.556081609177066e-05,0.11709245547008272,0.00499333650614491,0.0005700265448598411,0.09179696274640843,0.05822560763319957,4.608702666040164e-05
1,52000,False,13,300a5_00000,2025-12-04_15-06-28,1764840988,14.92463493347168,212.39445304870605,15276,LAPTOP-HQRQ0VAR,127.0.0.1,212.39445304870605,13,15.929458568596441,2.6575044281183025e-05,15.928879505528267,6.969152367681257,8.955766172374428,0.0031277999135062204,18086.698356628425,2276.0,1829.0000078865964,2276,0.00019812592459617366,52000,2276,12.0,4000,10888.52741830999,22,3.9628508045455066,0.00018419439840425446,1829.0000078865964,1,6.923867104265464,0.0018164000000524538,2546.4350357055773,527.9514967834577,1,0,0,66.43181818181817,83.78636363636365,0.0006953300680142045,10888.52741830999,4000,0.000263464415184304,52000,4000,10888.52741830999,52000,9.229666,13.0,5e-05,0.0020882487,0.987691,0.0,128.0,0.20000000298023224,138244,1392207.8,10.0,0.008124069,0.0021476187,1.0,10.003773,120064,1561984,12569.00880988719,4002.0847817212407,4000.0,138244,3753876,0,120064,1561984,48844857,392856.04604946397,12567.861017165713,12566.867190138013,0.27355365310768387,0.00027715834008789237,7.637851548771984e-05,2.8084306687224856e-06,2.892038610788924e-05,4.792872694895071e-05,4.3784789926516355e-05,2.6931655264155392e-05,4.376979236063008e-06,3.1377102067715627e-06,1.1658630606381565e-05,5.314105824014967e-05,9.573151866685388e-06,7.57022079307483e-05,0.11712436591538558,0.005001527141080867,0.0005678222794106016,0.09199801411894841,0.05801817355686643,4.591015639171634e-05
1,56000,False,14,300a5_00000,2025-12-04_15-06-42,1764841002,13.361939191818237,225.7563922405243,15276,LAPTOP-HQRQ0VAR,127.0.0.1,225.7563922405243,14,15.903711194910475,2.641329383447064e-05,15.903133848472985,6.958037635004445,8.941148299650683,0.00311761491437145,18086.698356628425,2276.0,1277.002223442954,2276,0.00018140124811602044,56000,2276,13.0,4000,11174.900648434957,24,3.926615025000037,0.0001699361191942935,1277.002223442954,2,6.912729587222806,0.0018164000000524538,2546.4350357055773,522.2820837871429,1,0,0,66.68947368421051,84.74736842105263,0.0006498254676458365,11174.900648434957,4000,0.00024761055090848967,56000,4000,11174.900648434957,56000,10.044649,14.0,5e-05,0.0065426826,0.89840204,0.0,128.0,0.30000001192092896,138244,1130743.9,9.92198,0.03601401,-0.010939718,1.0,9.9182415,120192,1682176,12772.696177866665,4002.0939339040283,4000.0,138244,3758817,0,120192,1682176,52603674,399257.9403200558,12771.74155692219,12770.947674368412,0.27503059257660945,0.00025061198435754554,7.227967371402813e-05,2.6605348496437504e-06,2.7117656722013326e-05,4.5202566223848175e-05,4.074293705201836e-05,2.5934375696176652e-05,3.954491377193534e-06,2.942074033604721e-06,1.0677913952118523e-05,4.865844158981442e-05,9.568420345173984e-06,7.560718585363479e-05,0.11686072025623515,0.004997702869671331,0.0005666120566138552,0.09414429097775932,0.057618311821297244,4.575005482624847e-05
1,60000,False,15,300a5_00000,2025-12-04_15-06-55,1764841015,13.326731204986572,239.08312344551086,15276,LAPTOP-HQRQ0VAR,127.0.0.1,239.08312344551086,15,15.877884952961372,2.6300160895403634e-05,15.877308162988253,6.944667463654402,8.928705972654177,0.0031073097652292696,18250.675765991215,2276.0,725.5706877805361,2276,0.00015152135123157063,60000,2276,14.0,4000,11671.411318852352,26,3.8679551000000263,0.00014663659418382525,725.5706877805361,2,6.899453937350579,0.0018164000000524538,2546.4350357055773,516.6152400080014,1,0,0,68.75263157894737,84.03684210526318,0.0005707721696149344,11671.411318852352,4000,0.0002193238389234711,60000,4000,11671.411318852352,60000,6.0076694,15.0,5e-05,0.005805135,0.9326455,0.0,128.0,0.30000001192092896,138244,1790000.5,9.922205,0.01257262,0.016118854,1.0,9.942097,120192,1802368,12956.45792614916,4002.102994564988,4000.0,138244,3758817,0,120192,1802368,56362491,405033.7837682821,12955.710931318446,12955.12726742135,0.2744092596508423,0.0002152669620546477,6.421439356285772e-05,2.3831880349812977e-06,2.3915173374508686e-05,3.9983193345784465e-05,3.6289698746252534e-05,2.24121468103686e-05,3.2496621855420333e-06,2.4904954507481693e-06,9.2359612249142e-06,4.2663780789922044e-05,9.673736144284313e-06,7.56791139925532e-05,0.11681294605367273,0.004993468840975203,0.0005633869360446232,0.0939981930679831,0.05720024870308523,4.5618554277390285e-05
1,64000,False,16,300a5_00000,2025-12-04_15-07-09,1764841029,13.949833393096924,253.0329568386078,15276,LAPTOP-HQRQ0VAR,127.0.0.1,253.0329568386078,16,15.858540085431757,2.6210159284989636e-05,15.85796295035837,6.931905256017858,8.922129310927634,0.0031019676675776097,18250.675765991215,2276.0,319.47757984302194,2276,0.000156611990288991,64000,2276,15.0,4000,11621.537390572685,28,3.8166684178571666,0.00015514525684597345,319.47757984302194,2,6.886704871977075,0.0018164000000524538,2546.4350357055773,510.951589598172,1,0,0,66.7,81.99,0.0005807964430945398,11621.537390572685,4000,0.0002261383171049369,64000,4000,11621.537390572685,64000,9.858835,16.0,5e-05,0.0031040907,0.89977974,0.0,128.0,0.30000001192092896,138244,874027.25,10.0,0.011313166,0.025932677,1.0,10.029326,120192,1922560,13038.303785888913,4002.1119646193383,4000.0,138244,3758817,0,120192,1922560,60121308,407596.12088475586,13037.462057751283,13036.884481020745,0.2736701920543324,0.00022142833291715074,6.520300125388109e-05,2.308861592358459e-06,2.447725115096329e-05,4.061791047043903e-05,3.667623191816976e-05,2.3140461757944746e-05,3.4976285733123764e-06,2.476616244506937e-06,9.489967229124235e-06,4.330400367805423e-05,9.678998781901824e-06,7.56923228540942e-05,0.11661519759313792,0.0049889011525678945,0.0005597440666833566,0.09390336713730359,0.056764264216052705,4.563036873752752e-05
1,68000,False,17,300a5_00000,2025-12-04_15-07-25,1764841045,15.405042886734009,268.4379997253418,15276,LAPTOP-HQRQ0VAR,127.0.0.1,268.4379997253418,17,15.85389962157744,2.606205769162454e-05,15.853322117854784,6.930305644457683,8.919085995818358,0.0031036719909042516,22411.44952392576,2276.0,1897.000003851216,2276,0.00017614084061950036,68000,2276,16.0,4000,11993.60332620555,29,3.8127471068965657,0.00016346664336931496,1897.000003851216,1,6.885191692257304,0.0018164000000524538,2546.4350357055773,505.2218886639945,1,0,0,69.63181818181818,84.68636363636364,0.0006446482522721828,11993.60332620555,4000,0.00024622373458172515,68000,4000,11993.60332620555,68000,6.619007,17.0,5e-05,0.001098156,0.8652016,0.0,128.0,0.30000001192092896,138244,1596134.2,10.0,0.013795359,0.010347024,1.0,10.014486,120064,2042624,13042.219158115335,4002.110844973145,4000.0,138244,3753876,0,120064,2042624,63875184,407714.4160724653,13041.293779505322,13040.62876012298,0.27340222113379264,0.0002483025460174832,7.239898033474389e-05,2.601305649282745e-06,2.684469925008963e-05,4.465476919490877e-05,4.1030039430544216e-05,2.5328079783310867e-05,3.848388481521951e-06,2.7787300900733266e-06,1.0475180683815612e-05,4.8639180571608426e-05,9.674208794305275e-06,7.559539962616065e-05,0.11675455161720533,0.0049796771410390225,0.0005583886260164995,0.09387264946593057,0.0563990785738925,4.5502065051143114e-05
1,72000,False,18,300a5_00000,2025-12-04_15-07-40,1764841060,15.339006423950195,283.777006149292,15276,LAPTOP-HQRQ0VAR,127.0.0.1,283.777006149292,18,15.848676748361665,2.5943437118215134e-05,15.848099391676232,6.928829925013106,8.915331899860176,0.003109552270997386,22411.44952392576,2276.0,1345.0011225849717,2276,0.00020824240085098335,72000,2276,17.0,4000,12377.811689561413,31,3.813550261290336,0.0001942920314057335,1345.0011225849717,2,6.883795901334732,0.0018164000000524538,2546.4350357055773,499.4319061697644,1,0,0,66.94545454545454,84.84545454545456,0.0007379863319735082,12377.811689561413,4000,0.000282499025382901,72000,4000,12377.811689561413,72000,13.115543,18.0,5e-05,0.00641793,0.81601036,0.0,128.0,0.30000001192092896,138244,1757477.2,9.990595,0.0117111625,0.00073019695,1.0,9.994838,120192,2162816,13172.383817612179,4002.119736523414,4000.0,138244,3758817,0,120192,2162816,67634001,411802.8647543219,13171.674571423879,13171.14005707383,0.2728823929224576,0.000281490696078726,8.255754975222042e-05,3.04998892430167e-06,3.128003965242897e-05,5.188564030875471e-05,4.613681524964928e-05,2.9997832901442044e-05,4.355550969441137e-06,3.10431701210574e-06,1.2070076398094837e-05,5.4910380495333904e-05,9.666466706478579e-06,7.545844562754041e-05,0.11682975710103304,0.0049614523696266824,0.0005546767397543367,0.09370020397127235,0.05600114578815337,4.536204440267855e-05
1,76000,False,19,300a5_00000,2025-12-04_15-07-55,1764841075,14.691665410995483,298.4686715602875,15276,LAPTOP-HQRQ0VAR,127.0.0.1,298.4686715602875,19,15.83699793887805,2.5834002747791137e-05,15.836421763759468,6.924421828762977,8.908072503861572,0.0031021917482871725,22411.44952392576,2276.0,793.2881322072941,2276,0.00016591986198121053,76000,2276,18.0,4000,12621.38805111972,33,3.804849236363645,0.0001549234180321692,793.2881322072941,2,6.8794031743213875,0.0018164000000524538,2546.4350357055773,493.61788463871386,1,0,0,65.96190476190478,87.9904761904762,0.0006007590343009734,12621.38805111972,4000,0.00023302066458140124,76000,4000,12621.38805111972,76000,4.5411906,19.0,5e-05,0.008640647,0.7694273,0.0,128.0,0.30000001192092896,138244,2576090.2,10.0,0.00917417,-0.21262805,1.0,9.790124,120192,2283008,13324.329522150834,4002.12853915818,4000.0,138244,3758817,0,120192,2283008,71392818,416572.119794557,13323.789790120618,13323.3609905993,0.2728699749932371,0.00022932289639069936,6.719032530955718e-05,2.429651991623771e-06,2.493474007947179e-05,4.2343977672511746e-05,3.841449554370442e-05,2.3924271066338605e-05,3.6155042567105545e-06,2.585151448674411e-06,9.851402465377973e-06,4.5525625916992426e-05,9.681802041859504e-06,7.560686117137257e-05,0.11683838253002087,0.004961512845930622,0.0005511529723586207,0.09404411693156173,0.05564138633027147,4.537742396008245e-05
1,80000,False,20,300a5_00000,2025-12-04_15-08-10,1764841090,14.912048101425171,313.38071966171265,15276,LAPTOP-HQRQ0VAR,127.0.0.1,313.38071966171265,20,15.827678339489273,2.5753662715998468e-05,15.827102112121874,6.918562113475344,8.904611378822956,0.0031031578308049384,26324.48684692379,2276.0,314.9544630861685,2276,0.00017638201058879874,80000,2276,19.0,4000,13116.830906677247,35,3.7884914057142915,0.00016239332131127768,314.9544630861685,2,6.873552906578171,0.0018164000000524538,2546.4350357055773,487.8197476855471,1,0,0,65.20454545454545,85.58181818181818,0.0006427817525917712,13116.830906677247,4000,0.0002434493651776277,80000,4000,13116.830906677247,80000,3.7446055,20.0,5e-05,0.0059368014,0.8170162,0.0,128.0,0.30000001192092896,138244,2341538.5,10.0,0.009625597,-0.014492104,1.0,9.988395,120192,2403200,13434.73327884586,4002.1372537665984,4000.0,138244,3758817,0,120192,2403200,75151635,420024.983698196,13434.146428537244,13433.69437226165,0.2726788812433055,0.00024382128278071957,7.311455955930679e-05,2.5622932634834913e-06,2.7055846001499657e-05,4.5854766589608156e-05,4.032144472173784e-05,2.5307554196266515e-05,3.7137825209559504e-06,2.7179019887031376e-06,1.027421177944615e-05,4.746428724103937e-05,9.681984018808584e-06,7.564179256186818e-05,0.11684531370472107,0.0049555947174722914,0.0005482894426347153,0.09412663776224339,0.055369927466970656,4.526064972179083e-05
1,84000,False,21,300a5_00000,2025-12-04_15-08-25,1764841105,14.057007789611816,327.43772745132446,15276,LAPTOP-HQRQ0VAR,127.0.0.1,327.43772745132446,21,15.809867021094378,2.566812608885897e-05,15.809288260000656,6.91090323534059,8.894456453034724,0.0031038332524951666,26324.48684692379,2276.0,1965.0000018784776,2276,0.0001675827212452858,84000,2276,20.0,4000,13233.088387383357,36,3.7765299916666653,0.00016435748926936597,1965.0000018784776,1,6.865942266512387,0.0018164000000524538,2546.4350357055773,482.03107056555757,1,0,0,66.76,87.35,0.0006209055344621832,13233.088387383357,4000,0.00023888130449047066,84000,4000,13233.088387383357,84000,5.2754784,21.0,5e-05,0.004870832,0.8404638,0.0,128.0,0.30000001192092896,138244,1542016.9,9.771333,0.006669908,-0.14616364,1.0,9.62717,120064,2523264,13536.52661812997,4002.1358812289322,4000.0,138244,3753876,0,120064,2523264,78905511,423196.3718604915,13535.837065177,13535.536829118317,0.2719517474308721,0.00023744940960905992,6.912323456706549e-05,2.5177723033072344e-06,2.604557126398479e-05,4.35271049830012e-05,3.8703595038702995e-05,2.5106384536860697e-05,3.658012960428348e-06,2.648120528747605e-06,9.923994645801267e-06,4.5966998638467107e-05,9.675164181803875e-06,7.539037463440607e-05,0.11661124056767719,0.004948620770293969,0.0005455065482083725,0.09404247138461931,0.05497329919229967,4.509304322555867e-05
1,88000,False,22,300a5_00000,2025-12-04_15-08-42,1764841122,17.614018201828003,345.05174565315247,15276,LAPTOP-HQRQ0VAR,127.0.0.1,345.05174565315247,22,15.827811940883434,2.5529444830628318e-05,15.827233476400647,6.923001440987186,8.900293393504377,0.003111346919971106,28305.123954772964,2276.0,1413.00056677731,2276,0.00019640812318008115,88000,2276,21.0,4000,13808.444428694878,38,3.802973207894728,0.00018434193251354623,1413.00056677731,2,6.878013561847263,0.0018164000000524538,2546.4350357055773,476.22171976698775,1,0,0,79.056,87.03200000000001,0.0006998333106087769,13808.444428694878,4000,0.00026186152914997265,88000,4000,13808.444428694878,88000,3.5382128,22.0,5e-05,0.00462991,0.7787327,0.0,128.0,0.30000001192092896,138244,2803309.0,10.0,0.0062889974,-0.012540008,1.0,9.9893465,120192,2643456,13406.17586015401,4002.144522416643,4000.0,138244,3758817,0,120192,2643456,82664328,419117.9391093528,13405.440833956909,13404.9980675196,0.2714024449565644,0.0002765458140732306,7.78619704675479e-05,2.7952545114245363e-06,2.8980139487711546e-05,4.803306676596473e-05,4.35914141470859e-05,2.7574834020535577e-05,4.077301620631151e-06,2.9744277995688135e-06,1.1297611519033005e-05,5.219407933592452e-05,9.665412538515628e-06,7.553247088489033e-05,0.11659789216199899,0.004952374562593035,0.0005420994827274846,0.09387423367077087,0.054607171200374116,4.4949112793551164e-05
1,92000,False,23,300a5_00000,2025-12-04_15-08-59,1764841139,16.81558108329773,361.8673267364502,15276,LAPTOP-HQRQ0VAR,127.0.0.1,361.8673267364502,23,15.837617253474603,2.5509150380023415e-05,15.83703591663664,6.929452084577311,8.903636503569329,0.0031177364507700457,30906.580261230425,2276.0,861.1454738855671,2276,0.0002034821201355193,92000,2276,22.0,4000,14263.855080413818,40,3.8235064649999857,0.00019081588088226174,861.1454738855671,2,6.884427370228793,0.0018164000000524538,2546.4350357055773,470.36934997108585,1,0,0,78.632,84.572,0.0007211310541484032,14263.855080413818,4000,0.00027611722761314186,92000,4000,14263.855080413818,92000,5.844157,23.0,5e-05,0.00570786,0.77564245,0.0,128.0,0.30000001192092896,138244,2204382.5,9.922887,0.006542753,0.14500035,1.0,10.069849,120192,2763648,13469.918167671522,4002.1530771924768,4000.0,138244,3758817,0,120192,2763648,86423145,421101.8870549292,13469.095334046278,13468.542058439076,0.2733785075069978,0.0002815089100118603,7.993447054085916e-05,2.8973004304248817e-06,2.9887064458523544e-05,4.958781086076546e-05,4.4834875724067526e-05,2.8525494733552254e-05,4.212282304432843e-06,3.0491850404412024e-06,1.193490785692795e-05,5.473464683340771e-05,9.683758411134823e-06,7.564214617783655e-05,0.11667810524037771,0.004953185816967919,0.0005389084879002639,0.09613841133406652,0.054242061488369825,4.494562166471699e-05
1,96000,False,24,300a5_00000,2025-12-04_15-09-16,1764841156,17.066500425338745,378.93382716178894,15276,LAPTOP-HQRQ0VAR,127.0.0.1,378.93382716178894,24,15.849815384939859,2.543405887804246e-05,15.849232510470276,6.932583506731536,8.912696352533633,0.003121936086261589,30906.580261230425,2276.0,346.3385648249024,2276,0.00021986156496415233,96000,2276,23.0,4000,14401.38208698091,42,3.8290438380952256,0.0002130933933211601,346.3385648249024,2,6.8876033225265045,0.0018164000000524538,2546.4350357055773,464.5134922433694,1,0,0,76.0125,86.7375,0.0007707136543442626,14401.38208698091,4000,0.0002942479646151414,96000,4000,14401.38208698091,96000,19.724718,24.0,5e-05,0.0048949122,0.8270494,0.0,128.0,0.30000001192092896,138244,1161899.9,9.920562,0.013321051,0.21471599,1.0,10.139273,120192,2883840,13409.82155992616,4002.161546420552,4000.0,138244,3758817,0,120192,2883840,90181962,419235.2825774393,13409.092274872915,13408.571351361568,0.27298525543192925,0.00029777286460848644,8.799135685878444e-05,3.1939229922268418e-06,3.177722948970998e-05,5.3359518525151515e-05,4.857617444919693e-05,3.0756293710903805e-05,4.69505594089867e-06,3.320521473760885e-06,1.2922155501847407e-05,5.9744978656652214e-05,9.705920828200956e-06,7.558672471508415e-05,0.11674184118797298,0.00494208895879954,0.0005383874030221584,0.09607521822072698,0.05386117487348506,4.5000165447706834e-05
1,100000,False,25,300a5_00000,2025-12-04_15-09-32,1764841172,15.499469518661499,394.43329668045044,15276,LAPTOP-HQRQ0VAR,127.0.0.1,394.43329668045044,25,15.846203081090461,2.5372718290025312e-05,15.845619349365572,6.930477349664222,8.911192731008294,0.0031204797254012493,30906.580261230425,2276.0,2033.0000009151213,2276,0.00019068068156423388,100000,2276,24.0,4000,14603.35172395928,43,3.833385986046498,0.00017828308049738857,2033.0000009151213,1,6.885532293301242,0.0018164000000524538,2546.4350357055773,458.6674030230589,1,0,0,73.55,85.39545454545453,0.0006788351780246083,14603.35172395928,4000,0.0002593117798469172,100000,4000,14603.35172395928,100000,11.224835,25.0,5e-05,0.0034148097,0.74470186,0.0,128.0,0.30000001192092896,138244,2010903.5,10.0,0.01263685,0.11591591,1.0,10.119707,120064,3003904,13410.210084695897,4002.159930956346,4000.0,138244,3753876,0,120064,3003904,93935838,419239.0817099916,13409.395725539052,13408.759325708988,0.272599881877613,0.00026289151724921125,7.577856158347694e-05,2.7682997644328095e-06,2.8256100161260906e-05,4.764440311651094e-05,4.2832769851217516e-05,2.7169210837044502e-05,3.998251790551231e-06,2.957065520377824e-06,1.1335287902651667e-05,5.187918142947668e-05,9.74386162014654e-06,7.554285746886416e-05,0.11684261777609109,0.004949549069211974,0.0005349235289961843,0.09590644503852025,0.053541704124752516,4.4871163790941386e-05
1,104000,False,26,300a5_00000,2025-12-04_15-09-48,1764841188,15.649700403213501,410.08299708366394,15276,LAPTOP-HQRQ0VAR,127.0.0.1,410.08299708366394,26,15.844155006279554,2.5291991105665097e-05,15.843570472871919,6.932605107167579,8.907019647698208,0.0031176139281476516,30906.580261230425,2276.0,1481.0002861578653,2276,0.0002049199208973791,104000,2276,25.0,4000,14984.693467712403,45,3.8387868933333213,0.00019007245378324425,1481.0002861578653,2,6.88761027436823,0.0018164000000524538,2546.4350357055773,452.86796260039404,1,0,0,69.59565217391304,84.7695652173913,0.0007240575819868209,14984.693467712403,4000,0.00027428257654153493,104000,4000,14984.693467712403,104000,12.024076,26.0,5e-05,0.0052271485,0.7916946,0.0,128.0,0.30000001192092896,138244,1846378.2,9.924878,0.007979045,0.041679926,1.0,9.968951,120192,3124096,13453.193427912061,4002.168331646783,4000.0,138244,3758817,0,120192,3124096,97694655,420585.5102757536,13452.399565228121,13451.675991292455,0.27276579805883705,0.0002833223321724853,8.061834427533443e-05,3.1660167002047065e-06,2.9901384729123075e-05,4.976589640795096e-05,4.5299944928480203e-05,2.8290781149434787e-05,4.418505605620034e-06,3.118949645483241e-06,1.1746590327700023e-05,5.458481418461089e-05,9.743423005860223e-06,7.545642889510126e-05,0.11699454959833284,0.004934289578521183,0.0005329962937059955,0.09616805458813611,0.05331227208350496,4.476345215296684e-05
1,108000,False,27,300a5_00000,2025-12-04_15-10-04,1764841204,15.83970332145691,425.92270040512085,15276,LAPTOP-HQRQ0VAR,127.0.0.1,425.92270040512085,27,15.844092896216761,2.5186071195260488e-05,15.843508917143202,6.933975045095904,8.905598836221225,0.003109234788863074,30906.580261230425,2276.0,929.0734477120089,2276,0.0001976522667887036,108000,2276,26.0,4000,15292.947286240598,47,3.8347712446808444,0.00018016366578500203,929.0734477120089,2,6.8889049656245485,0.0018164000000524538,2546.4350357055773,447.139605120381,1,0,0,64.68695652173913,84.9304347826087,0.0007005879313939125,15292.947286240598,4000,0.0002666578130310347,108000,4000,15292.947286240598,108000,9.886113,27.0,5e-05,0.008656323,0.75904214,0.0,128.0,0.30000001192092896,138244,2821913.2,9.923453,0.005959529,0.050702043,1.0,9.975943,120192,3244288,13513.510193524899,4002.1766483303154,4000.0,138244,3758817,0,120192,3244288,101453472,422490.24835205957,13512.859531496902,13512.308912514876,0.27291144507824694,0.0002722835071618621,7.811102513946374e-05,2.853695309335883e-06,2.884657770351989e-05,5.027936605678698e-05,4.381968410166832e-05,2.8090690536759515e-05,4.154439908279752e-06,3.014384995824719e-06,1.1459311403489158e-05,5.3120967994183886e-05,9.845988775296669e-06,7.558786460414068e-05,0.11735282510234818,0.004937101682739011,0.0005332463307662161,0.09616384204225618,0.053098131362668784,4.4986817629401995e-05
1,112000,False,28,300a5_00000,2025-12-04_15-10-19,1764841219,15.284322738647461,441.2070231437683,15276,LAPTOP-HQRQ0VAR,127.0.0.1,441.2070231437683,28,15.838437943254593,2.5089210481211243e-05,15.83785412497177,6.931424153644943,8.902498271859011,0.0031054824409759026,30906.580261230425,2276.0,395.8517144875897,2276,0.00018828464540278863,112000,2276,27.0,4000,15476.813574031905,49,3.831912634693871,0.00017508748234313317,395.8517144875897,2,6.8863168689683025,0.0018164000000524538,2546.4350357055773,441.4941663033556,1,0,0,64.37727272727274,85.28636363636362,0.0006761413106310589,15476.813574031905,4000,0.0002613032687585854,112000,4000,15476.813574031905,112000,7.5408964,28.0,5e-05,0.0045537353,0.7680012,0.0,128.0,0.30000001192092896,138244,2408977.5,10.0,0.009840938,0.023132317,1.0,10.026085,120192,3364480,13578.096829514694,4002.1848818470125,4000.0,138244,3758817,0,120192,3364480,105212289,424529.4871648011,13577.709122724302,13577.240857471485,0.2724271356274602,0.0002574537563262688,7.6023040500867e-05,2.8643772323006667e-06,2.991573113433281e-05,4.793208233603144e-05,4.2069398847584564e-05,2.7296921843897208e-05,4.065133072661705e-06,2.995509483901928e-06,1.092322488046493e-05,5.053206865190744e-05,9.840528886285718e-06,7.57419859569386e-05,0.11730063385132428,0.00494978466591161,0.0005326488674562626,0.09601684462183084,0.05280172704904318,4.488094945314895e-05
1,116000,False,29,300a5_00000,2025-12-04_15-10-36,1764841236,16.90806818008423,458.11509132385254,15276,LAPTOP-HQRQ0VAR,127.0.0.1,458.11509132385254,29,15.84907032582205,2.49783183783194e-05,15.84848668272205,6.935177460108492,8.909382476140419,0.003102415616563238,30906.580261230425,2276.0,2101.000000445221,2276,0.00024795786742766657,116000,2276,28.0,4000,15593.734320220945,50,3.8340725819999943,0.0002384140491136787,2101.000000445221,1,6.890105913278621,0.0018164000000524538,2546.4350357055773,435.9196095854346,1,0,0,77.57916666666667,84.93333333333332,0.0008404864262798662,15593.734320220945,4000,0.00031653055366976464,116000,4000,15593.734320220945,116000,12.14116,29.0,5e-05,0.0023807287,0.72336805,0.0,128.0,0.30000001192092896,138244,2006001.4,9.846092,0.005426085,0.048593193,1.0,9.896313,120064,3484544,13529.086424860498,4002.1830330285425,4000.0,138244,3753876,0,120064,3484544,108966165,423007.2300555288,13528.7918129031,13528.477854839139,0.27217318127118306,0.0003313259716220765,9.315503556430255e-05,3.401134204870475e-06,3.438583558858825e-05,5.9992377980925616e-05,5.253774467681305e-05,3.3866849079329175e-05,5.153044540982046e-06,3.583418352917213e-06,1.3853337100015956e-05,6.626429402147286e-05,9.852123593734532e-06,7.568156609776951e-05,0.11737062351281188,0.00495188281925092,0.00053009637878129,0.09605535917561052,0.052441153778556085,4.474513995907777e-05
1,120000,False,30,300a5_00000,2025-12-04_15-10-52,1764841252,15.447892189025879,473.5629835128784,15276,LAPTOP-HQRQ0VAR,127.0.0.1,473.5629835128784,30,15.845007859563827,2.488553519402613e-05,15.844423693894832,6.935789059507407,8.904709182379015,0.0031017014603949766,30906.580261230425,2276.0,1549.000144477068,2276,0.00019015691825684044,120000,2276,29.0,4000,15652.734150079577,52,3.844070594230765,0.00017496706439889032,1549.000144477068,2,6.890670934145832,0.0018164000000524538,2546.4350357055773,430.39713904485615,1,0,0,67.56363636363636,84.96363636363637,0.000685464873501353,15652.734150079577,4000,0.0002663433538548699,120000,4000,15652.734150079577,120000,4.1231933,30.0,5e-05,-0.0014104843,0.7495278,0.0,128.0,0.30000001192092896,138244,892640.06,9.92226,0.006801939,0.06453451,1.0,9.988836,120192,3604736,13578.769886091264,4002.1912026982573,4000.0,138244,3758817,0,120192,3604736,112724982,424554.33160707523,13578.3813216856,13577.983946420936,0.27458173245847434,0.0002645309670024655,7.633576151054773e-05,2.8019231023559368e-06,2.826027157406415e-05,4.795252735972706e-05,4.3175957711202565e-05,2.7852535457698567e-05,4.037385386187807e-06,3.0110047558224576e-06,1.120743987960231e-05,5.1907860897655684e-05,9.846602361086676e-06,7.560975043676766e-05,0.11746207027768313,0.004942634991060987,0.0005269014149906612,0.09875299658385395,0.05207586324077203,4.458668855909839e-05
1,124000,False,31,300a5_00000,2025-12-04_15-11-07,1764841267,15.13957142829895,488.70255494117737,15276,LAPTOP-HQRQ0VAR,127.0.0.1,488.70255494117737,31,15.838023166968188,2.4761679843475575e-05,15.837439677955887,6.932625317912331,8.900896620555228,0.0030956294457911426,30906.580261230425,2276.0,997.0370827133568,2276,0.00019220407337991333,124000,2276,30.0,4000,15875.373589268434,54,3.8387970537036997,0.00018128097025963316,997.0370827133568,2,6.887531613804375,0.0018164000000524538,2546.4350357055773,424.99564801049723,1,0,0,69.45454545454544,86.03181818181817,0.0006992925543766068,15875.373589268434,4000,0.00026926537183854653,124000,4000,15875.373589268434,124000,4.8982806,31.0,5e-05,0.0008639693,0.6755802,0.0,128.0,0.30000001192092896,138244,3489262.8,10.0,0.011529156,-0.0671831,1.0,9.936275,120192,3724928,13626.007323301465,4002.199290671275,4000.0,138244,3758817,0,120192,3724928,116483799,426015.16992324975,13625.431035152262,13624.83109823415,0.2741566851338908,0.00026654111836423635,7.827159694807478e-05,2.8448326298392232e-06,2.9094733956459306e-05,4.892840148057752e-05,4.404659378198663e-05,2.801254014256226e-05,4.059771640799701e-06,3.0251474055809722e-06,1.1377712049870765e-05,5.2175402468110225e-05,9.845136334843485e-06,7.579565292933954e-05,0.11747107157490494,0.004939122641147915,0.0005238804008414453,0.09864064061801793,0.051761379608364765,4.4477821674816614e-05
1,128000,False,32,300a5_00000,2025-12-04_15-11-23,1764841283,15.392038345336914,504.0945932865143,15276,LAPTOP-HQRQ0VAR,127.0.0.1,504.0945932865143,32,15.833480349298506,2.4632063047698756e-05,15.832897394176326,6.925991435733206,8.902984190349676,0.0030984011513317494,35152.54886627203,2276.0,454.51796462419384,2276,0.00017108136331409337,128000,2276,31.0,4000,16413.545525142126,56,3.8281111303571356,0.000162693920368253,454.51796462419384,2,6.880883174666335,0.0018164000000524538,2546.4350357055773,419.72844951134493,1,0,0,71.31818181818181,85.88636363636364,0.0006192361038352805,16413.545525142126,4000,0.00024090598093183852,128000,4000,16413.545525142126,128000,4.167216,32.0,5e-05,0.00043016672,0.7134388,0.0,128.0,0.15000000596046448,138244,4702123.0,10.0,0.004696557,0.0347332,1.0,10.036141,120192,3845120,13682.42333358388,4002.207297764562,4000.0,138244,3758817,0,120192,3845120,120242616,427795.7650466818,13681.914048185394,13681.476364957734,0.2735052462825517,0.0002364020361556081,6.889143178033194e-05,2.544232503591347e-06,2.570464592947403e-05,4.3506538955331034e-05,3.9458314943168754e-05,2.4828615913137065e-05,4.763475173173468e-06,2.6706044756069878e-06,1.0154381385464759e-05,4.721648668031815e-05,9.876684970029962e-06,7.607069639868863e-05,0.11732059285915564,0.004926750414737673,0.0005207535968349744,0.0985301072118377,0.05138671581228059,4.4493043459180796e-05
1,132000,False,33,300a5_00000,2025-12-04_15-11-39,1764841299,16.672445058822632,520.7670383453369,15276,LAPTOP-HQRQ0VAR,127.0.0.1,520.7670383453369,33,15.841782004805516,2.4575742417878935e-05,15.841198218234561,6.9279092553758765,8.909355561446175,0.0031071461398185112,35152.54886627203,2276.0,2169.0000002162983,2276,0.0002059202398950407,132000,2276,32.0,4000,16538.966408712822,57,3.8289896912280685,0.00018840385242873425,2169.0000002162983,1,6.882715425919672,0.0018164000000524538,2546.4350357055773,414.5370176926535,1,0,0,72.40416666666667,84.59166666666665,0.0007082122168430255,16538.966408712822,4000,0.00027281650493092617,132000,4000,16538.966408712822,132000,12.7673,33.0,5e-05,7.504225e-05,0.7365322,0.0,128.0,0.15000000596046448,138244,2511595.8,9.865061,0.007570124,-0.01690713,1.0,9.84929,120064,3965184,13639.25838634939,4002.2052247869165,4000.0,138244,3753876,0,120064,3965184,123996492,426440.3289986666,13638.751481403699,13638.28921127785,0.27545161581972494,0.0002825399482922326,7.97358105214868e-05,2.8388254721916818e-06,2.8773855180981172e-05,4.859024928781159e-05,4.4286235941520684e-05,2.9292030712179212e-05,4.331990405440583e-06,3.0594845701032425e-06,1.1879303952404664e-05,5.527666355674168e-05,9.887918121188807e-06,7.620598943153007e-05,0.11735866093056158,0.004913639910589844,0.0005176230608658145,0.10080694813971801,0.051036077654157554,4.4389113024523854e-05
1,136000,False,34,300a5_00000,2025-12-04_15-11-56,1764841316,16.490983247756958,537.2580215930939,15276,LAPTOP-HQRQ0VAR,127.0.0.1,537.2580215930939,34,15.848188029757456,2.4536984991926968e-05,15.847603951052216,6.930355200822117,8.913320586831714,0.003104010678417097,35152.54886627203,2276.0,1617.0000729444318,2276,0.00020658300668552267,136000,2276,33.0,4000,16606.0916881238,59,3.8328355796610154,0.00018939612471308997,1617.0000729444318,2,6.885172025660476,0.0018164000000524538,2546.4350357055773,409.4070109122149,1,0,0,73.02608695652175,83.68260869565218,0.0007156127248231523,16606.0916881238,4000,0.0002675914129019564,136000,4000,16606.0916881238,136000,10.081203,34.0,5e-05,0.00014537573,0.7771645,0.0,128.0,0.15000000596046448,138244,1709425.0,9.77617,0.013815301,-0.03750232,1.0,9.74074,120192,4085376,13644.860004832379,4002.2131725390473,4000.0,138244,3758817,0,120192,4085376,127755309,426622.41788904235,13644.408235100678,13643.962194739928,0.2753814116615289,0.00028320298180202285,7.889255045993657e-05,3.003405991395341e-06,2.9324306138207364e-05,4.958441060425669e-05,4.513810917363045e-05,2.8214828521634608e-05,4.277122943473083e-06,3.0353900095955313e-06,1.1956974966599544e-05,5.5688665365044656e-05,9.878038940093276e-06,7.629092953382574e-05,0.11740977332125538,0.004915316511486509,0.0005163248302594162,0.10090651765832248,0.050814993877617655,4.426022189177801e-05
1,140000,False,35,300a5_00000,2025-12-04_15-12-13,1764841333,16.47516393661499,553.7331855297089,15276,LAPTOP-HQRQ0VAR,127.0.0.1,553.7331855297089,35,15.854438925459881,2.446861513917339e-05,15.853854505541692,6.934863169813898,8.915068318963398,0.0031010405716359528,35152.54886627203,2276.0,1065.0187225386915,2276,0.00023588572301074903,140000,2276,34.0,4000,16614.66289232598,61,3.840993565573779,0.00021632265668124778,1065.0187225386915,2,6.889650959403872,0.0018164000000524538,2546.4350357055773,404.3485256393914,1,0,0,71.4375,83.5,0.00081679828299415,16614.66289232598,4000,0.0003023449321521158,140000,4000,16614.66289232598,140000,7.506043,35.0,5e-05,-0.0006492138,0.7133858,0.0,128.0,0.22500000894069672,138244,1828860.5,10.0,0.020918874,0.14192078,1.0,10.145058,120192,4205568,13680.28089691533,4002.221040813657,4000.0,138244,3758817,0,120192,4205568,131514126,427729.50928292866,13679.77222095138,13679.180291885325,0.27487566154491394,0.0003266272182641003,9.098357337211471e-05,3.3856140514964884e-06,3.2777700636187205e-05,5.7794098729399475e-05,5.167432298559495e-05,3.162455644124222e-05,5.0312132217141155e-06,3.876176258004455e-06,1.3421452267518116e-05,6.257523226236588e-05,9.926258551344386e-06,7.643902024039384e-05,0.11740504958804379,0.004919880346367784,0.0005139055819598985,0.10074333348173944,0.05047653693884403,4.4144619670784076e-05
1,144000,False,36,300a5_00000,2025-12-04_15-12-29,1764841349,16.562610626220703,570.2957961559296,15276,LAPTOP-HQRQ0VAR,127.0.0.1,570.2957961559296,36,15.861533124205284,2.4401928988014372e-05,15.860948763486274,6.93808125411576,8.918954450773763,0.0030936591659171202,35152.54886627203,2276.0,517.8054860287135,2276,0.00024970731544321484,144000,2276,35.0,4000,16877.76968771314,63,3.847015644444456,0.00023651662517741178,517.8054860287135,2,6.892628706809833,0.0018164000000524538,2546.4350357055773,399.37972066477585,1,0,0,72.15833333333333,83.76249999999999,0.0008761696918906657,16877.76968771314,4000,0.0003386695023060172,144000,4000,16877.76968771314,144000,3.5979393,36.0,5e-05,0.0011995435,0.71066356,0.0,128.0,0.22500000894069672,138244,3085707.5,10.0,0.008540765,-0.016089723,1.0,9.985832,120192,4325760,13728.38521550477,4002.2288304055205,4000.0,138244,3758817,0,120192,4325760,135272943,429235.0918387935,13728.000350551245,13727.388905418447,0.27659755392946467,0.0003438472551506216,9.802564559991038e-05,3.5821359058502712e-06,3.638941429635168e-05,6.039041656756467e-05,5.478920891178122e-05,3.4826191202409945e-05,5.703602897893616e-06,3.9516189562203126e-06,1.470483660292619e-05,6.820099171161259e-05,9.930995966477862e-06,7.696663003973014e-05,0.11767007909216345,0.004953271542905907,0.0005107995261364172,0.10252364014692544,0.0501235865694594,4.401617347453654e-05
1,148000,False,37,300a5_00000,2025-12-04_15-12-46,1764841366,16.518731355667114,586.8145275115967,15276,LAPTOP-HQRQ0VAR,127.0.0.1,586.8145275115967,37,15.868048442963232,2.4306909700372835e-05,15.86746412785141,6.941779163574602,8.921780927266024,0.003087079574255457,35152.54886627203,2276.0,1194.4169180803963,2276,0.0002235054836725343,148000,2276,36.0,4000,17009.952114398664,65,3.854573963076938,0.00020704489246991197,1194.4169180803963,2,6.896123295741735,0.0018164000000524538,2546.4350357055773,394.49355410214343,1,0,0,72.05416666666667,84.125,0.0007762285673971529,17009.952114398664,4000,0.00029728772875726376,148000,4000,17009.952114398664,148000,4.414564,37.0,5e-05,0.00040751696,0.67180115,0.0,128.0,0.22500000894069672,138244,3609132.2,10.0,0.008497939,-0.09810034,1.0,9.903811,120192,4445952,13715.003690873937,4002.2365421014656,4000.0,138244,3758817,0,120192,4445952,139031760,428807.16543020506,13714.500447629734,13713.796719946738,0.2762996533901716,0.0003074450959120989,8.69642913480817e-05,3.1141860891134398e-06,3.183023517738124e-05,5.335962066079377e-05,4.8886327209102545e-05,3.055496656556011e-05,4.859446547264533e-06,3.458955797574116e-06,1.2873149199692852e-05,6.095704911654366e-05,9.932686007353892e-06,7.69489637401627e-05,0.1178370333012424,0.004950226827474983,0.0005079705308753246,0.10238506674545732,0.04980515470376575,4.387701173982703e-05
1,152000,False,38,300a5_00000,2025-12-04_15-13-03,1764841383,16.447179317474365,603.261706829071,15276,LAPTOP-HQRQ0VAR,127.0.0.1,603.261706829071,38,15.8737573865336,2.4208840602434583e-05,15.873172538572893,6.946027227938859,8.923238308993364,0.003088166778512479,35152.54886627203,2276.0,1685.0000358581624,2276,0.0002339004796888426,152000,2276,37.0,4000,17055.3217197765,66,3.858650510606081,0.00021284482172443352,1685.0000358581624,1,6.900313422784319,0.0018164000000524538,2546.4350357055773,389.69381767759137,1,0,0,70.79565217391303,85.23478260869565,0.0007980467813023465,17055.3217197765,4000,0.00030393757560987265,152000,4000,17055.3217197765,152000,5.203976,38.0,5e-05,-5.698204e-05,0.7959953,0.0,128.0,0.22500000894069672,138244,1735594.2,10.0,0.008121091,-0.05739215,1.0,9.944435,120064,4566016,13723.373984788097,4002.2341766804507,4000.0,138244,3753876,0,120064,4566016,142785636,429074.6644562682,13722.882555383385,13722.234368994272,0.2759676138562713,0.00031615482215912547,8.854145343356543e-05,3.340147371623651e-06,3.27685348496718e-05,5.587670566122817e-05,4.944347963516516e-05,3.1981806681678254e-05,4.997131799918024e-06,3.537766943926067e-06,1.343122387336531e-05,6.229786429873535e-05,9.939359149513839e-06,7.701847410212072e-05,0.11791673996823221,0.004953626559197863,0.0005054628255696273,0.10223481607800264,0.04954367715672857,4.3791241622788077e-05
1,156000,False,39,300a5_00000,2025-12-04_15-13-20,1764841400,17.256916999816895,620.5186238288879,15276,LAPTOP-HQRQ0VAR,127.0.0.1,620.5186238288879,39,15.88751366766826,2.4118752194207486e-05,15.886928592187163,6.951572344659473,8.931447894903426,0.003089487110729498,35152.54886627203,2276.0,1133.0094527455874,2276,0.0002328316070405089,156000,2276,38.0,4000,17222.082234999714,68,3.866861564705904,0.00020960721972026073,1133.0094527455874,2,6.905851609556473,0.0018164000000524538,2546.4350357055773,384.98663139078235,1,0,0,76.82799999999999,86.57199999999999,0.0007869301030378987,17222.082234999714,4000,0.00030034627898679477,156000,4000,17222.082234999714,156000,10.696024,39.0,5e-05,0.0028868318,0.645745,0.0,128.0,0.22500000894069672,138244,3044556.0,9.925758,0.011101111,-0.054620497,1.0,9.873636,120192,4686208,13676.316967906901,4002.2418349136465,4000.0,138244,3758817,0,120192,4686208,146544453,427615.360062925,13675.898260646429,13675.324132678214,0.2755469627177097,0.0003131092427836966,8.719472337735771e-05,3.3038070206623506e-06,3.239041950078341e-05,5.3544334511949154e-05,4.911441492640638e-05,3.283755146946152e-05,4.888029376208038e-06,3.378197828404498e-06,1.3140532799921567e-05,6.278147666748648e-05,9.937965558453396e-06,7.698928936002447e-05,0.11797879156854853,0.004942964293603008,0.0005033721973141784,0.10206497791722233,0.04924403238516081,4.369032920332193e-05
1,160000,False,40,300a5_00000,2025-12-04_15-13-37,1764841417,16.825097799301147,637.3437216281891,15276,LAPTOP-HQRQ0VAR,127.0.0.1,637.3437216281891,40,15.896849528991577,2.4030564673129678e-05,15.89626468926529,6.959643279212878,8.932713227954387,0.003088768239622414,35152.54886627203,2276.0,583.4262220846521,2276,0.0002525543860693037,160000,2276,39.0,4000,17285.882676478795,70,3.8782032842857364,0.0002433206854480036,583.4262220846521,2,6.913875460460911,0.0018164000000524538,2546.4350357055773,380.3361505005283,1,0,0,74.84,86.77599999999998,0.0008449754947569923,17285.882676478795,4000,0.0003259665581474242,160000,4000,17285.882676478795,160000,10.5841,40.0,5e-05,0.0044630766,0.67092544,0.0,128.0,0.22500000894069672,138244,2215277.0,10.0,0.013398565,0.024262,1.0,10.027277,120192,4806400,13621.708213804446,4002.2494165645103,4000.0,138244,3758817,0,120192,4806400,150303270,425918.9131793483,13621.362224685203,13620.88278985454,0.27543117509053167,0.0003352815923171236,9.346073261077298e-05,3.5577021192908283e-06,3.4560043036733046e-05,5.870928563259785e-05,5.330176385505936e-05,3.449961616169407e-05,5.27504577498893e-06,4.1148410766112e-06,1.4169838908374137e-05,6.743889414882933e-05,9.928585901504764e-06,7.697139646725409e-05,0.11809236665286736,0.004939674650666446,0.0005009694753386005,0.1020676381380506,0.04901928806131,4.375942590796482e-05
1,164000,False,41,300a5_00000,2025-12-04_15-13-54,1764841434,16.89929223060608,654.2430138587952,15276,LAPTOP-HQRQ0VAR,127.0.0.1,654.2430138587952,41,15.906795699701663,2.4049259024948662e-05,15.906210027372639,6.965188649420746,8.937110372674844,0.0030906285572294564,35152.54886627203,2276.0,651.7347969278883,2276,0.00021785860698996727,164000,2276,40.0,4000,17598.585334777832,72,3.888673798611134,0.00020016265221241815,651.7347969278883,2,6.919380413856305,0.0018164000000524538,2546.4350357055773,375.78638918163824,1,0,0,72.6375,88.24166666666667,0.0007631886772242657,17598.585334777832,4000,0.0002956884938544278,164000,4000,17598.585334777832,164000,5.432631,41.0,5e-05,0.0009906292,0.6543145,0.0,128.0,0.22500000894069672,138244,3531969.2,9.9223795,0.016500557,0.10423197,1.0,10.030324,120192,4926592,13592.762955532911,4002.2569223988653,4000.0,138244,3758817,0,120192,4926592,154062087,425018.3171937872,13592.459836994538,13592.01068580202,0.2753492893396301,0.0002951723192662806,8.588394930999226e-05,3.1861027113501677e-06,3.2313979162451214e-05,5.331965505738575e-05,4.7624980066331764e-05,3.078029725240941e-05,4.736612119764333e-06,3.3997876581188196e-06,1.2543820645365602e-05,5.9052670296755685e-05,9.94330004197452e-06,7.69986825050031e-05,0.11822663298633894,0.004929219904160825,0.000500028780586651,0.10200347975666824,0.0488786391806975,4.37438316471376e-05
1,168000,False,42,300a5_00000,2025-12-04_15-14-12,1764841452,17.86353898048401,672.1065528392792,15276,LAPTOP-HQRQ0VAR,127.0.0.1,672.1065528392792,42,15.926294156704648,2.3956766433870765e-05,15.925708030098914,6.9774813869265415,8.944314718948096,0.003091109271660795,35152.54886627203,2276.0,1753.0000175489838,2276,0.0002846692203314561,168000,2276,41.0,4000,17680.064376413007,73,3.8958673616438637,0.00027722144699996826,1753.0000175489838,1,6.931598806717742,0.0018164000000524538,2546.4350357055773,371.30581063597646,1,0,0,74.81599999999999,89.62800000000001,0.0009513801622096067,17680.064376413007,4000,0.00036160584512738054,168000,4000,17680.064376413007,168000,6.737873,42.0,5e-05,0.002855301,0.72071785,0.0,128.0,0.22500000894069672,138244,2174372.0,10.0,0.01630438,-0.036077905,1.0,9.96759,120064,5046656,13562.526238019163,4002.2543531748765,4000.0,138244,3753876,0,120064,5046656,157815963,424067.5647965785,13562.200628654498,13561.760998324973,0.27509100744623416,0.0003830983109829457,0.00010812262951762234,3.8736600140446444e-06,3.925306678535022e-05,6.509188851132416e-05,5.897731743263893e-05,3.7908034451206784e-05,6.070364171035123e-06,4.172088517066805e-06,1.6078640436498343e-05,7.928867988769465e-05,9.944867042095583e-06,7.702469568385509e-05,0.11835313765647462,0.00493487170511783,0.0004996194927824947,0.10190018695910098,0.048592812788891965,4.361939333112653e-05
1,172000,False,43,300a5_00000,2025-12-04_15-14-29,1764841469,17.243026733398438,689.3495795726776,15276,LAPTOP-HQRQ0VAR,127.0.0.1,689.3495795726776,43,15.9393939731376,2.3881198772301228e-05,15.938807738797925,6.98698383005728,8.947916682758617,0.0030876971789467224,35152.54886627203,2276.0,1201.0047725578575,2276,0.00023337813290697637,172000,2276,42.0,4000,17819.664080403647,75,3.911251598666692,0.00021264334636235822,1201.0047725578575,2,6.939008310650564,0.0018164000000524538,2546.4350357055773,366.9047133725698,1,0,0,71.31199999999998,90.15999999999998,0.0007811295491411308,17819.664080403647,4000,0.0003007190139595322,172000,4000,17819.664080403647,172000,13.297009,43.0,5e-05,0.004168451,0.63438463,0.0,128.0,0.22500000894069672,138244,3700406.5,10.0,0.011295527,-0.10235361,1.0,9.900188,120192,5166848,13536.569192048782,4002.261809643128,4000.0,138244,3758817,0,120192,5166848,161574780,423264.94729548896,13536.288231675297,13535.92378196192,0.27535693437177194,0.0003157896675285907,8.736626858626696e-05,3.0529336969888706e-06,3.157512672959883e-05,5.277972602449278e-05,4.9193297114761384e-05,3.1764165888351534e-05,4.923259300771187e-06,3.360721667487366e-06,1.3119858716681722e-05,6.657336848017865e-05,9.938418370416643e-06,7.699944872911464e-05,0.1188612212799096,0.004955137988064263,0.0004964672978531974,0.10185360608951127,0.0483813876610036,4.346019939700222e-05
1,176000,False,44,300a5_00000,2025-12-04_15-14-47,1764841487,17.28223967552185,706.6318192481995,15276,LAPTOP-HQRQ0VAR,127.0.0.1,706.6318192481995,44,15.952733236406225,2.3832386785235383e-05,15.95214461940995,6.991988930756708,8.95624687393103,0.0030897972071580104,35152.54886627203,2276.0,650.2249652936001,2276,0.00023077947790451592,176000,2276,43.0,4000,18009.621329171317,77,3.9192163311688546,0.00021588606460626504,650.2249652936001,2,6.943954466544057,0.0018164000000524538,2546.4350357055773,362.5994828634675,1,0,0,71.812,89.912,0.0007939366073716692,18009.621329171317,4000,0.00030181460234074024,176000,4000,18009.621329171317,176000,9.41111,44.0,5e-05,0.0015636086,0.74650043,0.0,128.0,0.22500000894069672,138244,1970636.8,9.84608,0.012486102,0.26833922,1.0,10.117228,120192,5287040,13476.6659030816,4002.2691915466967,4000.0,138244,3758817,0,120192,5287040,165333597,421373.5760007143,13476.15971148466,13475.604647888384,0.2754779820280519,0.00031298133305011894,8.968200561927249e-05,3.240593049057272e-06,3.2607195942419626e-05,5.6046920930177154e-05,4.994835447586536e-05,3.153108238272422e-05,4.884056962821885e-06,3.405671709673627e-06,1.320640521734638e-05,6.272945563412924e-05,9.933034188521513e-06,7.704645424192082e-05,0.11899884706710742,0.004949992608185421,0.0004944596248716335,0.10198330602861524,0.04824363078439513,4.332259739989492e-05
1,180000,False,45,300a5_00000,2025-12-04_15-15-03,1764841503,16.433170080184937,723.0649893283844,15276,LAPTOP-HQRQ0VAR,127.0.0.1,723.0649893283844,45,15.957473773042162,2.3772062917615744e-05,15.956885889215847,6.99967864244914,8.953305045191723,0.0030861232350868177,35152.54886627203,2276.0,411.41001142449085,2276,0.0002265401534052592,180000,2276,44.0,4000,18189.68753389769,79,3.928945250632932,0.00020652692233901973,411.41001142449085,2,6.9516060028786155,0.0018164000000524538,2546.4350357055773,358.37289081258655,1,0,0,69.55833333333334,86.20416666666667,0.0007920408315683471,18189.68753389769,4000,0.0003011748080202226,180000,4000,18189.68753389769,180000,12.186987,45.0,5e-05,0.0021442175,0.5532217,0.0,128.0,0.22500000894069672,138244,4376179.5,9.922254,0.010636322,-0.1532259,1.0,9.77142,120192,5407232,13608.848692170011,4002.27649963123,4000.0,138244,3758817,0,120192,5407232,169092414,425513.82849247416,13608.384356824374,13607.858851689107,0.275390156207768,0.0003111266538007932,8.965460706285142e-05,3.193560936597214e-06,3.223230945619841e-05,5.4853235814445145e-05,5.045336285510546e-05,3.142511314178664e-05,4.948325968598363e-06,3.426396102668973e-06,1.3162757816293887e-05,6.10531286965027e-05,9.953703846333328e-06,7.700698969958868e-05,0.11906118859643387,0.0049378826821058,0.0004980210286221326,0.10198785096833099,0.04809761247655286,4.3276371425942076e-05
1,184000,False,46,300a5_00000,2025-12-04_15-15-17,1764841517,13.596917390823364,736.6619067192078,15276,LAPTOP-HQRQ0VAR,127.0.0.1,736.6619067192078,46,15.93381126531174,2.371334229173932e-05,15.933223431323686,6.98900243802465,8.940324173739805,0.0030814280027337787,35152.54886627203,2276.0,1821.0000085798729,2276,0.0001811579181929854,184000,2276,45.0,4000,18192.532995414735,80,3.9228701487500217,0.00017152217848680014,1821.0000085798729,1,6.940992787849827,0.0018164000000524538,2546.4350357055773,354.3407595633386,1,0,0,55.363157894736844,84.11052631578946,0.0006583930500802138,18192.532995414735,4000,0.00025911751275300385,184000,4000,18192.532995414735,184000,6.0684257,46.0,5e-05,0.000659585,0.7280766,0.0,128.0,0.22500000894069672,138244,1443104.8,10.0,0.015426574,-0.052632943,1.0,9.950838,120064,5527296,13811.511390068616,4002.2737346349177,4000.0,138244,3753876,0,120064,5527296,172846290,431841.1985556498,13811.049044592966,13810.461112752258,0.2766188756456905,0.00025211442538143516,7.540925021821084e-05,2.693525836805626e-06,2.7316374554532373e-05,4.6056236938423004e-05,4.0773453532011125e-05,2.7518712829379917e-05,3.985364809573687e-06,3.0064042006655177e-06,1.0694770381646613e-05,5.0741250595039485e-05,9.940166807880239e-06,7.684391980435719e-05,0.11901617271047074,0.004933440855282587,0.0004955618183371635,0.10362388345864933,0.04774301835178588,4.328960771078399e-05
1,188000,False,47,300a5_00000,2025-12-04_15-15-32,1764841532,15.187072277069092,751.8489789962769,15276,LAPTOP-HQRQ0VAR,127.0.0.1,751.8489789962769,47,15.925961344658624,2.358920886523971e-05,15.92537461401045,6.983570772644404,8.937908038002403,0.0030808667227063434,35152.54886627203,2276.0,1269.0024095971153,2276,0.00032557679485650196,188000,2276,46.0,4000,18279.113619362437,82,3.9105809804878295,0.0005369786048868598,1269.0024095971153,2,6.935402921971328,0.0018164000000524538,2546.4350357055773,350.52120935708047,1,0,0,60.05000000000002,85.02272727272727,0.0014379548343672036,18279.113619362437,4000,0.0003564729737907044,188000,4000,18279.113619362437,188000,8.959781,47.0,5e-05,0.0061246753,0.7261628,0.0,128.0,0.22500000894069672,138244,2172807.8,9.844589,0.015364904,0.07978541,1.0,9.927832,120192,5647488,13974.238326086093,4002.280997288569,4000.0,138244,3758817,0,120192,5647488,176605107,436928.3388061157,13973.757014584287,13973.136337478716,0.277062037889234,0.0009086804409208712,8.931485016353463e-05,3.3680636926749696e-06,3.3873610690258365e-05,7.3943603568714e-05,5.025110757672585e-05,3.4874704166235526e-05,5.117700238460409e-06,3.391007920497918e-06,1.3669150836973787e-05,0.00011248504273597218,9.945765138967903e-06,7.706548060949844e-05,0.11936740398336829,0.004940090446730296,0.0004973972001544951,0.10388213862406623,0.04756819816827139,4.319371163498536e-05
1,192000,False,48,300a5_00000,2025-12-04_15-16-09,1764841569,36.87894344329834,788.7279224395752,15276,LAPTOP-HQRQ0VAR,127.0.0.1,788.7279224395752,48,16.135397714212036,2.3480316775016116e-05,16.134809751870343,7.07609743891796,9.054800878622382,0.0030940270554777496,35152.54886627203,2276.0,717.6184676909901,2276,0.0005731834413643489,192000,2276,47.0,4000,18293.351141157604,84,3.9880500750000167,0.0005467432761680618,717.6184676909901,2,7.027060883751615,0.0018164000000524538,2546.4350357055773,346.59751055424476,1,0,0,65.1566037735849,85.75094339622642,0.002026013236791528,18293.351141157604,4000,0.0007775431386103847,192000,4000,18293.351141157604,192000,4.5182123,48.0,5e-05,0.005481422,0.68401515,0.0,128.0,0.22500000894069672,138244,2000633.8,10.0,0.01455693,0.058064334,1.0,10.061339,120192,5767680,13877.308995569472,4002.2881873156834,4000.0,138244,3758817,0,120192,5767680,180363924,433887.9305015699,13876.629722621095,13875.870281737822,0.2799726795103399,0.000795167404327513,0.00022585497667401203,7.71768361984495e-06,8.286712609602302e-05,0.00013897267793922482,0.00012191780410246967,8.269663459212502e-05,1.2215660049443205e-05,9.55702985525379e-06,3.224539599456614e-05,0.00016047594783549475,1.0041307485380595e-05,7.898782580467605e-05,0.12104131794353376,0.0050608335422617935,0.0004964702281505768,0.10508639223782225,0.047471915186587235,4.3478774521259044e-05
1,196000,False,49,300a5_00000,2025-12-04_15-16-24,1764841584,14.750078916549683,803.4780013561249,15276,LAPTOP-HQRQ0VAR,127.0.0.1,803.4780013561249,49,16.121541557069918,2.3440513609615798e-05,16.120952607351636,7.071914418528779,9.045128591836159,0.0030952217849197147,35152.54886627203,2276.0,323.7411780610607,2276,0.00019350481503456205,196000,2276,48.0,4000,18429.67978925483,86,4.010136529069787,0.00018129922602117012,323.7411780610607,2,7.022986192914101,0.0018164000000524538,2546.4350357055773,342.55325739979924,1,0,0,61.404761904761905,86.5809523809524,0.0006754473427687092,18429.67978925483,4000,0.0002612103565460719,196000,4000,18429.67978925483,196000,13.92632,49.0,5e-05,0.0034353733,0.6911778,0.0,128.0,0.22500000894069672,138244,2788721.0,10.0,0.008370843,0.032878004,1.0,10.034761,120192,5887872,14026.328317885498,4002.2953054425266,4000.0,138244,3758817,0,120192,5887872,184122741,438567.37235094595,14025.878277269054,14025.170848941978,0.2816758427152353,0.0002633177667310065,7.574619727599658e-05,2.6820151849924176e-06,2.8070796915482623e-05,4.680658859284133e-05,4.241216301434952e-05,2.652898417371164e-05,3.946498878694622e-06,2.923717242401757e-06,1.15440192197229e-05,5.216625233081065e-05,1.0041894411067596e-05,7.8865947544488e-05,0.12079368976409996,0.005043131206840451,0.0004955975258682895,0.10730512031544549,0.0472230010347214,4.339098677619354e-05
1,200000,True,50,300a5_00000,2025-12-04_15-16-39,1764841599,14.432557344436646,817.9105587005615,15276,LAPTOP-HQRQ0VAR,127.0.0.1,817.9105587005615,50,16.104620671499216,2.3327108471736217e-05,16.10403255827812,7.065781548343489,9.034350163917802,0.003087484567071591,35152.54886627203,2276.0,1889.000004190305,2276,0.00019903681945927025,200000,2276,49.0,4000,18431.30040135877,87,4.0036490321839295,0.00018364052188805474,1889.000004190305,1,7.01691903198496,0.0018164000000524538,2546.4350357055773,338.72933488483045,1,0,0,66.00476190476189,85.82857142857142,0.0006783531065287298,18431.30040135877,4000,0.00025935030904987357,200000,4000,18431.30040135877,200000,6.7325454,50.0,5e-05,0.0019278526,0.7347492,0.0,128.0,0.22500000894069672,138244,1538316.5,9.922829,0.011960628,0.06455475,1.0,9.990074,120064,6007936,14195.329926216727,4002.2923523881013,4000.0,138244,3753876,0,120064,6007936,187876617,443844.3441262416,14194.867163029377,14194.135582885165,0.2809785162880825,0.00027231252013699324,7.594878087009515e-05,2.6188110494870676e-06,2.7984843828854293e-05,4.598976205910303e-05,4.307623854325765e-05,2.788069174317578e-05,4.619853500142311e-06,2.885991147275289e-06,1.1188407631701113e-05,5.3129363642961276e-05,1.0025475469928073e-05,8.222128806858497e-05,0.1206091668664601,0.005041569894772581,0.0004927715506076395,0.10702855011228862,0.046985505024374756,4.329307690667379e-05
