num_training_step_calls_per_iteration,num_env_steps_sampled_lifetime,done,training_iteration,trial_id,date,timestamp,time_this_iter_s,time_total_s,pid,hostname,node_ip,time_since_restore,iterations_since_restore,timers/training_iteration,timers/restore_env_runners,timers/training_step,timers/env_runner_sampling_timer,timers/learner_update_timer,timers/synch_weights,env_runners/num_episodes_lifetime,env_runners/episode_return_mean,env_runners/episode_len_mean,env_runners/num_env_steps_sampled,env_runners/num_episodes,env_runners/weights_seq_no,env_runners/episode_return_max,env_runners/num_env_steps_sampled_lifetime,env_runners/env_to_module_sum_episodes_length_in,env_runners/episode_len_max,env_runners/episode_len_min,env_runners/env_step_timer,env_runners/sample,env_runners/env_reset_timer,env_runners/episode_return_min,env_runners/env_to_module_sum_episodes_length_out,env_runners/rlmodule_inference_timer,env_runners/episode_duration_sec_mean,env_runners/num_env_steps_sampled_lifetime_throughput,fault_tolerance/num_healthy_workers,fault_tolerance/num_remote_worker_restarts,env_runner_group/actor_manager_num_outstanding_async_reqs,perf/cpu_util_percent,perf/ram_util_percent,env_runners/module_to_env_connector/connector_pipeline_timer,env_runners/env_to_module_connector/connector_pipeline_timer,env_runners/module_episode_return_mean/default_policy,env_runners/num_module_steps_sampled_lifetime/default_policy,env_runners/agent_episode_return_mean/default_agent,env_runners/num_agent_steps_sampled_lifetime/default_agent,env_runners/num_agent_steps_sampled/default_agent,env_runners/num_module_steps_sampled/default_policy,learners/__all_modules__/num_module_steps_trained,learners/__all_modules__/num_module_steps_trained_lifetime,learners/__all_modules__/num_non_trainable_parameters,learners/__all_modules__/num_trainable_parameters,learners/__all_modules__/num_env_steps_trained,learners/__all_modules__/learner_connector_sum_episodes_length_in,learners/__all_modules__/learner_connector_sum_episodes_length_out,learners/__all_modules__/num_env_steps_trained_lifetime,learners/__all_modules__/num_env_steps_trained_lifetime_throughput,learners/__all_modules__/num_module_steps_trained_throughput,learners/__all_modules__/num_module_steps_trained_lifetime_throughput,learners/default_policy/vf_loss_unclipped,learners/default_policy/num_module_steps_trained,learners/default_policy/num_module_steps_trained_lifetime,learners/default_policy/num_trainable_parameters,learners/default_policy/mean_kl_loss,learners/default_policy/curr_kl_coeff,learners/default_policy/curr_entropy_coeff,learners/default_policy/policy_loss,learners/default_policy/diff_num_grad_updates_vs_sampler_policy,learners/default_policy/gradients_default_optimizer_global_norm,learners/default_policy/entropy,learners/default_policy/total_loss,learners/default_policy/default_optimizer_learning_rate,learners/default_policy/vf_loss,learners/default_policy/weights_seq_no,learners/default_policy/vf_explained_var,learners/default_policy/module_train_batch_size_mean,learners/default_policy/num_module_steps_trained_lifetime_throughput,learners/__all_modules__/learner_connector/connector_pipeline_timer,env_runners/module_to_env_connector/timers/connectors/get_actions,env_runners/module_to_env_connector/timers/connectors/un_batch_to_individual_items,env_runners/module_to_env_connector/timers/connectors/remove_single_ts_time_rank_from_batch,env_runners/module_to_env_connector/timers/connectors/normalize_and_clip_actions,env_runners/module_to_env_connector/timers/connectors/tensor_to_numpy,env_runners/module_to_env_connector/timers/connectors/listify_data_for_vector_env,env_runners/env_to_module_connector/timers/connectors/batch_individual_items,env_runners/env_to_module_connector/timers/connectors/add_time_dim_to_batch_and_zero_pad,env_runners/env_to_module_connector/timers/connectors/numpy_to_tensor,env_runners/env_to_module_connector/timers/connectors/add_states_from_episodes_to_batch,env_runners/env_to_module_connector/timers/connectors/add_observations_from_episodes_to_batch,learners/__all_modules__/learner_connector/timers/connectors/general_advantage_estimation,learners/__all_modules__/learner_connector/timers/connectors/batch_individual_items,learners/__all_modules__/learner_connector/timers/connectors/add_columns_from_episodes_to_train_batch,learners/__all_modules__/learner_connector/timers/connectors/add_time_dim_to_batch_and_zero_pad,learners/__all_modules__/learner_connector/timers/connectors/numpy_to_tensor,learners/__all_modules__/learner_connector/timers/connectors/add_one_ts_to_episodes_and_truncate,learners/__all_modules__/learner_connector/timers/connectors/add_states_from_episodes_to_batch,learners/__all_modules__/learner_connector/timers/connectors/add_observations_from_episodes_to_batch
1,4000.0,False,1,d8aab_00000,2025-12-15_09-25-45,1765770945,8.777116775512695,8.777116775512695,25108,LAPTOP-HQRQ0VAR,127.0.0.1,8.777116775512695,1,8.769172500000025,2.160000002504603e-05,8.768621099999962,1.828442300000006,6.935111100000029,0.003682400000002417,13.0,897.4224166546469,256.3076923076923,4000.0,13.0,0.0,3118.838165555657,4000.0,138.4156837132359,285,232,9.672515686719448e-05,1.7714002499999992,0.00032584999999585307,-1614.672929101731,138.4156837132359,0.00022019480942603152,0.4534128769230698,549.2896289313655,4,0,0,32.738461538461536,93.14615384615385,0.0007341839662249377,0.00028199471338105294,897.4224166546469,4000.0,897.4224166546469,4000.0,4000.0,4000.0,120576,120576,0,138756,3784014,4000,4017,3784014,580175.1150449878,18484.792970171187,18485.50854360002,319250.06,120576,120576,138756,0.009707013,0.20000000298023224,0.0,-0.019592993,1.0,13.847937,1.0459781,9.870853,5e-05,9.888505,1.0,-1.680851e-05,128.0,18486.452518895854,0.20725349999997889,0.00028821443943451863,2.9563289815729393e-05,3.0958462494414215e-06,4.688140413058719e-05,8.252878119877058e-05,5.046696771069398e-05,2.9498386593135198e-05,4.195904752559438e-06,5.72105418909697e-05,3.3505919635294535e-06,1.2562546171985515e-05,0.04382269999996424,0.06988289999998187,0.08635470000001533,2.639999996745246e-05,0.0008205000000316431,0.005305200000009336,8.40000001289809e-06,0.00024109999998245257
1,8000.0,False,2,d8aab_00000,2025-12-15_09-25-53,1765770953,8.15575385093689,16.932870626449585,25108,LAPTOP-HQRQ0VAR,127.0.0.1,16.932870626449585,2,8.762948130000025,2.1565000025134396e-05,8.762395214999962,1.824619843000006,6.932704745000028,0.0036836600000026464,28.0,613.6623453766158,258.71,4000.0,15.0,1.0,3118.838165555657,8000.0,136.74139652589903,303,228,7.793935859563612e-05,1.7675064429999987,0.00032584999999585307,-1614.672929101731,136.74139652589903,0.0001662422062434349,0.39962107100000027,545.2942049344026,4,0,0,27.775000000000002,93.9666666666667,0.0006043903014284187,0.00023208704429985517,613.6623453766158,8000.0,613.6623453766158,8000.0,4000.0,4000.0,120576,241152,0,138756,3785898,4000.0,4017.02,7569912,571695.860458722,18214.563725249427,18215.176073802522,219312.9,120576,241152,138756,0.004531736,0.10000000149011612,0.0,0.023764463,1.0,3.4578912,1.0172054,10.024671,5e-05,10.0,2.0,0.0,128.0,18216.192822389676,0.20681630999997877,0.00023080427511453964,2.4865220834883014e-05,2.7779675164303955e-06,3.771334382759135e-05,6.741743900244066e-05,4.167933508575948e-05,2.3365383769459317e-05,3.174883855847316e-06,4.433378149802088e-05,2.6447925091003415e-06,9.812512606226042e-06,0.04354799499996488,0.06983828499998197,0.0862604550000151,2.646599996808163e-05,0.000814332000031186,0.005291872000009334,8.400000012329656e-06,0.0002407789999824672
1,12000.0,False,3,d8aab_00000,2025-12-15_09-26-02,1765770962,8.571465969085693,25.50433659553528,25108,LAPTOP-HQRQ0VAR,127.0.0.1,25.50433659553528,3,8.760937882700023,2.159535002505777e-05,8.760381247849962,1.8243817555700064,6.9309282285500275,0.003680120400002568,44.0,218.78039508721537,261.7,4000.0,16.0,2.0,2870.9261481184003,12000.0,116.52805726725151,293,234,9.334081274598981e-05,1.766779083819999,0.00032584999999585307,-1527.1869089129723,116.52805726725151,0.00020311686557150432,0.3988600930000098,538.2315408065103,4,0,0,33.12500000000001,88.85833333333333,0.0006980945317498405,0.00026399950900330696,218.78039508721537,12000.0,218.78039508721537,12000.0,4000.0,4000.0,120704,361856,0,138756,3790860,4000.0,4017.0498,11360772,573535.2381689508,18272.751529818983,18273.33542264247,232732.45,120704,361856,138756,0.006633022,0.10000000149011612,0.0,0.03754118,1.0,12.098948,1.0438284,9.905939,5e-05,9.867735,3.0,0.0,128.0,18274.33806089579,0.20795669689997892,0.00027745518007890114,2.8407544522640388e-05,3.032723125497677e-06,4.46994440718185e-05,7.633298471254162e-05,4.7316617867041045e-05,2.7660780285589233e-05,3.882179540270461e-06,5.3426445293085946e-05,3.0280803505935883e-06,1.1904925761599177e-05,0.04326185104996529,0.07130817414998226,0.08622924145001534,2.785433996832012e-05,0.0008081096800307988,0.005284806280008979,8.502000011964128e-06,0.00024075020998266152
1,16000.0,False,4,d8aab_00000,2025-12-15_09-26-10,1765770970,7.777158975601196,33.281495571136475,25108,LAPTOP-HQRQ0VAR,127.0.0.1,33.281495571136475,4,8.751010943873023,2.156239652502728e-05,8.750452853371462,1.8205727440143062,6.924810105264527,0.0036755261960023998,60.0,56.914428673125315,255.6,4000.0,16.0,3.0,2870.9261481184003,16000.0,107.35425344560997,293,234,7.55220994539272e-05,1.7629940777317987,0.00032584999999585307,-1747.5600801982619,107.35425344560997,0.00015984435196947155,0.3724119200000013,528.8908621654654,4,0,0,25.190909090909088,88.81818181818181,0.0005776468589685889,0.0002200546040990377,56.914428673125315,16000.0,56.914428673125315,16000.0,4000.0,4000.0,120704,482560,0,138756,3790860,4000.0,4017.0793019999996,15151632,576375.17417047,18362.562341344896,18363.129092504234,176186.8,120704,482560,138756,0.0040100757,0.05000000074505806,0.0,0.048900206,1.0,11.396618,1.0424956,9.98918,5e-05,9.939878,4.0,-3.5762787e-07,128.0,18364.06579208293,0.2075118779309793,0.0002240853288821779,2.346087296461214e-05,2.3528845290310696e-06,3.709047904373327e-05,6.407673164601839e-05,3.993443337020199e-05,2.2862186969442003e-05,3.087842079295183e-06,4.287016584317232e-05,2.4569248885717775e-06,9.690811164264358e-06,0.0429834835394658,0.07125336140848235,0.08613625103551512,2.786579656847317e-05,0.0008025195832306819,0.005274243217208995,8.49898001152377e-06,0.00024049170788286616
1,20000.0,False,5,d8aab_00000,2025-12-15_09-26-21,1765770981,10.621894598007202,43.90339016914368,25108,LAPTOP-HQRQ0VAR,127.0.0.1,43.90339016914368,5,8.769633096434292,2.15757725595399e-05,8.769072451837745,1.8168394335741633,6.947149930211881,0.0036825769340428486,76.0,-26.4452471793332,247.47,4000.0,16.0,4.0,1978.7383020964826,20000.0,117.38105492047009,286,219,7.691825774871439e-05,1.7592442627044809,0.00032584999999585307,-1877.1006877183563,117.38105492047009,0.00016451177540285455,0.3371867329999998,517.944008222593,4,0,0,43.00666666666667,91.53333333333333,0.0005896024712238911,0.00022662741190214924,-26.4452471793332,20000.0,-26.4452471793332,20000.0,4000.0,4000.0,120704,603264,0,138756,3790860,4000.0,4017.1085089799994,18942492,570067.8931679395,18160.972454749215,18161.623875461286,114743.945,120704,603264,138756,0.012768286,0.05000000074505806,0.0,-0.018577958,1.0,21.177935,1.0248559,9.98206,5e-05,10.0,5.0,0.0,128.0,18162.258934349597,0.20704684315166966,0.00022837285078031538,2.4158638233391438e-05,2.4160333470769845e-06,3.727924124404766e-05,6.531584552656704e-05,4.0831505661638215e-05,2.343892514409081e-05,3.1989552275183576e-06,4.375097198245547e-05,2.5631388768661777e-06,1.0188505961768266e-05,0.04271274870407077,0.07119010579439716,0.08602512852515981,2.780913860268269e-05,0.0007963553873984513,0.005264467785036881,8.479990211469271e-06,0.00024047579080403126
1,24000.0,False,6,d8aab_00000,2025-12-15_09-26-35,1765770995,14.292719602584839,58.196109771728516,25108,LAPTOP-HQRQ0VAR,127.0.0.1,58.196109771728516,6,8.824779191469949,2.157101483363915e-05,8.824216555319367,1.8304064482384215,6.988725260909762,0.0036790581647023427,92.0,370.2575764189176,253.29,4000.0,16.0,5.0,1983.2803452311764,24000.0,105.77297187572647,290,219,0.00018304042977115802,1.772346798577436,0.00032584999999585307,-1993.742969992877,105.77297187572647,0.0004023379223152279,0.5788455119999998,505.4198603592098,4,0,0,62.57619047619047,91.13333333333334,0.0013805381620810926,0.0005476864316346752,370.2575764189176,24000.0,370.2575764189176,24000.0,4000.0,4000.0,120704,723968,0,138756,3790860,4000.0,4017.1374238901994,22733352,567321.1104714492,18072.882729503028,18073.570480612012,147236.05,120704,723968,138756,0.02169726,0.07500000298023224,0.0,0.08332484,1.0,8.165729,0.98795396,10.011156,5e-05,9.926746,6.0,0.0,128.0,18074.043939684474,0.208124003720153,0.0005359434606840485,5.638213300355364e-05,5.873935382062188e-06,8.669829664541097e-05,0.0001533384699710845,9.525421769712566e-05,5.7482238331375614e-05,7.75896414611601e-06,0.00010667286556216346,6.166391664278016e-06,2.3605180879397108e-05,0.04252063721702981,0.07181114373645332,0.08666319723990826,2.7885047216671594e-05,0.000790717833524506,0.005280672107186399,8.515190309620043e-06,0.00024181203289643657
1,28000.0,False,7,d8aab_00000,2025-12-15_09-26-44,1765771004,8.994666337966919,67.19077610969543,25108,LAPTOP-HQRQ0VAR,127.0.0.1,67.19077610969543,7,8.826388023555248,2.1544304685166642e-05,8.825823541766173,1.833077647756037,6.987661405300664,0.0036760675830552476,104.0,226.5357733776457,282.89,4000.0,12.0,6.0,1983.2803452311764,28000.0,145.38118318715746,354,229,0.00012960656454779663,1.7746338750916615,0.00032584999999585307,-1993.742969992877,145.38118318715746,0.0002805494124348759,0.705431375999998,491.7398768480346,4,0,0,30.169230769230772,87.75384615384615,0.0009955403873198514,0.00038761175023409094,226.5357733776457,28000.0,226.5357733776457,28000.0,4000.0,4000.0,120576,844544,0,138756,3783072,4000.0,4017.1260496512973,26516424,570027.6372780849,18159.66288514698,18160.3077690911,131719.9,120576,844544,138756,0.0051347087,0.07500000298023224,0.0,-0.015905447,1.0,10.390805,0.9440529,9.942151,5e-05,9.957672,7.0,0.0,128.0,18160.78153731298,0.20834341168295126,0.00038059730002836087,4.0743909461086016e-05,4.133151036932553e-06,6.256935330309723e-05,0.0001106756558933898,7.009639345823209e-05,3.980446386645524e-05,5.363923528469176e-06,7.371449145831693e-05,4.329171070250417e-06,1.674695283338681e-05,0.04228750584486001,0.07194245829908856,0.08698619626750947,2.7925196744608975e-05,0.0007854036551890807,0.00528639838611466,8.524038406627576e-06,0.00024229191256765878
1,32000.0,False,8,d8aab_00000,2025-12-15_09-26-53,1765771013,8.892387390136719,76.08316349983215,25108,LAPTOP-HQRQ0VAR,127.0.0.1,76.08316349983215,8,8.826938543319695,2.1517861638178857e-05,8.826372983348511,1.8316232542784767,6.989665958247658,0.0036730229072244945,116.0,94.64100784285321,319.72,4000.0,12.0,7.0,1808.1170402409643,32000.0,142.24461756263003,410,236,0.00010011679748814964,1.7730073833407445,0.00032584999999585307,-1993.742969992877,142.24461756263003,0.00021016380525663614,0.6129047309999988,477.6662897522986,4,0,0,26.975000000000005,87.57499999999999,0.0007723067365633536,0.0002984082710595586,94.64100784285321,32000.0,94.64100784285321,32000.0,4000.0,4000.0,120576,965120,0,138756,3783072,4000.0,4017.1147891547844,30299496,572560.9289184548,18241.048980454827,18241.552455302466,166011.48,120576,965120,138756,0.02015914,0.11250000447034836,0.0,-0.14547288,1.0,14.276461,0.8096699,9.78296,5e-05,9.926921,8.0,0.0,128.0,18242.28542779367,0.2097823745661216,0.00029791997583489315,3.148752969215912e-05,3.1887394951508645e-06,4.922107159950265e-05,8.458478389132695e-05,5.3555119525735695e-05,3.070615829722451e-05,4.268067665634856e-06,5.7931653881044306e-05,3.325616308497154e-06,1.3102550925022307e-05,0.042017557786411155,0.07354289471609796,0.08709798130483422,2.7890944777112754e-05,0.0007795366186371754,0.005292002402253802,8.549798022508425e-06,0.0002425449934417061
1,36000.0,False,9,d8aab_00000,2025-12-15_09-27-01,1765771021,7.971621990203857,84.05478549003601,25108,LAPTOP-HQRQ0VAR,127.0.0.1,84.05478549003601,9,8.818304262886498,2.1449683021880676e-05,8.817737411515026,1.829129709735692,6.983530308665181,0.0036647136781517748,125.0,-63.73715282406758,360.8,4000.0,9.0,8.0,2618.377774996019,36000.0,227.42709087403748,489,262,0.00010053717099641819,1.7704051625073363,0.00032584999999585307,-2266.8502676086246,227.42709087403748,0.00021316224950493085,0.5857601659999971,463.3962389833085,4,0,0,23.191666666666663,87.625,0.0007824405664297932,0.0003032418373657722,-63.73715282406758,36000.0,-63.73715282406758,36000.0,4000.0,4000.0,120448,1085568,0,138756,3776233,4000.0,4017.073641263237,34075729,574949.6166500823,18318.315603110255,18318.79954012467,160997.94,120448,1085568,138756,0.0043311543,0.05625000223517418,0.0,-0.12259724,1.0,15.120199,0.85300386,9.848778,5e-05,9.970888,9.0,0.0,128.0,18319.48565728627,0.20970579882046073,0.0002962637216321833,3.22827573259917e-05,3.2238481967780187e-06,4.946284094637457e-05,8.609319719181881e-05,5.445947098362816e-05,3.069849314463183e-05,4.1396502117676146e-06,5.687549266880579e-05,3.4205300602086817e-06,1.2774575830191269e-05,0.04175047320854672,0.07357921776893696,0.08726457349178605,2.7887035329215755e-05,0.0007738162524506807,0.005288624378231124,8.54930004263717e-06,0.00024217354350756015
1,40000.0,False,10,d8aab_00000,2025-12-15_09-27-09,1765771029,7.804939031600952,91.85972452163696,25108,LAPTOP-HQRQ0VAR,127.0.0.1,91.85972452163696,10,8.808093661257633,2.1361186192139558e-05,8.807525561399876,1.825431003638335,6.97702178157853,0.003659173541370618,136.0,91.14626007062441,375.48,4000.0,11.0,9.0,2618.377774996019,40000.0,215.35059664508466,489,269,8.315832138494091e-05,1.7664941733822637,0.00032584999999585307,-2266.8502676086246,215.35059664508466,0.0001800237363170987,0.5566792100000038,449.23311957596184,4,0,0,22.154545454545453,87.70909090909089,0.0006421506444286985,0.0002454627808548973,91.14626007062441,40000.0,91.14626007062441,40000.0,4000.0,4000.0,120576,1206144,0,138756,3782130,4000.0,4017.0529048506046,37857859,576879.9571921721,18381.023118352135,18381.311612472422,163257.48,120576,1206144,138756,0.015551587,0.05625000223517418,0.0,0.0797684,1.0,12.668757,0.70908886,9.892528,5e-05,9.811884,10.0,0.0,128.0,18382.139097349027,0.20940783183225642,0.00024783895046589296,2.6411357795623822e-05,2.643476094625403e-06,4.081030671702851e-05,7.131167025337232e-05,4.4320970560923835e-05,2.502657268187991e-05,3.476254369592081e-06,4.7409800161603906e-05,2.8073636559457872e-06,1.0781041464951654e-05,0.041484698476461294,0.0735609845912473,0.08726559175686827,2.7852164975648618e-05,0.000768348089926127,0.005281465134448641,8.538807042021441e-06,0.00024262780807227192
1,44000.0,False,11,d8aab_00000,2025-12-15_09-27-17,1765771037,7.922208070755005,99.78193259239197,25108,LAPTOP-HQRQ0VAR,127.0.0.1,99.78193259239197,11,8.799151154645058,2.1336574330082045e-05,8.798581806785876,1.8225245076019514,6.9709905747627445,0.0036505448059569114,146.0,216.52169900072542,397.32,4000.0,10.0,10.0,2618.377774996019,44000.0,236.32106414358256,573,269,8.044303167293305e-05,1.7633642158984408,0.00032584999999585307,-1890.718171286655,236.32106414358256,0.00017273594597302453,0.5726966600000049,435.2780533225909,4,0,0,22.827272727272728,87.74545454545455,0.0006169014745896178,0.00023580082263113561,216.52169900072542,44000.0,216.52169900072542,44000.0,4000.0,4000.0,120448,1326592,0,138756,3777174,4000.0,4017.0223758020984,41635033,579468.6751070211,18464.318174518732,18464.584832315017,165357.0,120448,1326592,138756,0.009840364,0.05625000223517418,0.0,0.15905398,1.0,4.638937,0.5956315,10.083832,5e-05,9.924224,11.0,0.0,128.0,18465.3738762059,0.20909839051393395,0.00023900721982197002,2.5374574137482675e-05,2.558873490996395e-06,3.8852019589930006e-05,6.81064034973706e-05,4.2034575880878884e-05,2.3874463967382023e-05,3.3188393048959416e-06,4.5344103451658235e-05,2.650813810909079e-06,1.023008308986271e-05,0.041217256491696844,0.07350504074533516,0.08730079183929905,2.780264332622346e-05,0.0007624036090267953,0.005270407483103775,8.525418971874191e-06,0.00024194452999180973
1,48000.0,False,12,d8aab_00000,2025-12-15_09-27-26,1765771046,9.001981258392334,108.7839138507843,25108,LAPTOP-HQRQ0VAR,127.0.0.1,108.7839138507843,12,8.801141092098607,2.125520858633427e-05,8.800570423718018,1.818797094525932,6.976707916015117,0.0036462983578969548,153.0,256.72961411672645,431.8,4000.0,7.0,11.0,2360.6531382021785,48000.0,297.9252308525341,641,269,7.845522321869869e-05,1.7594977564894567,0.00032584999999585307,-1618.6695386119263,297.9252308525341,0.00016683233006014944,0.5991496649999948,421.6183932892519,4,0,0,27.953846153846158,87.76923076923079,0.0006077103011231275,0.00023033838036631596,256.72961411672645,48000.0,256.72961411672645,48000.0,4000.0,4000.0,120448,1447040,0,138756,3774351,4000.0,4016.9621520440774,45409384,579887.6563600592,18479.195789526242,18479.339716364557,104122.39,120448,1447040,138756,0.000641624,0.02812500111758709,0.0,0.029345278,1.0,6.295471,0.59531987,10.029381,5e-05,10.0,12.0,0.0,128.0,18480.450001587033,0.2103347086087942,0.00023456410314585035,2.4736280346454342e-05,2.4997046871112414e-06,3.8054535709925366e-05,6.815569496623243e-05,4.183321070589785e-05,2.3381461704276494e-05,3.162670825023227e-06,4.4307404041314126e-05,2.5747001386223943e-06,1.005302808425267e-05,0.04094869492677961,0.0749746853378816,0.08734733792090622,2.7763616892698865e-05,0.0007568375729365609,0.005268442408272304,8.522164782403166e-06,0.00024118708469212928
1,52000.0,False,13,d8aab_00000,2025-12-15_09-27-36,1765771056,10.037005424499512,118.82091927528381,25108,LAPTOP-HQRQ0VAR,127.0.0.1,118.82091927528381,13,8.813433535177621,2.1169656500605028e-05,8.812861386480838,1.8227715655806727,6.985028185854966,0.0036397673743184707,159.0,434.3648147905081,487.3,4000.0,6.0,12.0,2491.0675570696167,52000.0,357.91685762383156,660,286,0.00013100273216048097,1.7626115414245622,0.00032584999999585307,-1618.6695386119263,357.91685762383156,0.00028029625192468535,0.7253211859999908,408.0901037811643,4,0,0,33.82,88.66666666666667,0.0009976031028782403,0.00038887396571835037,434.3648147905081,52000.0,434.3648147905081,52000.0,4000.0,4000.0,120320,1567360,0,138756,3769400,4000.0,4016.8925305236367,49178784,580086.0967376562,18487.17633030665,18487.284035843382,161923.56,120320,1567360,138756,0.0044344156,0.014062500558793545,0.0,-0.10800358,1.0,0.5115785,0.5936829,9.883866,5e-05,9.991745,13.0,-1.1920929e-07,128.0,18488.387973590277,0.21050124052270608,0.00038287356496248504,4.081215459429526e-05,4.1728114042759315e-06,6.326305100313273e-05,0.00011077635965979043,6.992640278383892e-05,3.946721083185339e-05,5.650909357276095e-06,7.599157858740182e-05,4.387843654396316e-06,1.6759665931369083e-05,0.040708513977512045,0.07511404648450286,0.08762164654169705,2.7962980723590748e-05,0.0007513611972069158,0.005268869984189523,8.530943134682868e-06,0.00024060821384524128
1,56000.0,False,14,d8aab_00000,2025-12-15_09-27-44,1765771064,8.445122718811035,127.26604199409485,25108,LAPTOP-HQRQ0VAR,127.0.0.1,127.26604199409485,14,8.809666767825846,2.1084959935733082e-05,8.809093427616029,1.8239678029248656,6.980067616996417,0.003633007700575036,166.0,498.0900012785652,570.47,4000.0,7.0,13.0,2549.8342399682588,56000.0,236.82993492465675,873,333,0.000135853410940942,1.763196447260316,0.00032584999999585307,-1618.6695386119263,236.82993492465675,0.00029314283760383447,0.932182045999989,394.7808402214891,4,0,0,26.966666666666665,88.68333333333334,0.0010127120458292816,0.0003962508382508837,498.0900012785652,56000.0,498.0900012785652,56000.0,4000.0,4000.0,120448,1687808,0,138756,3774351,4000.0,4016.8336052184004,52953135,582228.94613968,18556.864245479774,18556.95712117797,188167.5,120448,1687808,138756,0.008864364,0.014062500558793545,0.0,-0.03868136,1.0,0.76078725,0.48331434,9.961444,5e-05,10.0,14.0,0.0,128.0,18557.987404913158,0.21077325111747924,0.0003959238341644487,4.07840658764098e-05,4.2880139701460005e-06,6.352114733367913e-05,0.00011319160575966595,7.164258147115016e-05,4.172152438511103e-05,5.6033684792585925e-06,7.920906710541665e-05,4.40043195316474e-06,1.7281349238141494e-05,0.040465606837736916,0.07530492101965836,0.08785182707627986,2.792835091630471e-05,0.0007460395852343146,0.005370662284347206,8.530633703689868e-06,0.00024017413170681227
1,60000.0,False,15,d8aab_00000,2025-12-15_09-27-52,1765771072,7.646873474121094,134.91291546821594,25108,LAPTOP-HQRQ0VAR,127.0.0.1,134.91291546821594,15,8.797968578147588,2.1049110336502353e-05,8.797392751339869,1.8196135368956177,6.972727358826452,0.0036252196235693015,170.0,1068.7504634795937,654.24,4000.0,4.0,14.0,4363.050391372082,60000.0,333.04637086950663,1126,417,7.318146184203585e-05,1.7588011015377132,0.00032584999999585307,-1618.6695386119263,333.04637086950663,0.00015754528183747467,1.0616377419999912,381.9815479466977,4,0,0,22.06363636363636,88.70000000000002,0.0005680452227001225,0.00021632305046809274,1068.7504634795937,60000.0,1068.7504634795937,60000.0,4000.0,4000.0,120320,1808128,0,138756,3767520,4000.0,4016.745269166216,56720655,584139.3102679523,18619.85797103539,18619.916962292566,566380.5,120320,1808128,138756,0.0061526587,0.014062500558793545,0.0,-0.092744425,1.0,3.8820965,0.46870983,9.860761,5e-05,9.953418,15.0,0.0,128.0,18620.93111717589,0.2103698046063048,0.0002207138935439354,2.3176832367821464e-05,2.3602880593459436e-06,3.589344178966243e-05,6.289006907163685e-05,3.917309423007838e-05,2.2100282585173284e-05,3.032290822627939e-06,4.19169889173592e-05,2.5328328189483643e-06,9.636906236609645e-06,0.04020034376935902,0.07523360380946223,0.0878137298055174,2.788406740711678e-05,0.0007403481893812568,0.005352319661504034,8.524327366794573e-06,0.00023899339038973094
1,64000.0,False,16,d8aab_00000,2025-12-15_09-28-07,1765771087,14.82339859008789,149.73631405830383,25108,LAPTOP-HQRQ0VAR,127.0.0.1,149.73631405830383,16,8.858119710366111,2.0960619233284057e-05,8.857543166826469,1.8159771365266606,7.036513351238187,0.003623261427333199,174.0,1566.5276654854274,697.09,4000.0,4.0,15.0,5230.81775833527,64000.0,381.71519024953216,1126,468,8.377199553531955e-05,1.755155335272336,0.00032584999999585307,-1618.6695386119263,381.71519024953216,0.00018286339127780704,1.118514480000001,369.7255490580402,4,0,0,62.855000000000004,88.905,0.0006393191552184198,0.0002484418747378908,1566.5276654854274,64000.0,1566.5276654854274,64000.0,4000.0,4000.0,120320,1928448,0,138756,3767520,4000.0,4016.657816474554,60488175,584309.834409903,18627.545827452854,18627.356038426973,330208.25,120320,1928448,138756,0.0015504981,0.007031250279396772,0.0,0.037701353,1.0,0.33556092,0.43274447,9.960402,5e-05,9.922681,16.0,0.0,128.0,18628.741402142732,0.21157164256024205,0.00024829568912748814,2.6104405124140702e-05,2.6625075927079196e-06,4.0575719935217395e-05,7.085052106451722e-05,4.3940265379293914e-05,2.5585696760822788e-05,3.6834157438699454e-06,4.828549533467533e-05,2.9139700433366624e-06,1.0866407396214315e-05,0.039942221331665625,0.07658948477136758,0.08784538550746179,2.785922673217695e-05,0.0007346487074874621,0.005435041464888911,8.511084092262723e-06,0.0002378214564857143
1,68000.0,False,17,d8aab_00000,2025-12-15_09-28-17,1765771097,9.9353506565094,159.67166471481323,25108,LAPTOP-HQRQ0VAR,127.0.0.1,159.67166471481323,17,8.86880833826245,2.089301304104745e-05,8.868229822158204,1.8189016501613946,7.044276239725805,0.0036186988130606254,179.0,1931.3636625130694,756.98,4000.0,5.0,16.0,5270.94198190253,68000.0,427.21027956964326,1126,512,0.0001265697066040717,1.7577475124196125,0.00032584999999585307,-703.6711206276232,427.21027956964326,0.00026962736022084424,1.2475973649999963,357.41164223918275,4,0,0,33.41333333333334,85.70666666666668,0.000975820457052298,0.0003786296703319295,1931.3636625130694,68000.0,1931.3636625130694,68000.0,4000.0,4000.0,120320,2048768,0,138756,3768460,4000.0,4016.581238309808,64256635,582199.6818821391,18561.258873262963,18561.286798203124,314641.75,120320,2048768,138756,0.0023673866,0.003515625139698386,0.0,0.08208444,1.0,0.29497606,0.43411526,10.082101,5e-05,10.0,17.0,0.0,128.0,18562.36174850955,0.21166614813463955,0.0003680085555954022,4.0392614880558066e-05,4.12610824498677e-06,6.252427595930749e-05,0.00010744571345972976,6.826216180890923e-05,3.8538003963578065e-05,5.2900120233953275e-06,7.210726313419758e-05,4.294632174083203e-06,1.558955819551622e-05,0.0397403151183496,0.07668671592365432,0.08805462565238631,2.7883634465340733e-05,0.0007293842204123332,0.005432685050240399,8.517973251562566e-06,0.00023706224192052123
1,72000.0,False,18,d8aab_00000,2025-12-15_09-28-34,1765771114,17.25697684288025,176.92864155769348,25108,LAPTOP-HQRQ0VAR,127.0.0.1,176.92864155769348,18,8.952605225879825,2.082408291028351e-05,8.952024349936622,1.8326013686597806,7.114366993328548,0.003619660824930928,182.0,2197.579406409739,811.24,4000.0,3.0,17.0,5270.94198190253,72000.0,527.7629728330363,1146,512,0.00020297290148173623,1.7704848537954159,0.00032584999999585307,-703.6711206276232,527.7629728330363,0.0004488610503873012,1.4142607410000005,345.41161076361055,4,0,0,67.65833333333333,88.24166666666667,0.0015414341697147687,0.000619204683012079,2197.579406409739,72000.0,2197.579406409739,72000.0,4000.0,4000.0,120320,2169088,0,138756,3766580,4000.0,4016.4854259267104,68023215,582504.912712054,18572.655060929766,18572.703081420997,642037.7,120320,2169088,138756,0.00320981,0.001757812569849193,0.0,0.0009110143,1.0,0.4423783,0.37758535,9.922703,5e-05,9.921781,18.0,-5.9604645e-07,128.0,18573.66360196359,0.21710232165329219,0.0005924649434225978,6.227596814910123e-05,6.042629693002614e-06,0.00010704675178771752,0.00016663225942965284,0.0001020656193577501,6.605852047771427e-05,8.466014451928593e-06,0.0001245945343006306,6.804424339254781e-06,2.522497782855554e-05,0.03996186596716636,0.0797150907644177,0.09022965539586288,2.802579812042021e-05,0.0007269563782086573,0.005441821199738179,8.599793519648489e-06,0.00023650661950184947
1,76000.0,False,19,d8aab_00000,2025-12-15_09-28-44,1765771124,9.573054552078247,186.50169610977173,25108,LAPTOP-HQRQ0VAR,127.0.0.1,186.50169610977173,19,8.958728439621028,2.075784208127691e-05,8.958145591437257,1.8347081549731825,7.1183797933952615,0.0036161102166824143,186.0,2794.107280309642,911.15,4000.0,4.0,18.0,9946.506312309713,76000.0,413.6016213222456,1452,579,0.00012382230496645714,1.7721671080074624,0.00032584999999585307,-703.6711206276232,413.6016213222456,0.0002670004620915613,1.7224003269999963,333.49414450315913,4,0,0,32.121428571428574,87.12857142857145,0.0009540557966396085,0.00037889523849880385,2794.107280309642,76000.0,2794.107280309642,76000.0,4000.0,4000.0,120320,2289408,0,138756,3767520,4000.0,4016.4005716674433,71790735,582214.2452442847,18564.666672955893,18564.73774048848,790827.25,120320,2289408,138756,0.003207066,0.0008789062849245965,0.0,-0.015169271,1.0,0.3199426,0.3498491,9.984837,5e-05,10.0,19.0,0.0,128.0,18565.534355163443,0.21705181943675864,0.00035819182386634065,3.958615782864749e-05,3.9977481452957885e-06,5.9069968199884964e-05,0.00010599106499037508,6.642716591997342e-05,3.7981862509427704e-05,5.057601846387096e-06,6.953545293614706e-05,4.259203621691951e-06,1.5414514185869652e-05,0.03975059930749482,0.07972522285677384,0.09039208484190386,2.798454014009052e-05,0.0007217308144268671,0.005439250987741315,8.596795584356135e-06,0.00023552555330651992
1,80000.0,False,20,d8aab_00000,2025-12-15_09-28-54,1765771134,9.841661930084229,196.34335803985596,25108,LAPTOP-HQRQ0VAR,127.0.0.1,196.34335803985596,20,8.967499568224818,2.072226366048463e-05,8.966914303522884,1.8370808654234507,7.124778273461309,0.003610812114516226,190.0,3288.1631300473978,962.49,4000.0,4.0,19.0,9946.506312309713,80000.0,448.6659837085266,1452,579,0.00011720508174119728,1.7739027846773874,0.00032584999999585307,-594.2865355393096,448.6659837085266,0.00024889845164134206,1.8349145859999942,322.1429103421085,4,0,0,31.385714285714293,86.62857142857145,0.0009009804499769074,0.00035721943267007694,3288.1631300473978,80000.0,3288.1631300473978,80000.0,4000.0,4000.0,120320,2409728,0,138756,3767520,4000.0,4016.3165659507686,75558255,579442.8492257259,18477.40977612761,18477.563789588145,652537.2,120320,2409728,138756,0.0048324643,0.0004394531424622983,0.0,0.036985174,1.0,0.35813323,0.26981872,10.036989,5e-05,10.0,20.0,0.0,128.0,18478.21536337801,0.21878530524239082,0.0003429047426177213,3.678532583164922e-05,3.899489858352872e-06,5.601969662300789e-05,9.895505112484949e-05,6.315558738108026e-05,3.6539817258164446e-05,4.91028913928435e-06,6.673089475938592e-05,4.08555324234946e-06,1.5516535104094642e-05,0.03963432031442027,0.08140776662820619,0.09054300799348505,2.7958694738957822e-05,0.0007162735062827023,0.005464079477863635,8.590827628310592e-06,0.00023469029777302772
1,84000.0,False,21,d8aab_00000,2025-12-15_09-29-10,1765771150,15.83525037765503,212.178608417511,25108,LAPTOP-HQRQ0VAR,127.0.0.1,212.178608417511,21,9.03603413654257,2.0690041024006383e-05,9.035446768487656,1.8495771987692158,7.180806183726695,0.0036153549933704066,193.0,3375.9483008909133,992.3,4000.0,3.0,20.0,9946.506312309713,84000.0,435.35400417120076,1452,603,0.00022425217911616714,1.7847048615806131,0.00032584999999585307,-594.2865355393096,435.35400417120076,0.00046700089924942294,1.9979754799999967,311.2307099036514,4,0,0,66.66521739130434,83.67391304347825,0.0016092659356519666,0.0006219872266810642,3375.9483008909133,84000.0,3375.9483008909133,84000.0,4000.0,4000.0,120320,2530048,0,138756,3766580,4000.0,4016.223400291261,79324835,575041.5765840878,18338.40263887177,18338.535439776046,417105.06,120320,2530048,138756,0.0040330924,0.00021972657123114914,0.0,-0.060164098,1.0,1.2812108,0.2011761,9.939837,5e-05,10.0,21.0,0.0,128.0,18339.13896274623,0.22579842518996757,0.0006197521233870415,6.767801695087122e-05,7.794047565527892e-06,0.00010080959822118476,0.00019032572711232725,0.00010894322442507031,6.764404358149728e-05,8.987596235797707e-06,0.00012744117104076838,6.794500571180709e-06,2.5544862332627558e-05,0.039641418111275764,0.0833527229619236,0.09543315691354962,2.839510779112476e-05,0.000714267771219247,0.005621157683085129,8.804919352406926e-06,0.00023694839479447116
1,88000.0,False,22,d8aab_00000,2025-12-15_09-29-18,1765771158,8.734362363815308,220.9129707813263,25108,LAPTOP-HQRQ0VAR,127.0.0.1,220.9129707813263,22,9.032868025177144,2.061814061399391e-05,9.03227982180278,1.851748993781523,7.175467848889428,0.0036132864434376163,194.0,3332.869503117922,1008.98,4000.0,1.0,21.0,9946.506312309713,88000.0,843.7975100385095,1452,603,0.00011224802285944108,1.7863442149648063,0.00032584999999585307,-594.2865355393096,843.7975100385095,0.00023720852327372961,2.071706999999992,300.5198786563487,4,0,0,30.075000000000003,81.31666666666668,0.0008674953491333876,0.0003332261606626846,3332.869503117922,88000.0,3332.869503117922,88000.0,4000.0,4000.0,120192,2650240,0,138756,3760695,4000.0,4016.1111662883486,83085530,574792.4309214144,18332.457985993617,18332.54864131625,505581.25,120192,2650240,138756,0.0017599781,0.00010986328561557457,0.0,0.12112661,1.0,0.30098787,0.19169939,10.121126,5e-05,10.0,22.0,0.0,128.0,18333.169570621263,0.2257180309380679,0.0003346945476559459,3.513594177830226e-05,3.7226532924067744e-06,5.4386314195020123e-05,9.551382679831218e-05,5.970808653905768e-05,3.44972542436513e-05,4.531735138447721e-06,6.353660807645572e-05,3.699038231966062e-06,1.4393649734029023e-05,0.03943016793016253,0.08337436273230407,0.09556345034441385,2.8329156713345235e-05,0.0007090960935074215,0.005609228106254344,8.81687015863038e-06,0.00023563591084601782
1,92000.0,False,23,d8aab_00000,2025-12-15_09-29-27,1765771167,8.979624032974243,229.89259481430054,25108,LAPTOP-HQRQ0VAR,127.0.0.1,229.89259481430054,23,9.032209927925374,2.0532959207207416e-05,9.031620812584752,1.8534865168437074,7.173073346400534,0.0036097365790029442,195.0,4013.30647780083,1063.3,4000.0,1.0,22.0,21715.110438942826,92000.0,727.6017294055795,2283,603,0.0001172851469224545,1.7877159730651588,0.00032584999999585307,-594.2865355393096,727.6017294055795,0.00024601727706037173,2.2232730889999903,290.50466318077144,4,0,0,29.984615384615388,81.16153846153846,0.0008986374956143444,0.00035192071123879044,4013.30647780083,92000.0,4013.30647780083,92000.0,4000.0,4000.0,120192,2770432,0,138756,3760695,4000.0,4016.000054625465,86846225,574087.1806709821,18311.750007880568,18311.86920832205,3112469.5,120192,2770432,138756,0.0021787,5.4931642807787284e-05,0.0,-0.12844642,1.0,0.26674396,0.14402951,9.871553,5e-05,10.0,23.0,5.9604645e-08,128.0,18312.387239902415,0.22552189862868655,0.0003424403762531088,3.698297048688958e-05,3.7198624592635666e-06,5.6383508145645636e-05,9.892803046411185e-05,6.280318798129244e-05,3.5607786970966203e-05,4.789548876781961e-06,6.682580033235257e-05,4.042109411837471e-06,1.4636474446434346e-05,0.0392138842508612,0.08334907210498181,0.0956335138409694,2.8272865146661843e-05,0.0007039121325719664,0.005594261825191649,8.809701456498511e-06,0.0002342445517379634
1,96000.0,False,24,d8aab_00000,2025-12-15_09-29-36,1765771176,8.978679656982422,238.87127447128296,25108,LAPTOP-HQRQ0VAR,127.0.0.1,238.87127447128296,24,9.03158634464612,2.045962961525682e-05,9.030995108458905,1.8544399816752695,7.171495991936529,0.0036061022132129216,198.0,6228.928932381,1244.09,4000.0,3.0,23.0,22239.080222130906,96000.0,725.4836942831705,2283,603,0.0001171290787323834,1.788580712834507,0.00032584999999585307,-594.2865355393096,725.4836942831705,0.0002519967320813219,2.640070390999981,281.0945907577407,4,0,0,29.87692307692308,81.05384615384615,0.0009117734343757413,0.0003595398970182269,6228.928932381,96000.0,6228.928932381,96000.0,4000.0,4000.0,120320,2890752,0,138756,3766580,4000.0,4015.9100540792106,90612805,574435.9887439427,18324.177153611985,18324.304664205883,1860922.2,120320,2890752,138756,0.0003336969,2.7465821403893642e-05,0.0,0.012348829,1.0,0.22692458,0.16222875,9.93502,5e-05,9.922672,24.0,-1.1920929e-07,128.0,18324.800796824416,0.22546443264240007,0.0003480617658110248,3.728462483516121e-05,3.8214969606748936e-06,5.734413271673486e-05,0.00010016897725905171,6.287209024190126e-05,3.774331385712099e-05,4.865907102460926e-06,6.801752311145682e-05,3.963586363425503e-06,1.496634295404667e-05,0.038996376408353586,0.08335755938393169,0.09579544870255918,2.8252136494988485e-05,0.0006991030112463008,0.005592153206940012,8.817604441918523e-06,0.00023327610622029797
1,100000.0,False,25,d8aab_00000,2025-12-15_09-29-45,1765771185,8.294494867324829,247.1657693386078,25108,LAPTOP-HQRQ0VAR,127.0.0.1,247.1657693386078,25,9.024081560199658,2.037703331925098e-05,9.023490643374316,1.8534479668585158,7.164992668017163,0.0035985551910801966,198.0,6228.928932381,1244.09,4000.0,0.0,24.0,22239.080222130906,100000.0,901.0355939895514,2283,603,0.00010341866612814053,1.7875774569561622,0.00032584999999585307,-594.2865355393096,901.0355939895514,0.00021631925433655236,2.640070390999981,272.25441170264236,4,0,0,26.383333333333336,81.18333333333334,0.0008022264427872297,0.0003035942797544975,6228.928932381,100000.0,6228.928932381,100000.0,4000.0,4000.0,120192,3010944,0,138756,3759756,4000.0,4015.7909535384183,94372561,576633.4188207096,18396.373375231553,18396.505198799663,1100832.5,120192,3010944,138756,0.0015093631,1.3732910701946821e-05,0.0,0.04767706,1.0,0.1948706,0.1248125,10.047676,5e-05,10.0,25.0,5.9604645e-08,128.0,18396.946825087125,0.22696693031597553,0.0003094192466899035,3.266657237617404e-05,3.302754011582862e-06,5.080848857665504e-05,8.841495139352151e-05,5.556323310938619e-05,3.065181859531295e-05,4.189166109052193e-06,5.832101183838452e-05,3.4096476135016944e-06,1.308524793425014e-05,0.0387566966442701,0.08504280079009251,0.09587709321553423,2.820561512967013e-05,0.0006941009811337047,0.005577188674870547,8.811428397747055e-06,0.00023181134515772248
1,104000.0,False,26,d8aab_00000,2025-12-15_09-29-53,1765771193,8.15483045578003,255.32059979438782,25108,LAPTOP-HQRQ0VAR,127.0.0.1,255.32059979438782,26,9.015313790597663,2.0295262986205195e-05,9.014722132940573,1.8504661991899305,7.159204642336992,0.003596761639169925,202.0,9297.638334919522,1472.1,4000.0,4.0,25.0,22720.53678694283,104000.0,517.071338637533,2283,755,9.170838772379504e-05,1.7842108606366003,0.00032584999999585307,-594.2865355393096,517.071338637533,0.0001927313616148861,3.0435625379999918,264.03412769735496,4,0,0,26.233333333333334,80.96666666666665,0.0007205674057900194,0.0002698258527397849,9297.638334919522,104000.0,9297.638334919522,104000.0,4000.0,4000.0,120320,3131264,0,138756,3767520,4000.0,4015.713044003034,98140081,577208.4958755241,18415.74109520958,18415.85239322869,3797905.0,120320,3131264,138756,0.000502173,6.8664553509734105e-06,0.0,-0.04771456,1.0,0.01898589,0.13595891,9.952286,5e-05,10.0,26.0,-1.1920929e-07,128.0,18416.312741590715,0.22661281201281652,0.00028442611858908376,2.915699379611548e-05,2.8754129916669197e-06,4.482833566534945e-05,7.899712293298001e-05,4.8959150771090725e-05,2.7512342339494917e-05,3.7148329256345343e-06,5.217530414427582e-05,3.0127188697247287e-06,1.1744903524700658e-05,0.038521571677827236,0.0849479157821918,0.09587695928337998,2.8158558978348547e-05,0.0006892399713228004,0.005562354788121483,8.817314114441752e-06,0.00023075223170558137
1,108000.0,False,27,d8aab_00000,2025-12-15_09-30-01,1765771201,8.41126561164856,263.7318654060364,25108,LAPTOP-HQRQ0VAR,127.0.0.1,263.7318654060364,27,9.009209114691686,2.021431035648987e-05,9.008616893611167,1.8504310131980313,7.153137296913622,0.0035926840227784285,202.0,9297.638334919522,1472.1,4000.0,0.0,26.0,22720.53678694283,108000.0,901.0265965681821,2283,755,0.00010130467453704797,1.7838489645302344,0.00032584999999585307,-594.2865355393096,901.0265965681821,0.0002123753792561129,3.0435625379999918,256.3159378895694,4,0,0,29.499999999999996,81.88333333333333,0.0007850731822203994,0.00030296310638174,9297.638334919522,108000.0,9297.638334919522,108000.0,4000.0,4000.0,120192,3251456,0,138756,3759756,4000.0,4015.5959135630037,101899837,576052.9011103334,18380.57741876422,18380.69830946681,749366.4,120192,3251456,138756,0.0016119265,3.4332276754867053e-06,0.0,0.003836006,1.0,0.1743901,0.10004287,10.003836,5e-05,10.0,27.0,0.0,128.0,18381.04028969183,0.22656250189268803,0.0003006037499054184,3.2134259029867455e-05,3.149361470874759e-06,4.9617807659328905e-05,8.698998028050785e-05,5.452861558093272e-05,3.052271397807201e-05,4.151035293064753e-06,5.763208039737939e-05,3.4017836376164613e-06,1.3043541533697825e-05,0.038307960961048285,0.08495867462437008,0.09605015969054632,2.81789733893942e-05,0.0006843925716095252,0.005549093240240635,8.825140973282331e-06,0.00022995770938936675
1,112000.0,False,28,d8aab_00000,2025-12-15_09-30-11,1765771211,9.262856721878052,272.99472212791443,25108,LAPTOP-HQRQ0VAR,127.0.0.1,272.99472212791443,28,9.01165887254477,2.015316725336479e-05,9.011066832675054,1.8542766180660506,7.151746019944485,0.0035863221825504646,205.0,12277.191329905067,1641.64,4000.0,3.0,27.0,29354.255304856037,112000.0,490.6859491265971,2283,765,0.00013567623013882309,1.7876589858849319,0.00032584999999585307,-594.2865355393096,490.6859491265971,0.0002935069286183857,3.3144532399999935,249.0114458636233,4,0,0,35.40769230769231,82.04615384615384,0.0010478177476225023,0.00041175525183089205,12277.191329905067,112000.0,12277.191329905067,112000.0,4000.0,4000.0,120320,3371776,0,138756,3766580,4000.0,4015.509954427374,105666417,577689.1029644284,18433.8446589701,18433.978822306744,5468272.0,120320,3371776,138756,0.000845437,1.7166138377433526e-06,0.0,0.0124555975,1.0,0.20047677,0.09670198,10.012456,5e-05,10.0,28.0,2.3841858e-07,128.0,18434.281908292625,0.2267589968737613,0.0003995205199043802,4.282476845214862e-05,4.367573078396122e-06,6.601412437240682e-05,0.00011676706151431129,7.265515371191963e-05,4.2260814095191824e-05,5.7154955576762716e-06,7.782382116609747e-05,4.680132753712205e-06,1.7439974334339176e-05,0.03811365435143766,0.08511253787812585,0.09629600809364079,2.828618365485919e-05,0.0006796896458933677,0.005546972307837633,8.88588956351438e-06,0.00022918313229560185
1,116000.0,False,29,d8aab_00000,2025-12-15_09-30-19,1765771219,8.31718373298645,281.3119058609009,25108,LAPTOP-HQRQ0VAR,127.0.0.1,281.3119058609009,29,9.004473507819322,2.007963558119009e-05,9.003880785348302,1.8529779468853897,7.14586204774504,0.003581044960724135,206.0,13081.64859997812,1687.52,4000.0,1.0,28.0,29354.255304856037,116000.0,881.5271981825341,2283,765,0.00010436701652105876,1.7859625110260828,0.00032584999999585307,-594.2865355393096,881.5271981825341,0.00022084786166246732,3.3765459739999892,242.10871947974763,4,0,0,26.49166666666667,82.26666666666667,0.0007959297565788866,0.00030858018748981694,13081.64859997812,116000.0,13081.64859997812,116000.0,4000.0,4000.0,120192,3491968,0,138756,3760695,4000.0,4015.4048548831,109427112,579229.3593289226,18484.589607098133,18484.69416765689,937543.75,120192,3491968,138756,0.0008416957,8.583069188716763e-07,0.0,-0.02323836,1.0,0.6220494,0.0725829,9.84774,5e-05,9.870979,29.0,0.0,128.0,18485.094454368977,0.2279792319050234,0.0003087824884836066,3.2368111403691725e-05,3.267568480775445e-06,5.05316516911637e-05,8.788538469137206e-05,5.4573279959328094e-05,3.163119187680851e-05,4.277738053973703e-06,6.036214391943105e-05,3.414756980176122e-06,1.339348913052226e-05,0.037879827807923115,0.08653460249934539,0.09635141201270463,2.8224321818548436e-05,0.0006751017494348822,0.0055327555847586715,8.874030668708011e-06,0.00022784830097238967
1,120000.0,False,30,d8aab_00000,2025-12-15_09-30-27,1765771227,8.225281000137329,289.5371868610382,25108,LAPTOP-HQRQ0VAR,127.0.0.1,289.5371868610382,30,8.996601075741129,1.9995839224969104e-05,8.996006872494819,1.8505377494165365,7.14042732526759,0.0035813125111163,209.0,15611.085810240946,1822.12,4000.0,3.0,29.0,29354.255304856037,120000.0,574.3006256854286,2283,937,9.576491375592202e-05,1.783085969165822,0.00032584999999585307,-594.2865355393096,574.3006256854286,0.00020149939748637775,3.4790246239999942,235.64721373122646,4,0,0,28.966666666666658,82.29999999999998,0.0007438753004855724,0.0002829168617415692,15611.085810240946,120000.0,15611.085810240946,120000.0,4000.0,4000.0,120320,3612288,0,138756,3766580,4000.0,4015.3208063342695,113193692,581450.4303347528,18556.44008657408,18556.54699385318,5711686.5,120320,3612288,138756,0.00062102894,4.2915345943583816e-07,0.0,-0.01883107,1.0,0.1814767,0.054734968,9.981169,5e-05,10.0,30.0,1.7881393e-07,128.0,18556.90925328172,0.22771065458597314,0.00028438568377541737,3.0368641729318622e-05,3.0351581882930142e-06,4.763314181429927e-05,8.238721706492242e-05,5.1438493963046184e-05,2.8783107141901314e-05,3.8769278171790565e-06,5.4432702797333205e-05,3.075547502810138e-06,1.2279511327057104e-05,0.037656531529842815,0.08645446947435227,0.09639757489257827,2.8208078601055608e-05,0.0006705517319403197,0.005529454028911836,8.870290361237893e-06,0.00022689181796205655
1,124000.0,False,31,d8aab_00000,2025-12-15_09-30-35,1765771235,7.984617710113525,297.52180457115173,25108,LAPTOP-HQRQ0VAR,127.0.0.1,297.52180457115173,31,8.986297634983718,1.992288083228508e-05,8.98570276176987,1.8483521119223711,7.132310245014914,0.003578141386005033,210.0,16598.436646325732,1866.61,4000.0,1.0,30.0,29354.255304856037,124000.0,810.9245632336739,2283,937,9.890240649425172e-05,1.780951474474164,0.00032584999999585307,-594.2865355393096,810.9245632336739,0.00021093374935802312,3.505403330999999,229.57404558837348,4,0,0,25.44545454545454,82.29090909090908,0.0007603461357004913,0.0002925829082080981,16598.436646325732,124000.0,16598.436646325732,124000.0,4000.0,4000.0,120192,3732480,0,138756,3760695,4000.0,4015.217598270927,116954387,583492.1495152761,18623.015322308533,18623.095989944373,2049722.1,120192,3732480,138756,0.0005531222,2.1457672971791908e-07,0.0,-0.15731525,1.0,0.014556575,0.039329793,9.842684,5e-05,10.0,31.0,0.0,128.0,18623.45605647214,0.22754888904011333,0.00029381609652090273,3.150893899048029e-05,3.1609919658935997e-06,4.8192443610579994e-05,8.410415277171519e-05,5.344392876412392e-05,3.018341743094987e-05,4.0437085416020815e-06,5.744353508035986e-05,3.287470361633694e-06,1.2751069578817512e-05,0.03744249121454389,0.08642326177960787,0.09649740114365238,2.8199997815262764e-05,0.0006657612146211975,0.005521427488623431,8.873587457847985e-06,0.00022572289978193248
1,128000.0,False,32,d8aab_00000,2025-12-15_09-30-44,1765771244,8.19327425956726,305.715078830719,25108,LAPTOP-HQRQ0VAR,127.0.0.1,305.715078830719,32,8.978272438633882,1.9865652024058464e-05,8.977676535152172,1.845022975803147,7.127612538564765,0.003575985972145578,211.0,17411.855323293585,1917.77,4000.0,1.0,31.0,29354.255304856037,128000.0,784.6261618725898,2283,937,9.247691079552121e-05,1.777463080729422,0.00032584999999585307,-594.2865355393096,784.6261618725898,0.00019816647617012807,3.555445570000003,223.922024656097,4,0,0,26.141666666666666,82.43333333333334,0.0007209043381246605,0.0002754117285624211,17411.855323293585,128000.0,17411.855323293585,128000.0,4000.0,4000.0,120192,3852672,0,138756,3760695,4000.0,4015.115422288218,120715082,584636.9724178152,18660.86000127852,18660.951093174685,3160562.2,120192,3852672,138756,0.00019241497,1.0728836485895954e-07,0.0,-0.19902317,1.0,0.22857642,0.036672983,9.800976,5e-05,10.0,32.0,0.0,128.0,18661.25131564202,0.22724826514971302,0.0002773292032612839,2.9577213331166302e-05,2.959181363474672e-06,4.5657155444270466e-05,7.974184964841224e-05,4.959443169989475e-05,2.8414184463638862e-05,3.831425353375613e-06,5.26383267265583e-05,3.073416642042107e-06,1.1869120253710513e-05,0.03722357930239815,0.08633829516181134,0.09652377113221611,2.813599783724186e-05,0.00066094760247465,0.005507253213737036,8.866851582380355e-06,0.00022451867078497888
1,132000.0,False,33,d8aab_00000,2025-12-15_09-30-52,1765771252,8.148942947387695,313.8640217781067,25108,LAPTOP-HQRQ0VAR,127.0.0.1,313.8640217781067,33,8.969897113247544,1.978499550420208e-05,8.96930040380065,1.8435437610451155,7.120713558179118,0.0035782061124237288,214.0,19651.352019770882,2059.73,4000.0,3.0,32.0,29354.255304856037,132000.0,630.0549446728684,2283,937,0.00010033310107567241,1.775741330422128,0.00032584999999585307,1798.488826702216,630.0549446728684,0.00021127596583985392,3.684421416,218.57464728533733,4,0,0,25.44545454545454,82.48181818181818,0.0007750991475690602,0.00030043375413818795,19651.352019770882,132000.0,19651.352019770882,132000.0,4000.0,4000.0,120320,3972992,0,138756,3766580,4000.0,4015.0342680653357,124481662,586745.5647133159,18728.81536429821,18728.932813558004,3241238.5,120320,3972992,138756,0.00026483575,5.364418242947977e-08,0.0,0.0011288207,1.0,9.390019e-05,0.035535876,10.001128,5e-05,10.0,33.0,1.1920929e-07,128.0,18729.178420037257,0.22841814349821693,0.0002962354102249618,3.188032057975759e-05,3.1673847442298882e-06,4.862638989972134e-05,8.564991809706614e-05,5.374696454131456e-05,3.016833387022084e-05,4.293465435521091e-06,5.689353118381967e-05,3.349475265889518e-06,1.28570533116185e-05,0.03699610050937465,0.08772227921019317,0.09655155942089381,2.8205637858779062e-05,0.0006561871264501237,0.005501212681600245,8.861183066460683e-06,0.00022351048407730288
1,136000.0,False,34,d8aab_00000,2025-12-15_09-31-00,1765771260,8.259100914001465,322.12312269210815,25108,LAPTOP-HQRQ0VAR,127.0.0.1,322.12312269210815,34,8.962725067115068,1.9712145549412895e-05,8.962127456762644,1.8394378654346648,7.117651343597328,0.0035734090512991373,214.0,19651.352019770882,2059.73,4000.0,0.0,33.0,29354.255304856037,136000.0,901.0314742113918,2283,937,8.032555662042683e-05,1.7717048278679064,0.00032584999999585307,1798.488826702216,901.0314742113918,0.00017245472337739965,3.684421416,213.57510298407968,4,0,0,28.066666666666663,82.73333333333333,0.0006212808820594433,0.00023854527444337493,19651.352019770882,136000.0,19651.352019770882,136000.0,4000.0,4000.0,120192,4093184,0,138756,3759756,4000.0,4014.923925384682,128241418,588360.9080047951,18781.852758673387,18781.97869454706,751684.44,120192,4093184,138756,0.00021458455,2.6822091214739885e-08,0.0,0.02738236,1.0,0.27293178,0.045158062,9.951142,5e-05,9.92376,34.0,-1.1920929e-07,128.0,18782.193349693425,0.22784145206323478,0.000237947058059168,2.5425552691363075e-05,2.5363271054028943e-06,3.884735667817015e-05,6.91460527460645e-05,4.3005141801655425e-05,2.4236431114301535e-05,3.3453842958686277e-06,4.5472078840935876e-05,2.6457533585946304e-06,1.0362110217433006e-05,0.036768479504280784,0.08752914841809142,0.09642857482668557,2.8134581480454355e-05,0.000651544255185666,0.005477814554783779,8.84457123606904e-06,0.00022201237923682914
1,140000.0,False,35,d8aab_00000,2025-12-15_09-31-08,1765771268,8.207449197769165,330.3305718898773,25108,LAPTOP-HQRQ0VAR,127.0.0.1,330.3305718898773,35,8.955106845443916,1.9635024093615796e-05,8.954508540195018,1.8384768317803177,7.110997258161355,0.003566353960786839,218.0,23001.168635708844,2239.78,4000.0,4.0,34.0,29354.255304856037,140000.0,471.9728572383872,2283,1086,0.00010640698546576379,1.7703605790892272,0.00032584999999585307,2181.585953762262,471.9728572383872,0.00022665374110881359,3.7986784239999976,208.80818406858833,4,0,0,27.274999999999995,82.99166666666666,0.0008212838951079483,0.0003186149740460159,23001.168635708844,140000.0,23001.168635708844,140000.0,4000.0,4000.0,120320,4213504,0,138756,3767520,4000.0,4014.8546861308355,132008938,589957.1313438006,18833.28025447117,18833.38410991719,5044917.5,120320,4213504,138756,0.00033012134,1.3411045607369942e-08,0.0,0.07739291,1.0,0.49627936,0.043751325,10.028923,5e-05,9.951531,35.0,0.0,128.0,18833.61811117838,0.22765264854260253,0.0003151845128311394,3.3520577771357786e-05,3.3715968407111854e-06,5.145399934878264e-05,9.042318485921547e-05,5.700678167514614e-05,3.2133442803584746e-05,4.395821752870545e-06,6.031535752851667e-05,3.5554184806101356e-06,1.3506280058695395e-05,0.036554109709237996,0.08755027193391021,0.09644971107841868,2.812623566621111e-05,0.0006472018126341212,0.005468791409235813,8.840125523268896e-06,0.00022114425544377585
1,144000.0,False,36,d8aab_00000,2025-12-15_09-31-16,1765771276,7.990333557128906,338.3209054470062,25108,LAPTOP-HQRQ0VAR,127.0.0.1,338.3209054470062,36,8.945379847989479,1.9569673852007836e-05,8.944780494793068,1.8364453204625142,7.103303544579742,0.003561163421179454,218.0,23001.168635708844,2239.78,4000.0,0.0,35.0,29354.255304856037,144000.0,901.0246496104841,2283,1086,9.70279330774883e-05,1.767828302548335,0.00032584999999585307,2181.585953762262,901.0246496104841,0.00020399058578624696,3.7986784239999976,204.3236419402676,4,0,0,25.825000000000003,83.00833333333333,0.0007548234644063608,0.0002932649718373628,23001.168635708844,144000.0,23001.168635708844,144000.0,4000.0,4000.0,120192,4333696,0,138756,3759756,4000.0,4014.7461392695272,135768694,591004.4230976349,18868.098319523197,18868.19677881783,709403.94,120192,4333696,138756,0.00022120282,6.705522803684971e-09,0.0,-0.042663313,1.0,0.5339682,0.042849854,9.914833,5e-05,9.957497,36.0,0.0,128.0,18868.415052719283,0.2272167840571761,0.00028586741330611983,3.118208881696691e-05,3.1300412766670485e-06,4.770217725704234e-05,8.34749805196415e-05,5.226734691924952e-05,2.9937847898991397e-05,4.015018619167121e-06,5.4446912501012475e-05,3.2840579941355137e-06,1.230202656478052e-05,0.03633438061214514,0.08741173121457083,0.09639808096763405,2.8112973309554485e-05,0.0006428437945067627,0.005451194495142691,8.828724267728114e-06,0.00021971581288974862
1,148000.0,False,37,d8aab_00000,2025-12-15_09-31-26,1765771286,9.258105516433716,347.57901096343994,25108,LAPTOP-HQRQ0VAR,127.0.0.1,347.57901096343994,37,8.948430732509584,1.9500977114190293e-05,8.947830734845137,1.8453754072578894,7.097425463133945,0.003557474786967893,221.0,23994.296397301023,2272.73,4000.0,3.0,36.0,29354.255304856037,148000.0,436.0119946062169,2283,1256,9.755250272631607e-05,1.7674317410228517,0.00032584999999585307,2181.585953762262,436.0119946062169,0.00020898866939352096,3.6949712140000064,200.08808453008027,4,0,0,27.284615384615385,84.39999999999999,0.0007526796983605662,0.0002887704646028941,23994.296397301023,148000.0,23994.296397301023,148000.0,4000.0,4000.0,120320,4454016,0,138756,3766580,4000.0,4014.668677876832,139535274,592391.8379532841,18912.723253550073,18912.89121825203,5567921.0,120320,4454016,138756,0.000265486,3.3527614018424856e-09,0.0,-0.046764195,1.0,0.4085329,0.047750797,9.848803,5e-05,9.895567,37.0,0.0,128.0,18912.95066668269,0.2271409512166042,0.0002956845368756283,3.0277934540072734e-05,3.0914153764065907e-06,4.7943056620320084e-05,8.324313127070043e-05,5.183601105736167e-05,3.242845756406653e-05,4.044880635255381e-06,5.689008722492985e-05,3.154526717533664e-06,1.267152284262328e-05,0.036140017806024174,0.08746505590242482,0.09647495515795768,2.8295843576196946e-05,0.0006385043565613094,0.005446358550191127,8.878437024247669e-06,0.00021872665476075707
1,152000.0,False,38,d8aab_00000,2025-12-15_09-31-34,1765771294,8.110987424850464,355.6899983882904,25108,LAPTOP-HQRQ0VAR,127.0.0.1,355.6899983882904,38,8.939977814184488,1.9448967342801036e-05,8.939376814496685,1.842997289185311,7.091354119502604,0.0035507980390975585,222.0,24263.06220285445,2283.0,4000.0,1.0,37.0,29354.255304856037,152000.0,848.5415955611703,2283,2283,9.414895057224015e-05,1.7651156376126225,0.00032584999999585307,20121.799373246093,848.5415955611703,0.0001997514903937051,3.6644881490000136,195.97697365033252,4,0,0,24.227272727272727,84.42727272727274,0.0007291374511150366,0.00027812558801378507,24263.06220285445,152000.0,24263.06220285445,152000.0,4000.0,4000.0,120192,4574208,0,138756,3760695,4000.0,4014.571991098064,143295969,593059.0273953612,18935.298926314223,18935.37314139253,1207810.6,120192,4574208,138756,0.00048187285,1.6763807009212428e-09,0.0,0.035959136,1.0,0.005200595,0.039803687,10.035958,5e-05,10.0,38.0,5.9604645e-08,128.0,18935.55395658403,0.2283991477044389,0.00027951337208323554,3.0415601223712633e-05,3.3137326540374065e-06,4.580918341989748e-05,8.014370203975971e-05,5.034971066627327e-05,2.853570396813986e-05,3.8015706034886905e-06,5.3159094339754186e-05,3.087552107019976e-06,1.2038760746281707e-05,0.03592550562796324,0.0889295523434007,0.09650421560637867,2.828288514089016e-05,0.0006340613129957954,0.005433365964688763,8.907652654389393e-06,0.00021750238821310558
1,156000.0,False,39,d8aab_00000,2025-12-15_09-31-42,1765771302,7.866698503494263,363.55669689178467,25108,LAPTOP-HQRQ0VAR,127.0.0.1,363.55669689178467,39,8.929028583042642,1.9407477669100423e-05,8.928425373351716,1.8396366732934588,7.083771973307579,0.0035434630587071895,223.0,24342.67690966032,2283.0,4000.0,1.0,38.0,29354.255304856037,156000.0,727.2142566598154,2283,2283,9.280853656124466e-05,1.7618871534864953,0.00032584999999585307,20121.799373246093,727.2142566598154,0.00019700900618871355,3.627568535000007,192.12878264038298,4,0,0,24.583333333333332,84.34999999999998,0.0007191040179053499,0.0002748555081981437,24342.67690966032,156000.0,24342.67690966032,156000.0,4000.0,4000.0,120192,4694400,0,138756,3760695,4000.0,4014.4762711870835,147056664,594005.3879265869,18967.250863548787,18967.16197595342,3612232.8,120192,4694400,138756,0.00023221201,8.381903504606214e-10,0.0,-0.03395257,1.0,0.0030502751,0.03757586,9.966046,5e-05,10.0,39.0,5.9604645e-08,128.0,18967.68367422658,0.22809167422739354,0.0002769976019484097,2.9615945597656356e-05,2.9710537478192196e-06,4.551704610224372e-05,8.006704355338314e-05,4.9533897109343404e-05,2.794790893096792e-05,3.8385574873665235e-06,5.293447528000782e-05,3.073364697431092e-06,1.1978853386094717e-05,0.035714056571683556,0.08879736381996615,0.09656084945031519,2.825505628940588e-05,0.0006296636998667299,0.005420927305041261,8.90157612774963e-06,0.00021634136433159763
1,160000.0,False,40,d8aab_00000,2025-12-15_09-31-53,1765771313,10.67028260231018,374.22697949409485,25108,LAPTOP-HQRQ0VAR,127.0.0.1,374.22697949409485,40,8.946354685212215,1.9349402892293425e-05,8.9457496296182,1.8571051645605252,7.083621940574503,0.0035456524281203953,226.0,24618.181391084352,2283.0,4000.0,3.0,39.0,29354.255304856037,160000.0,739.5390553567881,2283,2283,9.006421359846096e-05,1.7585718447016312,0.00032584999999585307,21070.989462038226,739.5390553567881,0.00019202415729323484,3.548208232000006,188.54570197739798,4,0,0,31.280000000000005,88.29333333333332,0.0006998690153899709,0.00027396914591933206,24618.181391084352,160000.0,24618.181391084352,160000.0,4000.0,4000.0,120320,4814720,0,138756,3766580,4000.0,4014.4015084752127,150823244,592945.9385921692,18934.068402147685,18933.870291240244,2791912.2,120320,4814720,138756,0.00033075994,4.190951752303107e-10,0.0,-0.06351727,1.0,0.006311222,0.03901154,9.936482,5e-05,10.0,40.0,0.0,128.0,18934.623995479687,0.2279930794851195,0.00026598136392617683,2.8729849982778195e-05,2.8713165553709813e-06,4.3849895521432664e-05,7.762443486917261e-05,4.856040095176546e-05,2.7447328153480026e-05,3.729626063914338e-06,5.1014456115122e-05,3.03304183191689e-06,1.1565591188723496e-05,0.035550760005967075,0.08879714718176691,0.09662696495581266,2.8361505727007616e-05,0.0006311780628684644,0.0054195040319908174,8.904560366694603e-06,0.0002154899506888345
1,164000.0,False,41,d8aab_00000,2025-12-15_09-32-01,1765771321,8.378919839859009,382.60589933395386,25108,LAPTOP-HQRQ0VAR,127.0.0.1,382.60589933395386,41,8.940593635360091,1.930890886309789e-05,8.939987414322019,1.8566721439149196,7.078295989168758,0.0035406189038386642,226.0,24618.181391084352,2283.0,4000.0,0.0,40.0,29354.255304856037,164000.0,901.0362007770216,2283,2283,0.00010439343387697307,1.758215618504615,0.00032584999999585307,21070.989462038226,901.0362007770216,0.00021853983408113298,3.548208232000006,184.86664524625954,4,0,0,27.48333333333333,87.22500000000001,0.0008089011219979787,0.00031099134502870216,24618.181391084352,164000.0,24618.181391084352,164000.0,4000.0,4000.0,120192,4934912,0,138756,3759756,4000.0,4014.2974933904607,154583000,594597.2279162183,18987.964550212397,18987.775572804094,1925477.8,120192,4934912,138756,0.00033672104,2.0954758761515535e-10,0.0,-0.09122739,1.0,0.006346107,0.028601855,9.908772,5e-05,10.0,41.0,5.7697296e-05,128.0,18988.468578483797,0.22781901169026875,0.00030864982569847,3.363215689827065e-05,3.4141467387643994e-06,5.0902955841353626e-05,9.030015640738173e-05,5.575023412412211e-05,3.148132638695383e-05,4.280349827680403e-06,5.944455366422797e-05,3.461608286666426e-06,1.3423880507510586e-05,0.03535876740590782,0.08872914070994983,0.09673060030625392,2.8367890670142228e-05,0.0006268072822402225,0.005409509991671522,8.90551476280043e-06,0.000214404051181862
1,168000.0,False,42,d8aab_00000,2025-12-15_09-32-09,1765771329,8.075048923492432,390.6809482574463,25108,LAPTOP-HQRQ0VAR,127.0.0.1,390.6809482574463,42,8.931839431006491,1.927181977430042e-05,8.931233041178798,1.8549269714757706,7.071289276277071,0.0035388427148006353,230.0,24541.446262030004,2283.0,4000.0,4.0,41.0,29354.255304856037,168000.0,531.1215389137379,2283,2283,0.00010991804946990529,1.756574531819569,0.00032584999999585307,21528.91319488098,531.1215389137379,0.00023397699450985286,3.4755118240000025,181.4236652248111,4,0,0,23.208333333333332,87.15833333333332,0.0008447609577084058,0.0003248184541984079,24541.446262030004,168000.0,24541.446262030004,168000.0,4000.0,4000.0,120320,5055232,0,138756,3767520,4000.0,4014.234518456556,158350520,595630.4986517008,19021.103940242112,19020.903339428016,4013766.5,120320,5055232,138756,0.00022491913,1.0477379380757768e-10,0.0,-0.00938185,1.0,0.21155675,0.025441336,9.918777,5e-05,9.928158,42.0,0.00035357475,128.0,19021.579446463882,0.22749394357336594,0.00032717495410798376,3.44367599087547e-05,3.5413450424678426e-06,5.36663327339167e-05,9.360812815009144e-05,5.8097123206037545e-05,3.344720157338195e-05,4.6726741436239965e-06,6.3057704987439e-05,3.711270950044089e-06,1.4076035644838276e-05,0.035159892731848184,0.08859779630285043,0.09675290830319146,2.8341211763815124e-05,0.0006227212094173135,0.005399754891754272,8.90245961518267e-06,0.00021359001067009604
1,172000.0,False,43,d8aab_00000,2025-12-15_09-32-17,1765771337,7.943035364151001,398.6239836215973,25108,LAPTOP-HQRQ0VAR,127.0.0.1,398.6239836215973,43,8.921865114696427,1.9200101577047726e-05,8.921258810767009,1.850880001761012,7.0653670205143,0.0035349562876531293,230.0,24541.446262030004,2283.0,4000.0,0.0,42.0,29354.255304856037,172000.0,901.0272031328549,2283,2283,8.94786417932771e-05,1.7528976715013735,0.00032584999999585307,21528.91319488098,901.0272031328549,0.00018992317902865084,3.4755118240000025,178.24896335569483,4,0,0,22.89090909090909,87.79999999999998,0.0006921179672431965,0.0002637851420371279,24541.446262030004,172000.0,24541.446262030004,172000.0,4000.0,4000.0,120192,5175424,0,138756,3759756,4000.0,4014.1321732719903,162110276,596711.9070315858,19056.729669593078,19056.517592405544,820064.0,120192,5175424,138756,0.00016505446,5.238689690378884e-11,0.0,-0.042283215,1.0,0.0017938073,0.019196345,9.957717,5e-05,10.0,43.0,0.0,128.0,19057.20091995438,0.22871885213763243,0.00026530662116128813,2.8098330621101878e-05,2.8786097823374316e-06,4.4026393043243495e-05,7.683836479441772e-05,4.8573181033612726e-05,2.68383034711537e-05,3.687068340324494e-06,5.0833689378207825e-05,2.9829312480366894e-06,1.1526044160930973e-05,0.0349553068045304,0.09005391133982169,0.09675166122016009,2.834779964658166e-05,0.000618476997322795,0.005382740342836693,8.889435019066335e-06,0.00021226011056386124
1,176000.0,False,44,d8aab_00000,2025-12-15_09-32-25,1765771345,7.853407382965088,406.4773910045624,25108,LAPTOP-HQRQ0VAR,127.0.0.1,406.4773910045624,44,8.911117063549463,1.9123100561555336e-05,8.910509868659338,1.847511360743402,7.057988019309157,0.0035310187247761886,233.0,24268.230494275074,2283.0,4000.0,3.0,43.0,27410.715537007083,176000.0,502.44390799662676,2283,2283,8.400676832745455e-05,1.7492848227863598,0.00032584999999585307,21528.91319488098,502.44390799662676,0.00017536184974856732,3.4138183710000045,175.3001289888627,4,0,0,22.345454545454547,87.81818181818181,0.0006528302093814699,0.0002485502507069415,24268.230494275074,176000.0,24268.230494275074,176000.0,4000.0,4000.0,120320,5295744,0,138756,3766580,4000.0,4014.0608515392705,165876856,597779.2972994111,19091.039931346473,19090.851685977446,5335199.0,120320,5295744,138756,0.00012124951,2.619344845189442e-11,0.0,-0.008278486,1.0,1.158085,0.014404082,9.939267,5e-05,9.947546,44.0,-1.1920929e-07,128.0,19091.45914992478,0.22816251961625647,0.0002486248850091671,2.7118991757570477e-05,2.706840735892068e-06,4.108396511694658e-05,7.298529194907895e-05,4.5640641581824184e-05,2.5069124676974128e-05,3.40465054998793e-06,4.695824398507824e-05,2.8953168194933363e-06,1.0753555358005202e-05,0.034750411736485486,0.08984196122642356,0.09663777460795765,2.828832165045979e-05,0.0006142532273488223,0.005365442939409319,8.871540668355353e-06,0.0002111955094585073
1,180000.0,False,45,d8aab_00000,2025-12-15_09-32-33,1765771353,8.0090491771698,414.4864401817322,25108,LAPTOP-HQRQ0VAR,127.0.0.1,414.4864401817322,45,8.90202128891397,1.9055869556536205e-05,8.901413456972744,1.845161394135968,7.051246527116066,0.0035249485375284995,234.0,24256.69749125504,2283.0,4000.0,1.0,44.0,27410.715537007083,180000.0,886.2770171151349,2283,2283,9.565514628790993e-05,1.746864718558496,0.00032584999999585307,21528.91319488098,886.2770171151349,0.00019946194844552465,3.4002214489999982,172.5501384408964,4,0,0,23.475000000000005,87.83333333333331,0.0007294101682250352,0.0002800862516972608,24256.69749125504,180000.0,24256.69749125504,180000.0,4000.0,4000.0,120192,5415936,0,138756,3760695,4000.0,4013.970243023878,169637551,598546.3189015507,19116.233983079113,19116.0645680377,786308.75,120192,5415936,138756,0.00016517658,1.309672422594721e-11,0.0,-0.008735971,1.0,0.00017065255,0.009606055,9.991264,5e-05,10.0,45.0,-1.1920929e-07,128.0,19116.642903337124,0.22788433742009373,0.00027959255481564677,2.999476006057097e-05,3.0411227765526628e-06,4.608835307156184e-05,8.053935970442709e-05,5.0312238761474434e-05,2.860172105786989e-05,3.864234438773333e-06,5.425127134057072e-05,3.1186750973014184e-06,1.2206175476171852e-05,0.03455980861911979,0.0897405616141593,0.09666427286187833,2.846643843358709e-05,0.0006100606950749584,0.005359283510015252,8.872825261444572e-06,0.0002100425543629789
1,184000.0,False,46,d8aab_00000,2025-12-15_09-32-41,1765771361,8.419469833374023,422.9059100151062,25108,LAPTOP-HQRQ0VAR,127.0.0.1,422.9059100151062,46,8.897116388024829,1.8988310860773983e-05,8.896506630403016,1.8454196141946082,7.046082989844906,0.0035203010521537136,237.0,24283.19245184822,2283.0,4000.0,3.0,45.0,27287.696973908074,184000.0,529.8642085978657,2283,2283,0.00010472243889052333,1.7473704336229108,0.00032584999999585307,21528.91319488098,529.8642085978657,0.00022417694798035522,3.412875185000006,169.93214789143326,4,0,0,26.916666666666668,88.325,0.0008072227123407909,0.0003075892343861734,24283.19245184822,184000.0,24283.19245184822,184000.0,4000.0,4000.0,120320,5536256,0,138756,3766580,4000.0,4013.9005405936396,173404131,596396.2569515184,19047.72000949035,19047.550267982744,5450755.5,120320,5536256,138756,5.3857053e-05,6.548362112973605e-12,0.0,-0.11543007,1.0,0.0017515821,0.007508922,9.884569,5e-05,10.0,46.0,0.0,128.0,19048.089429673557,0.22812771604589283,0.00031371839325175044,3.287328857839456e-05,3.3034214052223907e-06,5.093120080735262e-05,8.91073427483491e-05,5.5505076779747834e-05,3.1514784939859086e-05,4.4455596138333315e-06,6.088795385775907e-05,3.459868114623424e-06,1.3854072731176101e-05,0.03442639553292777,0.08975413699801837,0.0969278641332592,2.84737740501056e-05,0.0006063120881244096,0.00546416867491584,8.878097008365425e-06,0.0002096601288191043
1,188000.0,False,47,d8aab_00000,2025-12-15_09-32-50,1765771370,8.516971349716187,431.4228813648224,25108,LAPTOP-HQRQ0VAR,127.0.0.1,431.4228813648224,47,8.893253359144579,1.8930427751150855e-05,8.892641759098986,1.8435838900526624,7.0440601869464565,0.0035132250416326713,238.0,24297.868569522136,2283.0,4000.0,1.0,46.0,27287.696973908074,188000.0,815.6410205828137,2283,2283,0.00010151779217187758,1.7456537992866812,0.00032584999999585307,21528.91319488098,815.6410205828137,0.00021900666739405422,3.4232855750000066,167.45528314166936,4,0,0,27.558333333333334,88.68333333333332,0.0007865956831156078,0.00030630926262244305,24297.868569522136,188000.0,24297.868569522136,188000.0,4000.0,4000.0,120192,5656448,0,138756,3760695,4000.0,4013.811535187703,177164826,598307.1832575342,19109.4460661213,19109.285980061108,1537183.8,120192,5656448,138756,2.671755e-05,3.2741810564868024e-12,0.0,-0.032382872,1.0,0.0006252507,0.009278868,9.967617,5e-05,10.0,47.0,-1.1920929e-07,128.0,19109.783980073567,0.22937906288543453,0.00029942249592330685,3.2313372821128665e-05,3.2889633374693063e-06,4.991680352970698e-05,8.767546117486806e-05,5.4573710442231846e-05,3.1217971117709925e-05,4.2427120375035725e-06,5.770266057772856e-05,3.425178275513374e-06,1.3077581975488048e-05,0.03432566457759879,0.09114820562803795,0.09690351249192707,2.841403630960491e-05,0.0006026299672424973,0.0054528629881666355,8.866316037973677e-06,0.0002086305275303794
1,192000.0,False,48,d8aab_00000,2025-12-15_09-32-58,1765771378,8.015822887420654,439.43870425224304,25108,LAPTOP-HQRQ0VAR,127.0.0.1,439.43870425224304,48,8.884403345553132,1.88671234735486e-05,8.883791176507996,1.8408093471521354,7.037986654076992,0.0035098697912155823,239.0,24345.88471745362,2283.0,4000.0,1.0,47.0,27287.696973908074,192000.0,767.1483781179711,2283,2283,0.0001021833800496815,1.742895288543815,0.00032584999999585307,21528.91319488098,767.1483781179711,0.000219096438634635,3.425406020000015,165.08287916403438,4,0,0,24.681818181818183,88.78181818181817,0.0008011060248293832,0.0003068209400276292,24345.88471745362,192000.0,24345.88471745362,192000.0,4000.0,4000.0,120192,5776640,0,138756,3760695,4000.0,4013.7234198358265,180925521,598303.9725697131,19109.908881164578,19109.786582551136,2332073.8,120192,5776640,138756,9.367774e-05,1.6370905282434012e-12,0.0,0.06909834,1.0,0.09852275,0.008557424,9.926121,5e-05,9.857022,48.0,0.0,128.0,19110.21745672278,0.22910987225657992,0.00030688955659291083,3.284396013409338e-05,3.302316329223389e-06,5.038971777600482e-05,8.929441682125259e-05,5.687221235861418e-05,3.0827665530105427e-05,4.201921204753871e-06,5.9552762699691965e-05,3.4292886950377668e-06,1.3246661172836156e-05,0.03417053593182258,0.09101919757175767,0.09693908336700685,2.8392895945958535e-05,0.0005986956675697927,0.005439405358285525,8.861652878291354e-06,0.00020755922225535513
1,196000.0,False,49,d8aab_00000,2025-12-15_09-33-06,1765771386,8.039784908294678,447.4784891605377,25108,LAPTOP-HQRQ0VAR,127.0.0.1,447.4784891605377,49,8.8758680230976,1.8794452239884484e-05,8.875255065742918,1.8390007846806145,7.031263152536221,0.0035034840933038064,242.0,24312.32935815469,2283.0,4000.0,3.0,48.0,27287.696973908074,196000.0,643.4067797628927,2283,2283,0.00010635030416248492,1.7413192336583765,0.00032584999999585307,22447.700998173215,643.4067797628927,0.0002250128617694729,3.426373815000003,162.8501632101767,4,0,0,24.516666666666666,88.8,0.0008173114046667005,0.00031628621927260207,24312.32935815469,196000.0,24312.32935815469,196000.0,4000.0,4000.0,120320,5896960,0,138756,3766580,4000.0,4013.6561856374683,184692101,598423.8950107046,19114.463890420186,19114.08256452988,3094760.0,120320,5896960,138756,4.584089e-05,8.185452641217006e-13,0.0,-0.011347093,1.0,7.150916e-05,0.011038056,9.988653,5e-05,10.0,49.0,-1.1920929e-07,128.0,19114.83014572262,0.229135785534015,0.0003115557266773405,3.351534662431655e-05,3.403325591854001e-06,5.164198687302963e-05,9.06360220798916e-05,5.684664182326323e-05,3.235685225104835e-05,4.403137086331554e-06,5.988797414388677e-05,3.5543420851410285e-06,1.3613677193888737e-05,0.03404964057250506,0.09103996859603965,0.0970831475333365,2.835196698713599e-05,0.0005948237108938709,0.005428117304702067,8.864036348937625e-06,0.00020668263003352605
1,200000.0,True,50,d8aab_00000,2025-12-15_09-33-14,1765771394,7.887952089309692,455.3664412498474,25108,LAPTOP-HQRQ0VAR,127.0.0.1,455.3664412498474,50,8.865860527866626,1.8727507716839083e-05,8.865246976085489,1.8354133008338087,7.024846571010858,0.003497362252370643,242.0,24312.32935815469,2283.0,4000.0,0.0,49.0,27287.696973908074,200000.0,901.0320506267678,2283,2283,8.405873621137612e-05,1.7377286573217927,0.00032584999999585307,22447.700998173215,901.0320506267678,0.00017689173065644633,3.426373815000003,160.78951574448834,4,0,0,24.318181818181817,88.94545454545454,0.0006524016189696027,0.00024844879314025775,24312.32935815469,200000.0,24312.32935815469,200000.0,4000.0,4000.0,120192,6017152,0,138756,3759756,4000.0,4013.5596237810937,188451857,599421.8805082198,19147.640089509805,19147.1249575475,663003.3,120192,6017152,138756,9.013669e-05,4.092726320608503e-13,0.0,0.09722312,1.0,0.0031216491,0.0149261225,10.097223,5e-05,10.0,50.0,0.0,128.0,19148.20592624008,0.22874754567867503,0.0002478590273213302,2.697664694142932e-05,2.6840543270066063e-06,4.1407763908181474e-05,7.28573683501638e-05,4.4859169234982e-05,2.5161080798839806e-05,3.3963599112923426e-06,4.7286620313355784e-05,2.758894510498893e-06,1.072438207352813e-05,0.03387545716677973,0.09087891891007907,0.09705701705800394,2.8319447316289855e-05,0.0005907104737842782,0.00540933813165568,8.852395986277024e-06,0.00020538380373307077
